sol,attitude,imageid,caption,sample_type,date_taken_mars,credit,date_taken_utc,json_link,link,drive,title,site,date_received,extended_mastAz,extended_mastEl,extended_sclk,extended_scaleFactor,extended_xyz,extended_subframeRect,extended_dimension,image_files_medium,image_files_small,image_files_full_res,image_files_large,camera_filter_name,camera_camera_vector,camera_camera_model_component_list,camera_camera_position,camera_instrument,camera_camera_model_type
16,"(0.7156,0.0208675,-0.000370714,0.698199)",ZR5_0016_0668361542_536FDR_N0030386ZCAM03002_0480LMJ,"NASA's Mars Perseverance rover acquired this image using its Right Mastcam-Z camera. Mastcam-Z is a pair of cameras located high on the rover's mast.  

This image was acquired on Mar. 7, 2021 (Sol 16) at the local mean solar time of 12:42:16.",Full,Sol-00016M12:42:16.428,NASA/JPL-Caltech/ASU,2021-03-07T09:20:39.000,https://mars.nasa.gov/rss/api/?feed=raw_images&category=mars2020&feedtype=json&id=ZR5_0016_0668361542_536FDR_N0030386ZCAM03002_0480LMJ,https://mars.nasa.gov/mars2020/multimedia/raw-images/?id=ZR5_0016_0668361542_536FDR_N0030386ZCAM03002_0480LMJ,386,Mars Perseverance Sol 16: Right Mastcam-Z Camera,3,2021-03-07T12:10:24Z,185.996,-29.5448,668361551.423,1,"(31.2262,8.12755,0.398731)","(1,1,1648,1200)","(1648,1200)",https://mars.nasa.gov/mars2020-raw-images/pub/ods/surface/sol/00016/ids/fdr/browse/zcam/ZR5_0016_0668361542_536FDR_N0030386ZCAM03002_0480LMJ01_800.jpg,https://mars.nasa.gov/mars2020-raw-images/pub/ods/surface/sol/00016/ids/fdr/browse/zcam/ZR5_0016_0668361542_536FDR_N0030386ZCAM03002_0480LMJ01_320.jpg,https://mars.nasa.gov/mars2020-raw-images/pub/ods/surface/sol/00016/ids/fdr/browse/zcam/ZR5_0016_0668361542_536FDR_N0030386ZCAM03002_0480LMJ01.png,https://mars.nasa.gov/mars2020-raw-images/pub/ods/surface/sol/00016/ids/fdr/browse/zcam/ZR5_0016_0668361542_536FDR_N0030386ZCAM03002_0480LMJ01_1200.jpg,ZCAM_R5_978NM,"(-0.865113775412919,-0.09089916060648885,0.493270208092726)","(0.769708,0.434056,-1.96689);(-0.869191,-0.0955925,0.485166);(29.7864,-6642.08,498.658);(2708.82,397.508,6040.39);(-0.866449,-0.0965001,0.489866);(-5.29857e-05,-0.474744,0.782138)","(0.769708,0.434056,-1.96689)",MCZ_RIGHT,CAHVOR
16,"(0.7156,0.0208675,-0.000370714,0.698199)",ZR4_0016_0668361559_545FDR_N0030386ZCAM03002_0480LMJ,"NASA's Mars Perseverance rover acquired this image using its Right Mastcam-Z camera. Mastcam-Z is a pair of cameras located high on the rover's mast.  

This image was acquired on Mar. 7, 2021 (Sol 16) at the local mean solar time of 12:42:32.",Full,Sol-00016M12:42:32.973,NASA/JPL-Caltech/ASU,2021-03-07T09:18:52.000,https://mars.nasa.gov/rss/api/?feed=raw_images&category=mars2020&feedtype=json&id=ZR4_0016_0668361559_545FDR_N0030386ZCAM03002_0480LMJ,https://mars.nasa.gov/mars2020/multimedia/raw-images/?id=ZR4_0016_0668361559_545FDR_N0030386ZCAM03002_0480LMJ,386,Mars Perseverance Sol 16: Right Mastcam-Z Camera,3,2021-03-07T12:10:24Z,185.996,-29.5448,668361568.162,1,"(31.2262,8.12755,0.398731)","(1,1,1648,1200)","(1648,1200)",https://mars.nasa.gov/mars2020-raw-images/pub/ods/surface/sol/00016/ids/fdr/browse/zcam/ZR4_0016_0668361559_545FDR_N0030386ZCAM03002_0480LMJ01_800.jpg,https://mars.nasa.gov/mars2020-raw-images/pub/ods/surface/sol/00016/ids/fdr/browse/zcam/ZR4_0016_0668361559_545FDR_N0030386ZCAM03002_0480LMJ01_320.jpg,https://mars.nasa.gov/mars2020-raw-images/pub/ods/surface/sol/00016/ids/fdr/browse/zcam/ZR4_0016_0668361559_545FDR_N0030386ZCAM03002_0480LMJ01.png,https://mars.nasa.gov/mars2020-raw-images/pub/ods/surface/sol/00016/ids/fdr/browse/zcam/ZR4_0016_0668361559_545FDR_N0030386ZCAM03002_0480LMJ01_1200.jpg,ZCAM_R4_939NM,"(-0.865113775412919,-0.09089916060648885,0.493270208092726)","(0.769708,0.434056,-1.96689);(-0.869191,-0.0955925,0.485166);(29.7864,-6642.08,498.658);(2708.82,397.508,6040.39);(-0.866449,-0.0965001,0.489866);(-5.29857e-05,-0.474744,0.782138)","(0.769708,0.434056,-1.96689)",MCZ_RIGHT,CAHVOR
16,"(0.7156,0.0208675,-0.000370714,0.698199)",ZL6_0016_0668361408_053FDR_N0030386ZCAM03101_0630LUJ,"NASA's Mars Perseverance rover acquired this image using its Left Mastcam-Z camera. Mastcam-Z is a pair of cameras located high on the rover's mast.  

This image was acquired on Mar. 7, 2021 (Sol 16) at the local mean solar time of 12:40:05.",Full,Sol-00016M12:40:05.039,NASA/JPL-Caltech/ASU,2021-03-07T09:18:32.000,https://mars.nasa.gov/rss/api/?feed=raw_images&category=mars2020&feedtype=json&id=ZL6_0016_0668361408_053FDR_N0030386ZCAM03101_0630LUJ,https://mars.nasa.gov/mars2020/multimedia/raw-images/?id=ZL6_0016_0668361408_053FDR_N0030386ZCAM03101_0630LUJ,386,Mars Perseverance Sol 16: Left Mastcam-Z Camera,3,2021-03-07T12:10:24Z,331.003,-32.3991,668361416.201,1,"(31.2262,8.12755,0.398731)","(1,1,1648,1200)","(1648,1200)",https://mars.nasa.gov/mars2020-raw-images/pub/ods/surface/sol/00016/ids/fdr/browse/zcam/ZL6_0016_0668361408_053FDR_N0030386ZCAM03101_0630LUJ01_800.jpg,https://mars.nasa.gov/mars2020-raw-images/pub/ods/surface/sol/00016/ids/fdr/browse/zcam/ZL6_0016_0668361408_053FDR_N0030386ZCAM03101_0630LUJ01_320.jpg,https://mars.nasa.gov/mars2020-raw-images/pub/ods/surface/sol/00016/ids/fdr/browse/zcam/ZL6_0016_0668361408_053FDR_N0030386ZCAM03101_0630LUJ01.png,https://mars.nasa.gov/mars2020-raw-images/pub/ods/surface/sol/00016/ids/fdr/browse/zcam/ZL6_0016_0668361408_053FDR_N0030386ZCAM03101_0630LUJ01_1200.jpg,ZCAM_L6_442NM,"(0.7384994637933576,-0.40923507744632115,0.5358593037024056)","(0.777457,0.431545,-1.97178);(0.748044,-0.404285,0.526307);(4845.62,7140.46,312.694);(-3505.75,2115.78,7566.89);(0.751851,-0.398217,0.525508);(-0.000371109,-0.332914,-2.02135)","(0.777457,0.431545,-1.97178)",MCZ_LEFT,CAHVOR
16,"(0.8129,-0.0120277,0.0123195,0.582148)",NLF_0016_0668374300_362ECM_N0030578NCAM00500_01_295J,"NASA's Mars Perseverance rover acquired this image using its onboard Left Navigation Camera (Navcam). The camera is located high on the rover's mast and aids in driving. 

This image was acquired on Mar. 7, 2021 (Sol 16) at the local mean solar time of 16:09:04.",Full,Sol-00016M16:09:04.781,NASA/JPL-Caltech,2021-03-07T09:18:22.000,https://mars.nasa.gov/rss/api/?feed=raw_images&category=mars2020&feedtype=json&id=NLF_0016_0668374300_362ECM_N0030578NCAM00500_01_295J,https://mars.nasa.gov/mars2020/multimedia/raw-images/?id=NLF_0016_0668374300_362ECM_N0030578NCAM00500_01_295J,578,Mars Perseverance Sol 16: Left Navigation Camera (Navcam),3,2021-03-07T09:36:56Z,216.866,-5.25891,668374300.464,4,"(39.3213,34.1703,-0.00444177)","(1,1441,5120,960)","(1280,240)",https://mars.nasa.gov/mars2020-raw-images/pub/ods/surface/sol/00016/ids/edr/browse/ncam/NLF_0016_0668374300_362ECM_N0030578NCAM00500_01_295J01_800.jpg,https://mars.nasa.gov/mars2020-raw-images/pub/ods/surface/sol/00016/ids/edr/browse/ncam/NLF_0016_0668374300_362ECM_N0030578NCAM00500_01_295J01_320.jpg,https://mars.nasa.gov/mars2020-raw-images/pub/ods/surface/sol/00016/ids/edr/browse/ncam/NLF_0016_0668374300_362ECM_N0030578NCAM00500_01_295J01.png,https://mars.nasa.gov/mars2020-raw-images/pub/ods/surface/sol/00016/ids/edr/browse/ncam/NLF_0016_0668374300_362ECM_N0030578NCAM00500_01_295J01_1200.jpg,UNK,"(-0.796218277759321,-0.5979226237981724,0.09233087301812865)","(0.568352,0.648153,-1.96427);(-0.788668,-0.606733,0.0994615);(-60.611,-979.838,63.0176);(-39.7025,-32.2582,748.287);(-0.78779,-0.607854,0.0995785);(2e-06,0.049535,-0.015973);(-0.003612,0.013016,-0.023961);2.0;0.0","(0.568352,0.648153,-1.96427)",NAVCAM_LEFT,CAHVORE
16,"(0.7156,0.0208675,-0.000370714,0.698199)",ZR1_0016_0668361317_053FDR_N0030386ZCAM03101_0630LUJ,"NASA's Mars Perseverance rover acquired this image using its Right Mastcam-Z camera. Mastcam-Z is a pair of cameras located high on the rover's mast.  

This image was acquired on Mar. 7, 2021 (Sol 16) at the local mean solar time of 12:38:36.",Full,Sol-00016M12:38:36.473,NASA/JPL-Caltech/ASU,2021-03-07T09:18:17.000,https://mars.nasa.gov/rss/api/?feed=raw_images&category=mars2020&feedtype=json&id=ZR1_0016_0668361317_053FDR_N0030386ZCAM03101_0630LUJ,https://mars.nasa.gov/mars2020/multimedia/raw-images/?id=ZR1_0016_0668361317_053FDR_N0030386ZCAM03101_0630LUJ,386,Mars Perseverance Sol 16: Right Mastcam-Z Camera,3,2021-03-07T12:10:24Z,328.24,-32.2125,668361325.215,1,"(31.2262,8.12755,0.398731)","(1,1,1648,1200)","(1648,1200)",https://mars.nasa.gov/mars2020-raw-images/pub/ods/surface/sol/00016/ids/fdr/browse/zcam/ZR1_0016_0668361317_053FDR_N0030386ZCAM03101_0630LUJ01_800.jpg,https://mars.nasa.gov/mars2020-raw-images/pub/ods/surface/sol/00016/ids/fdr/browse/zcam/ZR1_0016_0668361317_053FDR_N0030386ZCAM03101_0630LUJ01_320.jpg,https://mars.nasa.gov/mars2020-raw-images/pub/ods/surface/sol/00016/ids/fdr/browse/zcam/ZR1_0016_0668361317_053FDR_N0030386ZCAM03101_0630LUJ01.png,https://mars.nasa.gov/mars2020-raw-images/pub/ods/surface/sol/00016/ids/fdr/browse/zcam/ZR1_0016_0668361317_053FDR_N0030386ZCAM03101_0630LUJ01_1200.jpg,ZCAM_R1_800NM,"(0.7193815773084947,-0.44528219740082675,0.5331171643335386)","(0.902024,0.641646,-1.96982);(0.726472,-0.441025,0.527022);(5034.57,6979.45,581.507);(-3543.78,1996.38,7574.8);(0.725872,-0.435849,0.532129);(3.70435e-05,-0.349347,-0.198246)","(0.902024,0.641646,-1.96982)",MCZ_RIGHT,CAHVOR
16,"(0.7156,0.0208675,-0.000370714,0.698199)",ZL4_0016_0668361559_545FDR_N0030386ZCAM03002_0480LMJ,"NASA's Mars Perseverance rover acquired this image using its Left Mastcam-Z camera. Mastcam-Z is a pair of cameras located high on the rover's mast.  

This image was acquired on Mar. 7, 2021 (Sol 16) at the local mean solar time of 12:42:30.",Full,Sol-00016M12:42:30.054,NASA/JPL-Caltech/ASU,2021-03-07T09:17:55.000,https://mars.nasa.gov/rss/api/?feed=raw_images&category=mars2020&feedtype=json&id=ZL4_0016_0668361559_545FDR_N0030386ZCAM03002_0480LMJ,https://mars.nasa.gov/mars2020/multimedia/raw-images/?id=ZL4_0016_0668361559_545FDR_N0030386ZCAM03002_0480LMJ,386,Mars Perseverance Sol 16: Left Mastcam-Z Camera,3,2021-03-07T12:10:24Z,188.673,-29.7143,668361565.105,1,"(31.2262,8.12755,0.398731)","(1,1,1648,1200)","(1648,1200)",https://mars.nasa.gov/mars2020-raw-images/pub/ods/surface/sol/00016/ids/fdr/browse/zcam/ZL4_0016_0668361559_545FDR_N0030386ZCAM03002_0480LMJ01_800.jpg,https://mars.nasa.gov/mars2020-raw-images/pub/ods/surface/sol/00016/ids/fdr/browse/zcam/ZL4_0016_0668361559_545FDR_N0030386ZCAM03002_0480LMJ01_320.jpg,https://mars.nasa.gov/mars2020-raw-images/pub/ods/surface/sol/00016/ids/fdr/browse/zcam/ZL4_0016_0668361559_545FDR_N0030386ZCAM03002_0480LMJ01.png,https://mars.nasa.gov/mars2020-raw-images/pub/ods/surface/sol/00016/ids/fdr/browse/zcam/ZL4_0016_0668361559_545FDR_N0030386ZCAM03002_0480LMJ01_1200.jpg,ZCAM_L4_605NM,"(-0.8585172302373576,-0.1309991916458586,0.49576947987316367)","(0.741973,0.676653,-1.96782);(-0.862444,-0.142159,0.485796);(232.179,-6666.1,302.528);(2744.48,296.996,6041.16);(-0.862495,-0.143794,0.485223);(-0.000239634,-0.466106,1.47808)","(0.741973,0.676653,-1.96782)",MCZ_LEFT,CAHVOR
16,"(0.7156,0.0208675,-0.000370714,0.698199)",ZL6_0016_0668361429_542FDR_N0030386ZCAM03002_0480LMJ,"NASA's Mars Perseverance rover acquired this image using its Left Mastcam-Z camera. Mastcam-Z is a pair of cameras located high on the rover's mast.  

This image was acquired on Mar. 7, 2021 (Sol 16) at the local mean solar time of 12:41:51.",Full,Sol-00016M12:41:51.124,NASA/JPL-Caltech/ASU,2021-03-07T09:17:47.000,https://mars.nasa.gov/rss/api/?feed=raw_images&category=mars2020&feedtype=json&id=ZL6_0016_0668361429_542FDR_N0030386ZCAM03002_0480LMJ,https://mars.nasa.gov/mars2020/multimedia/raw-images/?id=ZL6_0016_0668361429_542FDR_N0030386ZCAM03002_0480LMJ,386,Mars Perseverance Sol 16: Left Mastcam-Z Camera,3,2021-03-07T12:10:24Z,188.673,-29.7143,668361525.115,1,"(31.2262,8.12755,0.398731)","(1,1,1648,1200)","(1648,1200)",https://mars.nasa.gov/mars2020-raw-images/pub/ods/surface/sol/00016/ids/fdr/browse/zcam/ZL6_0016_0668361429_542FDR_N0030386ZCAM03002_0480LMJ01_800.jpg,https://mars.nasa.gov/mars2020-raw-images/pub/ods/surface/sol/00016/ids/fdr/browse/zcam/ZL6_0016_0668361429_542FDR_N0030386ZCAM03002_0480LMJ01_320.jpg,https://mars.nasa.gov/mars2020-raw-images/pub/ods/surface/sol/00016/ids/fdr/browse/zcam/ZL6_0016_0668361429_542FDR_N0030386ZCAM03002_0480LMJ01.png,https://mars.nasa.gov/mars2020-raw-images/pub/ods/surface/sol/00016/ids/fdr/browse/zcam/ZL6_0016_0668361429_542FDR_N0030386ZCAM03002_0480LMJ01_1200.jpg,ZCAM_L6_442NM,"(-0.8585172302373576,-0.1309991916458586,0.49576947987316367)","(0.741973,0.676653,-1.96782);(-0.862444,-0.142159,0.485796);(232.179,-6666.1,302.528);(2744.48,296.996,6041.16);(-0.862495,-0.143794,0.485223);(-0.000239634,-0.466106,1.47808)","(0.741973,0.676653,-1.96782)",MCZ_LEFT,CAHVOR
16,"(0.7156,0.0208675,-0.000370714,0.698199)",ZL5_0016_0668361542_536FDR_N0030386ZCAM03002_0480LMJ,"NASA's Mars Perseverance rover acquired this image using its Left Mastcam-Z camera. Mastcam-Z is a pair of cameras located high on the rover's mast.  

This image was acquired on Mar. 7, 2021 (Sol 16) at the local mean solar time of 12:42:13.",Full,Sol-00016M12:42:13.509,NASA/JPL-Caltech/ASU,2021-03-07T09:17:42.000,https://mars.nasa.gov/rss/api/?feed=raw_images&category=mars2020&feedtype=json&id=ZL5_0016_0668361542_536FDR_N0030386ZCAM03002_0480LMJ,https://mars.nasa.gov/mars2020/multimedia/raw-images/?id=ZL5_0016_0668361542_536FDR_N0030386ZCAM03002_0480LMJ,386,Mars Perseverance Sol 16: Left Mastcam-Z Camera,3,2021-03-07T12:10:24Z,188.673,-29.7143,668361548.107,1,"(31.2262,8.12755,0.398731)","(1,1,1648,1200)","(1648,1200)",https://mars.nasa.gov/mars2020-raw-images/pub/ods/surface/sol/00016/ids/fdr/browse/zcam/ZL5_0016_0668361542_536FDR_N0030386ZCAM03002_0480LMJ01_800.jpg,https://mars.nasa.gov/mars2020-raw-images/pub/ods/surface/sol/00016/ids/fdr/browse/zcam/ZL5_0016_0668361542_536FDR_N0030386ZCAM03002_0480LMJ01_320.jpg,https://mars.nasa.gov/mars2020-raw-images/pub/ods/surface/sol/00016/ids/fdr/browse/zcam/ZL5_0016_0668361542_536FDR_N0030386ZCAM03002_0480LMJ01.png,https://mars.nasa.gov/mars2020-raw-images/pub/ods/surface/sol/00016/ids/fdr/browse/zcam/ZL5_0016_0668361542_536FDR_N0030386ZCAM03002_0480LMJ01_1200.jpg,ZCAM_L5_528NM,"(-0.8585172302373576,-0.1309991916458586,0.49576947987316367)","(0.741973,0.676653,-1.96782);(-0.862444,-0.142159,0.485796);(232.179,-6666.1,302.528);(2744.48,296.996,6041.16);(-0.862495,-0.143794,0.485223);(-0.000239634,-0.466106,1.47808)","(0.741973,0.676653,-1.96782)",MCZ_LEFT,CAHVOR
16,"(0.7156,0.0208675,-0.000370714,0.698199)",ZL4_0016_0668361369_053FDR_N0030386ZCAM03101_0630LUJ,"NASA's Mars Perseverance rover acquired this image using its Left Mastcam-Z camera. Mastcam-Z is a pair of cameras located high on the rover's mast.  

This image was acquired on Mar. 7, 2021 (Sol 16) at the local mean solar time of 12:39:25.",Full,Sol-00016M12:39:25.135,NASA/JPL-Caltech/ASU,2021-03-07T09:17:41.000,https://mars.nasa.gov/rss/api/?feed=raw_images&category=mars2020&feedtype=json&id=ZL4_0016_0668361369_053FDR_N0030386ZCAM03101_0630LUJ,https://mars.nasa.gov/mars2020/multimedia/raw-images/?id=ZL4_0016_0668361369_053FDR_N0030386ZCAM03101_0630LUJ,386,Mars Perseverance Sol 16: Left Mastcam-Z Camera,3,2021-03-07T12:10:24Z,331.003,-32.3991,668361375.077,1,"(31.2262,8.12755,0.398731)","(1,1,1648,1200)","(1648,1200)",https://mars.nasa.gov/mars2020-raw-images/pub/ods/surface/sol/00016/ids/fdr/browse/zcam/ZL4_0016_0668361369_053FDR_N0030386ZCAM03101_0630LUJ01_800.jpg,https://mars.nasa.gov/mars2020-raw-images/pub/ods/surface/sol/00016/ids/fdr/browse/zcam/ZL4_0016_0668361369_053FDR_N0030386ZCAM03101_0630LUJ01_320.jpg,https://mars.nasa.gov/mars2020-raw-images/pub/ods/surface/sol/00016/ids/fdr/browse/zcam/ZL4_0016_0668361369_053FDR_N0030386ZCAM03101_0630LUJ01.png,https://mars.nasa.gov/mars2020-raw-images/pub/ods/surface/sol/00016/ids/fdr/browse/zcam/ZL4_0016_0668361369_053FDR_N0030386ZCAM03101_0630LUJ01_1200.jpg,ZCAM_L4_605NM,"(0.7384994637933576,-0.40923507744632115,0.5358593037024056)","(0.777457,0.431545,-1.97178);(0.748044,-0.404285,0.526307);(4845.62,7140.46,312.694);(-3505.75,2115.78,7566.89);(0.751851,-0.398217,0.525508);(-0.000371109,-0.332914,-2.02135)","(0.777457,0.431545,-1.97178)",MCZ_LEFT,CAHVOR
16,"(0.7156,0.0208675,-0.000370714,0.698199)",ZR6_0016_0668361429_542FDR_N0030386ZCAM03002_0480LMJ,"NASA's Mars Perseverance rover acquired this image using its Right Mastcam-Z camera. Mastcam-Z is a pair of cameras located high on the rover's mast.  

This image was acquired on Mar. 7, 2021 (Sol 16) at the local mean solar time of 12:41:58.",Full,Sol-00016M12:41:58.910,NASA/JPL-Caltech/ASU,2021-03-07T09:17:33.000,https://mars.nasa.gov/rss/api/?feed=raw_images&category=mars2020&feedtype=json&id=ZR6_0016_0668361429_542FDR_N0030386ZCAM03002_0480LMJ,https://mars.nasa.gov/mars2020/multimedia/raw-images/?id=ZR6_0016_0668361429_542FDR_N0030386ZCAM03002_0480LMJ,386,Mars Perseverance Sol 16: Right Mastcam-Z Camera,3,2021-03-07T12:10:24Z,185.996,-29.5448,668361533.439,1,"(31.2262,8.12755,0.398731)","(1,1,1648,1200)","(1648,1200)",https://mars.nasa.gov/mars2020-raw-images/pub/ods/surface/sol/00016/ids/fdr/browse/zcam/ZR6_0016_0668361429_542FDR_N0030386ZCAM03002_0480LMJ01_800.jpg,https://mars.nasa.gov/mars2020-raw-images/pub/ods/surface/sol/00016/ids/fdr/browse/zcam/ZR6_0016_0668361429_542FDR_N0030386ZCAM03002_0480LMJ01_320.jpg,https://mars.nasa.gov/mars2020-raw-images/pub/ods/surface/sol/00016/ids/fdr/browse/zcam/ZR6_0016_0668361429_542FDR_N0030386ZCAM03002_0480LMJ01.png,https://mars.nasa.gov/mars2020-raw-images/pub/ods/surface/sol/00016/ids/fdr/browse/zcam/ZR6_0016_0668361429_542FDR_N0030386ZCAM03002_0480LMJ01_1200.jpg,ZCAM_R6_1022NM,"(-0.865113775412919,-0.09089916060648885,0.493270208092726)","(0.769708,0.434056,-1.96689);(-0.869191,-0.0955925,0.485166);(29.7864,-6642.08,498.658);(2708.82,397.508,6040.39);(-0.866449,-0.0965001,0.489866);(-5.29857e-05,-0.474744,0.782138)","(0.769708,0.434056,-1.96689)",MCZ_RIGHT,CAHVOR
16,"(0.7156,0.0208675,-0.000370714,0.698199)",ZRF_0016_0668361165_057FDR_N0030386ZCAM03101_0630LUJ,"NASA's Mars Perseverance rover acquired this image using its Right Mastcam-Z camera. Mastcam-Z is a pair of cameras located high on the rover's mast.  

This image was acquired on Mar. 7, 2021 (Sol 16) at the local mean solar time of 12:38:19.",Full,Sol-00016M12:38:19.927,NASA/JPL-Caltech/ASU,2021-03-07T09:17:02.000,https://mars.nasa.gov/rss/api/?feed=raw_images&category=mars2020&feedtype=json&id=ZRF_0016_0668361165_057FDR_N0030386ZCAM03101_0630LUJ,https://mars.nasa.gov/mars2020/multimedia/raw-images/?id=ZRF_0016_0668361165_057FDR_N0030386ZCAM03101_0630LUJ,386,Mars Perseverance Sol 16: Right Mastcam-Z Camera,3,2021-03-07T12:10:24Z,328.24,-32.2125,668361308.056,1,"(31.2262,8.12755,0.398731)","(1,1,1648,1200)","(1648,1200)",https://mars.nasa.gov/mars2020-raw-images/pub/ods/surface/sol/00016/ids/fdr/browse/zcam/ZRF_0016_0668361165_057FDR_N0030386ZCAM03101_0630LUJ01_800.jpg,https://mars.nasa.gov/mars2020-raw-images/pub/ods/surface/sol/00016/ids/fdr/browse/zcam/ZRF_0016_0668361165_057FDR_N0030386ZCAM03101_0630LUJ01_320.jpg,https://mars.nasa.gov/mars2020-raw-images/pub/ods/surface/sol/00016/ids/fdr/browse/zcam/ZRF_0016_0668361165_057FDR_N0030386ZCAM03101_0630LUJ01.png,https://mars.nasa.gov/mars2020-raw-images/pub/ods/surface/sol/00016/ids/fdr/browse/zcam/ZRF_0016_0668361165_057FDR_N0030386ZCAM03101_0630LUJ01_1200.jpg,ZCAM_R0_RGB,"(0.7193815773084947,-0.44528219740082675,0.5331171643335386)","(0.902024,0.641646,-1.96982);(0.726472,-0.441025,0.527022);(5034.57,6979.45,581.507);(-3543.78,1996.38,7574.8);(0.725872,-0.435849,0.532129);(3.70435e-05,-0.349347,-0.198246)","(0.902024,0.641646,-1.96982)",MCZ_RIGHT,CAHVOR
16,"(0.7156,0.0208675,-0.000370714,0.698199)",ZL1_0016_0668361317_053FDR_N0030386ZCAM03101_0630LUJ,"NASA's Mars Perseverance rover acquired this image using its Left Mastcam-Z camera. Mastcam-Z is a pair of cameras located high on the rover's mast.  

This image was acquired on Mar. 7, 2021 (Sol 16) at the local mean solar time of 12:38:36.",Full,Sol-00016M12:38:36.473,NASA/JPL-Caltech/ASU,2021-03-07T09:16:26.000,https://mars.nasa.gov/rss/api/?feed=raw_images&category=mars2020&feedtype=json&id=ZL1_0016_0668361317_053FDR_N0030386ZCAM03101_0630LUJ,https://mars.nasa.gov/mars2020/multimedia/raw-images/?id=ZL1_0016_0668361317_053FDR_N0030386ZCAM03101_0630LUJ,386,Mars Perseverance Sol 16: Left Mastcam-Z Camera,3,2021-03-07T12:10:24Z,331.003,-32.3991,668361325.210,1,"(31.2262,8.12755,0.398731)","(1,1,1648,1200)","(1648,1200)",https://mars.nasa.gov/mars2020-raw-images/pub/ods/surface/sol/00016/ids/fdr/browse/zcam/ZL1_0016_0668361317_053FDR_N0030386ZCAM03101_0630LUJ01_800.jpg,https://mars.nasa.gov/mars2020-raw-images/pub/ods/surface/sol/00016/ids/fdr/browse/zcam/ZL1_0016_0668361317_053FDR_N0030386ZCAM03101_0630LUJ01_320.jpg,https://mars.nasa.gov/mars2020-raw-images/pub/ods/surface/sol/00016/ids/fdr/browse/zcam/ZL1_0016_0668361317_053FDR_N0030386ZCAM03101_0630LUJ01.png,https://mars.nasa.gov/mars2020-raw-images/pub/ods/surface/sol/00016/ids/fdr/browse/zcam/ZL1_0016_0668361317_053FDR_N0030386ZCAM03101_0630LUJ01_1200.jpg,ZCAM_L1_800NM,"(0.7384994637933576,-0.40923507744632115,0.5358593037024056)","(0.777457,0.431545,-1.97178);(0.748044,-0.404285,0.526307);(4845.62,7140.46,312.694);(-3505.75,2115.78,7566.89);(0.751851,-0.398217,0.525508);(-0.000371109,-0.332914,-2.02135)","(0.777457,0.431545,-1.97178)",MCZ_LEFT,CAHVOR
16,"(0.7156,0.0208675,-0.000370714,0.698199)",ZL3_0016_0668361352_053FDR_N0030386ZCAM03101_0630LUJ,"NASA's Mars Perseverance rover acquired this image using its Left Mastcam-Z camera. Mastcam-Z is a pair of cameras located high on the rover's mast.  

This image was acquired on Mar. 7, 2021 (Sol 16) at the local mean solar time of 12:39:08.",Full,Sol-00016M12:39:08.590,NASA/JPL-Caltech/ASU,2021-03-07T09:16:25.000,https://mars.nasa.gov/rss/api/?feed=raw_images&category=mars2020&feedtype=json&id=ZL3_0016_0668361352_053FDR_N0030386ZCAM03101_0630LUJ,https://mars.nasa.gov/mars2020/multimedia/raw-images/?id=ZL3_0016_0668361352_053FDR_N0030386ZCAM03101_0630LUJ,386,Mars Perseverance Sol 16: Left Mastcam-Z Camera,3,2021-03-07T12:10:24Z,331.003,-32.3991,668361358.081,1,"(31.2262,8.12755,0.398731)","(1,1,1648,1200)","(1648,1200)",https://mars.nasa.gov/mars2020-raw-images/pub/ods/surface/sol/00016/ids/fdr/browse/zcam/ZL3_0016_0668361352_053FDR_N0030386ZCAM03101_0630LUJ01_800.jpg,https://mars.nasa.gov/mars2020-raw-images/pub/ods/surface/sol/00016/ids/fdr/browse/zcam/ZL3_0016_0668361352_053FDR_N0030386ZCAM03101_0630LUJ01_320.jpg,https://mars.nasa.gov/mars2020-raw-images/pub/ods/surface/sol/00016/ids/fdr/browse/zcam/ZL3_0016_0668361352_053FDR_N0030386ZCAM03101_0630LUJ01.png,https://mars.nasa.gov/mars2020-raw-images/pub/ods/surface/sol/00016/ids/fdr/browse/zcam/ZL3_0016_0668361352_053FDR_N0030386ZCAM03101_0630LUJ01_1200.jpg,ZCAM_L3_677NM,"(0.7384994637933576,-0.40923507744632115,0.5358593037024056)","(0.777457,0.431545,-1.97178);(0.748044,-0.404285,0.526307);(4845.62,7140.46,312.694);(-3505.75,2115.78,7566.89);(0.751851,-0.398217,0.525508);(-0.000371109,-0.332914,-2.02135)","(0.777457,0.431545,-1.97178)",MCZ_LEFT,CAHVOR
16,"(0.7156,0.0208675,-0.000370714,0.698199)",ZL5_0016_0668361386_053FDR_N0030386ZCAM03101_0630LUJ,"NASA's Mars Perseverance rover acquired this image using its Left Mastcam-Z camera. Mastcam-Z is a pair of cameras located high on the rover's mast.  

This image was acquired on Mar. 7, 2021 (Sol 16) at the local mean solar time of 12:39:41.",Full,Sol-00016M12:39:41.680,NASA/JPL-Caltech/ASU,2021-03-07T09:15:54.000,https://mars.nasa.gov/rss/api/?feed=raw_images&category=mars2020&feedtype=json&id=ZL5_0016_0668361386_053FDR_N0030386ZCAM03101_0630LUJ,https://mars.nasa.gov/mars2020/multimedia/raw-images/?id=ZL5_0016_0668361386_053FDR_N0030386ZCAM03101_0630LUJ,386,Mars Perseverance Sol 16: Left Mastcam-Z Camera,3,2021-03-07T12:10:24Z,331.003,-32.3991,668361392.089,1,"(31.2262,8.12755,0.398731)","(1,1,1648,1200)","(1648,1200)",https://mars.nasa.gov/mars2020-raw-images/pub/ods/surface/sol/00016/ids/fdr/browse/zcam/ZL5_0016_0668361386_053FDR_N0030386ZCAM03101_0630LUJ01_800.jpg,https://mars.nasa.gov/mars2020-raw-images/pub/ods/surface/sol/00016/ids/fdr/browse/zcam/ZL5_0016_0668361386_053FDR_N0030386ZCAM03101_0630LUJ01_320.jpg,https://mars.nasa.gov/mars2020-raw-images/pub/ods/surface/sol/00016/ids/fdr/browse/zcam/ZL5_0016_0668361386_053FDR_N0030386ZCAM03101_0630LUJ01.png,https://mars.nasa.gov/mars2020-raw-images/pub/ods/surface/sol/00016/ids/fdr/browse/zcam/ZL5_0016_0668361386_053FDR_N0030386ZCAM03101_0630LUJ01_1200.jpg,ZCAM_L5_528NM,"(0.7384994637933576,-0.40923507744632115,0.5358593037024056)","(0.777457,0.431545,-1.97178);(0.748044,-0.404285,0.526307);(4845.62,7140.46,312.694);(-3505.75,2115.78,7566.89);(0.751851,-0.398217,0.525508);(-0.000371109,-0.332914,-2.02135)","(0.777457,0.431545,-1.97178)",MCZ_LEFT,CAHVOR
16,"(0.7156,0.0208675,-0.000370714,0.698199)",ZL2_0016_0668361335_053FDR_N0030386ZCAM03101_0630LUJ,"NASA's Mars Perseverance rover acquired this image using its Left Mastcam-Z camera. Mastcam-Z is a pair of cameras located high on the rover's mast.  

This image was acquired on Mar. 7, 2021 (Sol 16) at the local mean solar time of 12:38:53.",Full,Sol-00016M12:38:53.991,NASA/JPL-Caltech/ASU,2021-03-07T09:15:12.000,https://mars.nasa.gov/rss/api/?feed=raw_images&category=mars2020&feedtype=json&id=ZL2_0016_0668361335_053FDR_N0030386ZCAM03101_0630LUJ,https://mars.nasa.gov/mars2020/multimedia/raw-images/?id=ZL2_0016_0668361335_053FDR_N0030386ZCAM03101_0630LUJ,386,Mars Perseverance Sol 16: Left Mastcam-Z Camera,3,2021-03-07T12:10:24Z,331.003,-32.3991,668361343.134,1,"(31.2262,8.12755,0.398731)","(1,1,1648,1200)","(1648,1200)",https://mars.nasa.gov/mars2020-raw-images/pub/ods/surface/sol/00016/ids/fdr/browse/zcam/ZL2_0016_0668361335_053FDR_N0030386ZCAM03101_0630LUJ01_800.jpg,https://mars.nasa.gov/mars2020-raw-images/pub/ods/surface/sol/00016/ids/fdr/browse/zcam/ZL2_0016_0668361335_053FDR_N0030386ZCAM03101_0630LUJ01_320.jpg,https://mars.nasa.gov/mars2020-raw-images/pub/ods/surface/sol/00016/ids/fdr/browse/zcam/ZL2_0016_0668361335_053FDR_N0030386ZCAM03101_0630LUJ01.png,https://mars.nasa.gov/mars2020-raw-images/pub/ods/surface/sol/00016/ids/fdr/browse/zcam/ZL2_0016_0668361335_053FDR_N0030386ZCAM03101_0630LUJ01_1200.jpg,ZCAM_L2_754NM,"(0.7384994637933576,-0.40923507744632115,0.5358593037024056)","(0.777457,0.431545,-1.97178);(0.748044,-0.404285,0.526307);(4845.62,7140.46,312.694);(-3505.75,2115.78,7566.89);(0.751851,-0.398217,0.525508);(-0.000371109,-0.332914,-2.02135)","(0.777457,0.431545,-1.97178)",MCZ_LEFT,CAHVOR
16,"(0.7156,0.0208675,-0.000370714,0.698199)",ZL3_0016_0668361576_536FDR_N0030386ZCAM03002_0480LMJ,"NASA's Mars Perseverance rover acquired this image using its Left Mastcam-Z camera. Mastcam-Z is a pair of cameras located high on the rover's mast.  

This image was acquired on Mar. 7, 2021 (Sol 16) at the local mean solar time of 12:42:46.",Full,Sol-00016M12:42:46.599,NASA/JPL-Caltech/ASU,2021-03-07T09:14:16.000,https://mars.nasa.gov/rss/api/?feed=raw_images&category=mars2020&feedtype=json&id=ZL3_0016_0668361576_536FDR_N0030386ZCAM03002_0480LMJ,https://mars.nasa.gov/mars2020/multimedia/raw-images/?id=ZL3_0016_0668361576_536FDR_N0030386ZCAM03002_0480LMJ,386,Mars Perseverance Sol 16: Left Mastcam-Z Camera,3,2021-03-07T12:10:24Z,188.673,-29.7143,668361582.107,1,"(31.2262,8.12755,0.398731)","(1,1,1648,1200)","(1648,1200)",https://mars.nasa.gov/mars2020-raw-images/pub/ods/surface/sol/00016/ids/fdr/browse/zcam/ZL3_0016_0668361576_536FDR_N0030386ZCAM03002_0480LMJ01_800.jpg,https://mars.nasa.gov/mars2020-raw-images/pub/ods/surface/sol/00016/ids/fdr/browse/zcam/ZL3_0016_0668361576_536FDR_N0030386ZCAM03002_0480LMJ01_320.jpg,https://mars.nasa.gov/mars2020-raw-images/pub/ods/surface/sol/00016/ids/fdr/browse/zcam/ZL3_0016_0668361576_536FDR_N0030386ZCAM03002_0480LMJ01.png,https://mars.nasa.gov/mars2020-raw-images/pub/ods/surface/sol/00016/ids/fdr/browse/zcam/ZL3_0016_0668361576_536FDR_N0030386ZCAM03002_0480LMJ01_1200.jpg,ZCAM_L3_677NM,"(-0.8585172302373576,-0.1309991916458586,0.49576947987316367)","(0.741973,0.676653,-1.96782);(-0.862444,-0.142159,0.485796);(232.179,-6666.1,302.528);(2744.48,296.996,6041.16);(-0.862495,-0.143794,0.485223);(-0.000239634,-0.466106,1.47808)","(0.741973,0.676653,-1.96782)",MCZ_LEFT,CAHVOR
16,"(0.7156,0.0208675,-0.000370714,0.698199)",ZLF_0016_0668361165_057FDR_N0030386ZCAM03101_0630LUJ,"NASA's Mars Perseverance rover acquired this image using its Left Mastcam-Z camera. Mastcam-Z is a pair of cameras located high on the rover's mast.  

This image was acquired on Mar. 7, 2021 (Sol 16) at the local mean solar time of 12:38:19.",Full,Sol-00016M12:38:19.927,NASA/JPL-Caltech/ASU,2021-03-07T09:14:16.000,https://mars.nasa.gov/rss/api/?feed=raw_images&category=mars2020&feedtype=json&id=ZLF_0016_0668361165_057FDR_N0030386ZCAM03101_0630LUJ,https://mars.nasa.gov/mars2020/multimedia/raw-images/?id=ZLF_0016_0668361165_057FDR_N0030386ZCAM03101_0630LUJ,386,Mars Perseverance Sol 16: Left Mastcam-Z Camera,3,2021-03-07T12:10:24Z,331.003,-32.3991,668361308.032,1,"(31.2262,8.12755,0.398731)","(1,1,1648,1200)","(1648,1200)",https://mars.nasa.gov/mars2020-raw-images/pub/ods/surface/sol/00016/ids/fdr/browse/zcam/ZLF_0016_0668361165_057FDR_N0030386ZCAM03101_0630LUJ01_800.jpg,https://mars.nasa.gov/mars2020-raw-images/pub/ods/surface/sol/00016/ids/fdr/browse/zcam/ZLF_0016_0668361165_057FDR_N0030386ZCAM03101_0630LUJ01_320.jpg,https://mars.nasa.gov/mars2020-raw-images/pub/ods/surface/sol/00016/ids/fdr/browse/zcam/ZLF_0016_0668361165_057FDR_N0030386ZCAM03101_0630LUJ01.png,https://mars.nasa.gov/mars2020-raw-images/pub/ods/surface/sol/00016/ids/fdr/browse/zcam/ZLF_0016_0668361165_057FDR_N0030386ZCAM03101_0630LUJ01_1200.jpg,ZCAM_L0_RGB,"(0.7384994637933576,-0.40923507744632115,0.5358593037024056)","(0.777457,0.431545,-1.97178);(0.748044,-0.404285,0.526307);(4845.62,7140.46,312.694);(-3505.75,2115.78,7566.89);(0.751851,-0.398217,0.525508);(-0.000371109,-0.332914,-2.02135)","(0.777457,0.431545,-1.97178)",MCZ_LEFT,CAHVOR
16,"(0.8129,-0.0120277,0.0123195,0.582148)",NLF_0016_0668374192_316ECM_N0030578NCAM00500_01_295J,"NASA's Mars Perseverance rover acquired this image using its onboard Left Navigation Camera (Navcam). The camera is located high on the rover's mast and aids in driving. 

This image was acquired on Mar. 7, 2021 (Sol 16) at the local mean solar time of 16:07:19.",Full,Sol-00016M16:07:19.626,NASA/JPL-Caltech,2021-03-07T09:13:42.000,https://mars.nasa.gov/rss/api/?feed=raw_images&category=mars2020&feedtype=json&id=NLF_0016_0668374192_316ECM_N0030578NCAM00500_01_295J,https://mars.nasa.gov/mars2020/multimedia/raw-images/?id=NLF_0016_0668374192_316ECM_N0030578NCAM00500_01_295J,578,Mars Perseverance Sol 16: Left Navigation Camera (Navcam),3,2021-03-07T09:24:46Z,144.938,-5.57943,668374192.674,4,"(39.3213,34.1703,-0.00444177)","(1,1441,5120,960)","(1280,240)",https://mars.nasa.gov/mars2020-raw-images/pub/ods/surface/sol/00016/ids/edr/browse/ncam/NLF_0016_0668374192_316ECM_N0030578NCAM00500_01_295J01_800.jpg,https://mars.nasa.gov/mars2020-raw-images/pub/ods/surface/sol/00016/ids/edr/browse/ncam/NLF_0016_0668374192_316ECM_N0030578NCAM00500_01_295J01_320.jpg,https://mars.nasa.gov/mars2020-raw-images/pub/ods/surface/sol/00016/ids/edr/browse/ncam/NLF_0016_0668374192_316ECM_N0030578NCAM00500_01_295J01.png,https://mars.nasa.gov/mars2020-raw-images/pub/ods/surface/sol/00016/ids/edr/browse/ncam/NLF_0016_0668374192_316ECM_N0030578NCAM00500_01_295J01_1200.jpg,UNK,"(-0.814991532371716,0.5711442207727443,0.09789321345372738)","(0.815764,0.812096,-1.9632);(-0.821,0.561203,0.105003);(-950.093,-246.496,65.5061);(-40.1698,24.4651,748.557);(-0.821793,0.56002,0.105118);(2e-06,0.049535,-0.015973);(-0.003612,0.013016,-0.023961);2.0;0.0","(0.815764,0.812096,-1.9632)",NAVCAM_LEFT,CAHVORE
16,"(0.7156,0.0208675,-0.000370714,0.698199)",ZR4_0016_0668361369_053FDR_N0030386ZCAM03101_0630LUJ,"NASA's Mars Perseverance rover acquired this image using its Right Mastcam-Z camera. Mastcam-Z is a pair of cameras located high on the rover's mast.  

This image was acquired on Mar. 7, 2021 (Sol 16) at the local mean solar time of 12:39:27.",Full,Sol-00016M12:39:27.082,NASA/JPL-Caltech/ASU,2021-03-07T09:13:35.000,https://mars.nasa.gov/rss/api/?feed=raw_images&category=mars2020&feedtype=json&id=ZR4_0016_0668361369_053FDR_N0030386ZCAM03101_0630LUJ,https://mars.nasa.gov/mars2020/multimedia/raw-images/?id=ZR4_0016_0668361369_053FDR_N0030386ZCAM03101_0630LUJ,386,Mars Perseverance Sol 16: Right Mastcam-Z Camera,3,2021-03-07T12:10:24Z,328.24,-32.2125,668361377.640,1,"(31.2262,8.12755,0.398731)","(1,1,1648,1200)","(1648,1200)",https://mars.nasa.gov/mars2020-raw-images/pub/ods/surface/sol/00016/ids/fdr/browse/zcam/ZR4_0016_0668361369_053FDR_N0030386ZCAM03101_0630LUJ01_800.jpg,https://mars.nasa.gov/mars2020-raw-images/pub/ods/surface/sol/00016/ids/fdr/browse/zcam/ZR4_0016_0668361369_053FDR_N0030386ZCAM03101_0630LUJ01_320.jpg,https://mars.nasa.gov/mars2020-raw-images/pub/ods/surface/sol/00016/ids/fdr/browse/zcam/ZR4_0016_0668361369_053FDR_N0030386ZCAM03101_0630LUJ01.png,https://mars.nasa.gov/mars2020-raw-images/pub/ods/surface/sol/00016/ids/fdr/browse/zcam/ZR4_0016_0668361369_053FDR_N0030386ZCAM03101_0630LUJ01_1200.jpg,ZCAM_R4_939NM,"(0.7193815773084947,-0.44528219740082675,0.5331171643335386)","(0.902024,0.641646,-1.96982);(0.726472,-0.441025,0.527022);(5034.57,6979.45,581.507);(-3543.78,1996.38,7574.8);(0.725872,-0.435849,0.532129);(3.70435e-05,-0.349347,-0.198246)","(0.902024,0.641646,-1.96982)",MCZ_RIGHT,CAHVOR
16,"(0.8129,-0.0120277,0.0123195,0.582148)",NLF_0016_0668374281_027ECM_N0030578NCAM00500_01_295J,"NASA's Mars Perseverance rover acquired this image using its onboard Left Navigation Camera (Navcam). The camera is located high on the rover's mast and aids in driving. 

This image was acquired on Mar. 7, 2021 (Sol 16) at the local mean solar time of 16:08:45.",Full,Sol-00016M16:08:45.964,NASA/JPL-Caltech,2021-03-07T09:13:25.000,https://mars.nasa.gov/rss/api/?feed=raw_images&category=mars2020&feedtype=json&id=NLF_0016_0668374281_027ECM_N0030578NCAM00500_01_295J,https://mars.nasa.gov/mars2020/multimedia/raw-images/?id=NLF_0016_0668374281_027ECM_N0030578NCAM00500_01_295J,578,Mars Perseverance Sol 16: Left Navigation Camera (Navcam),3,2021-03-07T09:26:35Z,216.866,-5.25891,668374281.134,4,"(39.3213,34.1703,-0.00444177)","(1,1441,5120,960)","(1280,240)",https://mars.nasa.gov/mars2020-raw-images/pub/ods/surface/sol/00016/ids/edr/browse/ncam/NLF_0016_0668374281_027ECM_N0030578NCAM00500_01_295J01_800.jpg,https://mars.nasa.gov/mars2020-raw-images/pub/ods/surface/sol/00016/ids/edr/browse/ncam/NLF_0016_0668374281_027ECM_N0030578NCAM00500_01_295J01_320.jpg,https://mars.nasa.gov/mars2020-raw-images/pub/ods/surface/sol/00016/ids/edr/browse/ncam/NLF_0016_0668374281_027ECM_N0030578NCAM00500_01_295J01.png,https://mars.nasa.gov/mars2020-raw-images/pub/ods/surface/sol/00016/ids/edr/browse/ncam/NLF_0016_0668374281_027ECM_N0030578NCAM00500_01_295J01_1200.jpg,UNK,"(-0.796218277759321,-0.5979226237981724,0.09233087301812865)","(0.568352,0.648153,-1.96427);(-0.788668,-0.606733,0.0994615);(-60.611,-979.838,63.0176);(-39.7025,-32.2582,748.287);(-0.78779,-0.607854,0.0995785);(2e-06,0.049535,-0.015973);(-0.003612,0.013016,-0.023961);2.0;0.0","(0.568352,0.648153,-1.96427)",NAVCAM_LEFT,CAHVORE
16,"(0.8129,-0.0120277,0.0123195,0.582148)",NLF_0016_0668374564_164ECM_N0030578NCAM00501_01_295J,"NASA's Mars Perseverance rover acquired this image using its onboard Left Navigation Camera (Navcam). The camera is located high on the rover's mast and aids in driving. 

This image was acquired on Mar. 7, 2021 (Sol 16) at the local mean solar time of 16:13:21.",Full,Sol-00016M16:13:21.527,NASA/JPL-Caltech,2021-03-07T09:13:23.000,https://mars.nasa.gov/rss/api/?feed=raw_images&category=mars2020&feedtype=json&id=NLF_0016_0668374564_164ECM_N0030578NCAM00501_01_295J,https://mars.nasa.gov/mars2020/multimedia/raw-images/?id=NLF_0016_0668374564_164ECM_N0030578NCAM00501_01_295J,578,Mars Perseverance Sol 16: Left Navigation Camera (Navcam),3,2021-03-07T09:24:46Z,90.0099,79.9791,668374564.455,4,"(39.3213,34.1703,-0.00444177)","(1,1,5120,3840)","(1280,960)",https://mars.nasa.gov/mars2020-raw-images/pub/ods/surface/sol/00016/ids/edr/browse/ncam/NLF_0016_0668374564_164ECM_N0030578NCAM00501_01_295J01_800.jpg,https://mars.nasa.gov/mars2020-raw-images/pub/ods/surface/sol/00016/ids/edr/browse/ncam/NLF_0016_0668374564_164ECM_N0030578NCAM00501_01_295J01_320.jpg,https://mars.nasa.gov/mars2020-raw-images/pub/ods/surface/sol/00016/ids/edr/browse/ncam/NLF_0016_0668374564_164ECM_N0030578NCAM00501_01_295J01.png,https://mars.nasa.gov/mars2020-raw-images/pub/ods/surface/sol/00016/ids/edr/browse/ncam/NLF_0016_0668374564_164ECM_N0030578NCAM00501_01_295J01_1200.jpg,UNK,"(-0.0007430922649354567,0.17463541001650223,-0.9846328866040652)","(1.02067,0.537059,-2.05633);(-0.0126892,0.181057,-0.983398);(-746.727,76.0949,-635.873);(-46.3094,813.971,-343.048);(-0.0141172,0.181095,-0.983372);(2e-06,0.049535,-0.015973);(-0.003612,0.013016,-0.023961);2.0;0.0","(1.02067,0.537059,-2.05633)",NAVCAM_LEFT,CAHVORE
16,"(0.8129,-0.0120277,0.0123195,0.582148)",NLF_0016_0668374176_972ECM_N0030578NCAM00500_01_295J,"NASA's Mars Perseverance rover acquired this image using its onboard Left Navigation Camera (Navcam). The camera is located high on the rover's mast and aids in driving. 

This image was acquired on Mar. 7, 2021 (Sol 16) at the local mean solar time of 16:07:04.",Full,Sol-00016M16:07:04.691,NASA/JPL-Caltech,2021-03-07T09:13:23.000,https://mars.nasa.gov/rss/api/?feed=raw_images&category=mars2020&feedtype=json&id=NLF_0016_0668374176_972ECM_N0030578NCAM00500_01_295J,https://mars.nasa.gov/mars2020/multimedia/raw-images/?id=NLF_0016_0668374176_972ECM_N0030578NCAM00500_01_295J,578,Mars Perseverance Sol 16: Left Navigation Camera (Navcam),3,2021-03-07T09:22:48Z,144.938,-5.57943,668374177.329,4,"(39.3213,34.1703,-0.00444177)","(1,1441,5120,960)","(1280,240)",https://mars.nasa.gov/mars2020-raw-images/pub/ods/surface/sol/00016/ids/edr/browse/ncam/NLF_0016_0668374176_972ECM_N0030578NCAM00500_01_295J01_800.jpg,https://mars.nasa.gov/mars2020-raw-images/pub/ods/surface/sol/00016/ids/edr/browse/ncam/NLF_0016_0668374176_972ECM_N0030578NCAM00500_01_295J01_320.jpg,https://mars.nasa.gov/mars2020-raw-images/pub/ods/surface/sol/00016/ids/edr/browse/ncam/NLF_0016_0668374176_972ECM_N0030578NCAM00500_01_295J01.png,https://mars.nasa.gov/mars2020-raw-images/pub/ods/surface/sol/00016/ids/edr/browse/ncam/NLF_0016_0668374176_972ECM_N0030578NCAM00500_01_295J01_1200.jpg,UNK,"(-0.814991532371716,0.5711442207727443,0.09789321345372738)","(0.815764,0.812096,-1.9632);(-0.821,0.561203,0.105003);(-950.093,-246.496,65.5061);(-40.1698,24.4651,748.557);(-0.821793,0.56002,0.105118);(2e-06,0.049535,-0.015973);(-0.003612,0.013016,-0.023961);2.0;0.0","(0.815764,0.812096,-1.9632)",NAVCAM_LEFT,CAHVORE
16,"(0.7156,0.0208675,-0.000370714,0.698199)",ZR5_0016_0668361386_053FDR_N0030386ZCAM03101_0630LUJ,"NASA's Mars Perseverance rover acquired this image using its Right Mastcam-Z camera. Mastcam-Z is a pair of cameras located high on the rover's mast.  

This image was acquired on Mar. 7, 2021 (Sol 16) at the local mean solar time of 12:39:47.",Full,Sol-00016M12:39:47.520,NASA/JPL-Caltech/ASU,2021-03-07T09:13:21.000,https://mars.nasa.gov/rss/api/?feed=raw_images&category=mars2020&feedtype=json&id=ZR5_0016_0668361386_053FDR_N0030386ZCAM03101_0630LUJ,https://mars.nasa.gov/mars2020/multimedia/raw-images/?id=ZR5_0016_0668361386_053FDR_N0030386ZCAM03101_0630LUJ,386,Mars Perseverance Sol 16: Right Mastcam-Z Camera,3,2021-03-07T12:10:24Z,328.24,-32.2125,668361399.627,1,"(31.2262,8.12755,0.398731)","(1,1,1648,1200)","(1648,1200)",https://mars.nasa.gov/mars2020-raw-images/pub/ods/surface/sol/00016/ids/fdr/browse/zcam/ZR5_0016_0668361386_053FDR_N0030386ZCAM03101_0630LUJ01_800.jpg,https://mars.nasa.gov/mars2020-raw-images/pub/ods/surface/sol/00016/ids/fdr/browse/zcam/ZR5_0016_0668361386_053FDR_N0030386ZCAM03101_0630LUJ01_320.jpg,https://mars.nasa.gov/mars2020-raw-images/pub/ods/surface/sol/00016/ids/fdr/browse/zcam/ZR5_0016_0668361386_053FDR_N0030386ZCAM03101_0630LUJ01.png,https://mars.nasa.gov/mars2020-raw-images/pub/ods/surface/sol/00016/ids/fdr/browse/zcam/ZR5_0016_0668361386_053FDR_N0030386ZCAM03101_0630LUJ01_1200.jpg,ZCAM_R5_978NM,"(0.7193815773084947,-0.44528219740082675,0.5331171643335386)","(0.902024,0.641646,-1.96982);(0.726472,-0.441025,0.527022);(5034.57,6979.45,581.507);(-3543.78,1996.38,7574.8);(0.725872,-0.435849,0.532129);(3.70435e-05,-0.349347,-0.198246)","(0.902024,0.641646,-1.96982)",MCZ_RIGHT,CAHVOR
16,"(0.8129,-0.0120277,0.0123195,0.582148)",NLF_0016_0668374018_309ECM_N0030578NCAM00500_01_295J,"NASA's Mars Perseverance rover acquired this image using its onboard Left Navigation Camera (Navcam). The camera is located high on the rover's mast and aids in driving. 

This image was acquired on Mar. 7, 2021 (Sol 16) at the local mean solar time of 16:04:30.",Full,Sol-00016M16:04:30.272,NASA/JPL-Caltech,2021-03-07T09:13:02.000,https://mars.nasa.gov/rss/api/?feed=raw_images&category=mars2020&feedtype=json&id=NLF_0016_0668374018_309ECM_N0030578NCAM00500_01_295J,https://mars.nasa.gov/mars2020/multimedia/raw-images/?id=NLF_0016_0668374018_309ECM_N0030578NCAM00500_01_295J,578,Mars Perseverance Sol 16: Left Navigation Camera (Navcam),3,2021-03-07T09:22:48Z,0.741013,-8.74056,668374019.178,4,"(39.3213,34.1703,-0.00444177)","(1,1441,5120,960)","(1280,240)",https://mars.nasa.gov/mars2020-raw-images/pub/ods/surface/sol/00016/ids/edr/browse/ncam/NLF_0016_0668374018_309ECM_N0030578NCAM00500_01_295J01_800.jpg,https://mars.nasa.gov/mars2020-raw-images/pub/ods/surface/sol/00016/ids/edr/browse/ncam/NLF_0016_0668374018_309ECM_N0030578NCAM00500_01_295J01_320.jpg,https://mars.nasa.gov/mars2020-raw-images/pub/ods/surface/sol/00016/ids/edr/browse/ncam/NLF_0016_0668374018_309ECM_N0030578NCAM00500_01_295J01.png,https://mars.nasa.gov/mars2020-raw-images/pub/ods/surface/sol/00016/ids/edr/browse/ncam/NLF_0016_0668374018_309ECM_N0030578NCAM00500_01_295J01_1200.jpg,UNK,"(0.9881912975879432,0.01345806651991695,0.15263302335013398)","(0.946311,0.348377,-1.95611);(0.986854,0.0250141,0.159714);(621.518,755.646,102.188);(5.5599,1.41815,750.011);(0.986798,0.0264371,0.159831);(2e-06,0.049535,-0.015973);(-0.003612,0.013016,-0.023961);2.0;0.0","(0.946311,0.348377,-1.95611)",NAVCAM_LEFT,CAHVORE
16,"(0.7156,0.0208675,-0.000370714,0.698199)",ZR3_0016_0668361352_053FDR_N0030386ZCAM03101_0630LUJ,"NASA's Mars Perseverance rover acquired this image using its Right Mastcam-Z camera. Mastcam-Z is a pair of cameras located high on the rover's mast.  

This image was acquired on Mar. 7, 2021 (Sol 16) at the local mean solar time of 12:39:10.",Full,Sol-00016M12:39:10.537,NASA/JPL-Caltech/ASU,2021-03-07T09:12:33.000,https://mars.nasa.gov/rss/api/?feed=raw_images&category=mars2020&feedtype=json&id=ZR3_0016_0668361352_053FDR_N0030386ZCAM03101_0630LUJ,https://mars.nasa.gov/mars2020/multimedia/raw-images/?id=ZR3_0016_0668361352_053FDR_N0030386ZCAM03101_0630LUJ,386,Mars Perseverance Sol 16: Right Mastcam-Z Camera,3,2021-03-07T12:10:24Z,328.24,-32.2125,668361360.447,1,"(31.2262,8.12755,0.398731)","(1,1,1648,1200)","(1648,1200)",https://mars.nasa.gov/mars2020-raw-images/pub/ods/surface/sol/00016/ids/fdr/browse/zcam/ZR3_0016_0668361352_053FDR_N0030386ZCAM03101_0630LUJ01_800.jpg,https://mars.nasa.gov/mars2020-raw-images/pub/ods/surface/sol/00016/ids/fdr/browse/zcam/ZR3_0016_0668361352_053FDR_N0030386ZCAM03101_0630LUJ01_320.jpg,https://mars.nasa.gov/mars2020-raw-images/pub/ods/surface/sol/00016/ids/fdr/browse/zcam/ZR3_0016_0668361352_053FDR_N0030386ZCAM03101_0630LUJ01.png,https://mars.nasa.gov/mars2020-raw-images/pub/ods/surface/sol/00016/ids/fdr/browse/zcam/ZR3_0016_0668361352_053FDR_N0030386ZCAM03101_0630LUJ01_1200.jpg,ZCAM_R3_910NM,"(0.7193815773084947,-0.44528219740082675,0.5331171643335386)","(0.902024,0.641646,-1.96982);(0.726472,-0.441025,0.527022);(5034.57,6979.45,581.507);(-3543.78,1996.38,7574.8);(0.725872,-0.435849,0.532129);(3.70435e-05,-0.349347,-0.198246)","(0.902024,0.641646,-1.96982)",MCZ_RIGHT,CAHVOR
16,"(0.8129,-0.0120277,0.0123195,0.582148)",NLF_0016_0668373957_362ECM_N0030578NCAM00500_01_295J,"NASA's Mars Perseverance rover acquired this image using its onboard Left Navigation Camera (Navcam). The camera is located high on the rover's mast and aids in driving. 

This image was acquired on Mar. 7, 2021 (Sol 16) at the local mean solar time of 16:03:30.",Full,Sol-00016M16:03:30.956,NASA/JPL-Caltech,2021-03-07T09:12:28.000,https://mars.nasa.gov/rss/api/?feed=raw_images&category=mars2020&feedtype=json&id=NLF_0016_0668373957_362ECM_N0030578NCAM00500_01_295J,https://mars.nasa.gov/mars2020/multimedia/raw-images/?id=NLF_0016_0668373957_362ECM_N0030578NCAM00500_01_295J,578,Mars Perseverance Sol 16: Left Navigation Camera (Navcam),3,2021-03-07T09:22:48Z,288.544,-7.33864,668373957.914,4,"(39.3213,34.1703,-0.00444177)","(1,1441,5120,960)","(1280,240)",https://mars.nasa.gov/mars2020-raw-images/pub/ods/surface/sol/00016/ids/edr/browse/ncam/NLF_0016_0668373957_362ECM_N0030578NCAM00500_01_295J01_800.jpg,https://mars.nasa.gov/mars2020-raw-images/pub/ods/surface/sol/00016/ids/edr/browse/ncam/NLF_0016_0668373957_362ECM_N0030578NCAM00500_01_295J01_320.jpg,https://mars.nasa.gov/mars2020-raw-images/pub/ods/surface/sol/00016/ids/edr/browse/ncam/NLF_0016_0668373957_362ECM_N0030578NCAM00500_01_295J01.png,https://mars.nasa.gov/mars2020-raw-images/pub/ods/surface/sol/00016/ids/edr/browse/ncam/NLF_0016_0668373957_362ECM_N0030578NCAM00500_01_295J01_1200.jpg,UNK,"(0.3160392910317141,-0.9400161982896884,0.12840838554071385)","(0.646956,0.361229,-1.95961);(0.326684,-0.935375,0.135523);(910.201,-362.863,87.1374);(8.48424,-22.39,749.651);(0.328023,-0.934889,0.135641);(2e-06,0.049535,-0.015973);(-0.003612,0.013016,-0.023961);2.0;0.0","(0.646956,0.361229,-1.95961)",NAVCAM_LEFT,CAHVORE
16,"(0.7156,0.0208675,-0.000370714,0.698199)",ZR6_0016_0668361408_053FDR_N0030386ZCAM03101_0630LUJ,"NASA's Mars Perseverance rover acquired this image using its Right Mastcam-Z camera. Mastcam-Z is a pair of cameras located high on the rover's mast.  

This image was acquired on Mar. 7, 2021 (Sol 16) at the local mean solar time of 12:40:08.",Full,Sol-00016M12:40:08.932,NASA/JPL-Caltech/ASU,2021-03-07T09:12:25.000,https://mars.nasa.gov/rss/api/?feed=raw_images&category=mars2020&feedtype=json&id=ZR6_0016_0668361408_053FDR_N0030386ZCAM03101_0630LUJ,https://mars.nasa.gov/mars2020/multimedia/raw-images/?id=ZR6_0016_0668361408_053FDR_N0030386ZCAM03101_0630LUJ,386,Mars Perseverance Sol 16: Right Mastcam-Z Camera,3,2021-03-07T12:10:24Z,328.24,-32.2125,668361421.430,1,"(31.2262,8.12755,0.398731)","(1,1,1648,1200)","(1648,1200)",https://mars.nasa.gov/mars2020-raw-images/pub/ods/surface/sol/00016/ids/fdr/browse/zcam/ZR6_0016_0668361408_053FDR_N0030386ZCAM03101_0630LUJ01_800.jpg,https://mars.nasa.gov/mars2020-raw-images/pub/ods/surface/sol/00016/ids/fdr/browse/zcam/ZR6_0016_0668361408_053FDR_N0030386ZCAM03101_0630LUJ01_320.jpg,https://mars.nasa.gov/mars2020-raw-images/pub/ods/surface/sol/00016/ids/fdr/browse/zcam/ZR6_0016_0668361408_053FDR_N0030386ZCAM03101_0630LUJ01.png,https://mars.nasa.gov/mars2020-raw-images/pub/ods/surface/sol/00016/ids/fdr/browse/zcam/ZR6_0016_0668361408_053FDR_N0030386ZCAM03101_0630LUJ01_1200.jpg,ZCAM_R6_1022NM,"(0.7193815773084947,-0.44528219740082675,0.5331171643335386)","(0.902024,0.641646,-1.96982);(0.726472,-0.441025,0.527022);(5034.57,6979.45,581.507);(-3543.78,1996.38,7574.8);(0.725872,-0.435849,0.532129);(3.70435e-05,-0.349347,-0.198246)","(0.902024,0.641646,-1.96982)",MCZ_RIGHT,CAHVOR
16,"(0.8129,-0.0120277,0.0123195,0.582148)",NLF_0016_0668374048_116ECM_N0030578NCAM00500_01_295J,"NASA's Mars Perseverance rover acquired this image using its onboard Left Navigation Camera (Navcam). The camera is located high on the rover's mast and aids in driving. 

This image was acquired on Mar. 7, 2021 (Sol 16) at the local mean solar time of 16:04:59.",Full,Sol-00016M16:04:59.283,NASA/JPL-Caltech,2021-03-07T09:12:21.000,https://mars.nasa.gov/rss/api/?feed=raw_images&category=mars2020&feedtype=json&id=NLF_0016_0668374048_116ECM_N0030578NCAM00500_01_295J,https://mars.nasa.gov/mars2020/multimedia/raw-images/?id=NLF_0016_0668374048_116ECM_N0030578NCAM00500_01_295J,578,Mars Perseverance Sol 16: Left Navigation Camera (Navcam),3,2021-03-07T09:22:48Z,0.741013,-8.74056,668374048.996,4,"(39.3213,34.1703,-0.00444177)","(1,1441,5120,960)","(1280,240)",https://mars.nasa.gov/mars2020-raw-images/pub/ods/surface/sol/00016/ids/edr/browse/ncam/NLF_0016_0668374048_116ECM_N0030578NCAM00500_01_295J01_800.jpg,https://mars.nasa.gov/mars2020-raw-images/pub/ods/surface/sol/00016/ids/edr/browse/ncam/NLF_0016_0668374048_116ECM_N0030578NCAM00500_01_295J01_320.jpg,https://mars.nasa.gov/mars2020-raw-images/pub/ods/surface/sol/00016/ids/edr/browse/ncam/NLF_0016_0668374048_116ECM_N0030578NCAM00500_01_295J01.png,https://mars.nasa.gov/mars2020-raw-images/pub/ods/surface/sol/00016/ids/edr/browse/ncam/NLF_0016_0668374048_116ECM_N0030578NCAM00500_01_295J01_1200.jpg,UNK,"(0.9881912975879432,0.01345806651991695,0.15263302335013398)","(0.946311,0.348377,-1.95611);(0.986854,0.0250141,0.159714);(621.518,755.646,102.188);(5.5599,1.41815,750.011);(0.986798,0.0264371,0.159831);(2e-06,0.049535,-0.015973);(-0.003612,0.013016,-0.023961);2.0;0.0","(0.946311,0.348377,-1.95611)",NAVCAM_LEFT,CAHVORE
16,"(0.8129,-0.0120277,0.0123195,0.582148)",NLF_0016_0668374086_224ECM_N0030578NCAM00500_01_295J,"NASA's Mars Perseverance rover acquired this image using its onboard Left Navigation Camera (Navcam). The camera is located high on the rover's mast and aids in driving. 

This image was acquired on Mar. 7, 2021 (Sol 16) at the local mean solar time of 16:05:36.",Full,Sol-00016M16:05:36.371,NASA/JPL-Caltech,2021-03-07T09:12:19.000,https://mars.nasa.gov/rss/api/?feed=raw_images&category=mars2020&feedtype=json&id=NLF_0016_0668374086_224ECM_N0030578NCAM00500_01_295J,https://mars.nasa.gov/mars2020/multimedia/raw-images/?id=NLF_0016_0668374086_224ECM_N0030578NCAM00500_01_295J,578,Mars Perseverance Sol 16: Left Navigation Camera (Navcam),3,2021-03-07T09:22:48Z,73.0179,-8.07128,668374087.104,4,"(39.3213,34.1703,-0.00444177)","(1,1441,5120,960)","(1280,240)",https://mars.nasa.gov/mars2020-raw-images/pub/ods/surface/sol/00016/ids/edr/browse/ncam/NLF_0016_0668374086_224ECM_N0030578NCAM00500_01_295J01_800.jpg,https://mars.nasa.gov/mars2020-raw-images/pub/ods/surface/sol/00016/ids/edr/browse/ncam/NLF_0016_0668374086_224ECM_N0030578NCAM00500_01_295J01_320.jpg,https://mars.nasa.gov/mars2020-raw-images/pub/ods/surface/sol/00016/ids/edr/browse/ncam/NLF_0016_0668374086_224ECM_N0030578NCAM00500_01_295J01.png,https://mars.nasa.gov/mars2020-raw-images/pub/ods/surface/sol/00016/ids/edr/browse/ncam/NLF_0016_0668374086_224ECM_N0030578NCAM00500_01_295J01_1200.jpg,UNK,"(0.2885032025675165,0.9470286658784792,0.141076603704209)","(1.04899,0.629325,-1.95736);(0.277102,0.949358,0.148152);(-530.199,823.328,93.5264);(1.67523,14.4815,749.891);(0.27573,0.94974,0.148266);(2e-06,0.049535,-0.015973);(-0.003612,0.013016,-0.023961);2.0;0.0","(1.04899,0.629325,-1.95736)",NAVCAM_LEFT,CAHVORE
16,"(0.8129,-0.0120277,0.0123195,0.582148)",NLF_0016_0668374162_211ECM_N0030578NCAM00500_01_295J,"NASA's Mars Perseverance rover acquired this image using its onboard Left Navigation Camera (Navcam). The camera is located high on the rover's mast and aids in driving. 

This image was acquired on Mar. 7, 2021 (Sol 16) at the local mean solar time of 16:06:50.",Full,Sol-00016M16:06:50.326,NASA/JPL-Caltech,2021-03-07T09:12:15.000,https://mars.nasa.gov/rss/api/?feed=raw_images&category=mars2020&feedtype=json&id=NLF_0016_0668374162_211ECM_N0030578NCAM00500_01_295J,https://mars.nasa.gov/mars2020/multimedia/raw-images/?id=NLF_0016_0668374162_211ECM_N0030578NCAM00500_01_295J,578,Mars Perseverance Sol 16: Left Navigation Camera (Navcam),3,2021-03-07T09:22:48Z,144.938,-5.57943,668374162.574,4,"(39.3213,34.1703,-0.00444177)","(1,1441,5120,960)","(1280,240)",https://mars.nasa.gov/mars2020-raw-images/pub/ods/surface/sol/00016/ids/edr/browse/ncam/NLF_0016_0668374162_211ECM_N0030578NCAM00500_01_295J01_800.jpg,https://mars.nasa.gov/mars2020-raw-images/pub/ods/surface/sol/00016/ids/edr/browse/ncam/NLF_0016_0668374162_211ECM_N0030578NCAM00500_01_295J01_320.jpg,https://mars.nasa.gov/mars2020-raw-images/pub/ods/surface/sol/00016/ids/edr/browse/ncam/NLF_0016_0668374162_211ECM_N0030578NCAM00500_01_295J01.png,https://mars.nasa.gov/mars2020-raw-images/pub/ods/surface/sol/00016/ids/edr/browse/ncam/NLF_0016_0668374162_211ECM_N0030578NCAM00500_01_295J01_1200.jpg,UNK,"(-0.814991532371716,0.5711442207727443,0.09789321345372738)","(0.815764,0.812096,-1.9632);(-0.821,0.561203,0.105003);(-950.093,-246.496,65.5061);(-40.1698,24.4651,748.557);(-0.821793,0.56002,0.105118);(2e-06,0.049535,-0.015973);(-0.003612,0.013016,-0.023961);2.0;0.0","(0.815764,0.812096,-1.9632)",NAVCAM_LEFT,CAHVORE
16,"(0.8129,-0.0120277,0.0123195,0.582148)",NLM_0016_0668374116_362ECM_T0030578NCAM00500_00_6I1J,"NASA's Mars Perseverance rover acquired this image using its onboard Left Navigation Camera (Navcam). The camera is located high on the rover's mast and aids in driving. 

This image was acquired on Mar. 7, 2021 (Sol 16) at the local mean solar time of 16:06:05.",Thumbnail,Sol-00016M16:06:05.703,NASA/JPL-Caltech,2021-03-07T09:12:15.000,https://mars.nasa.gov/rss/api/?feed=raw_images&category=mars2020&feedtype=json&id=NLM_0016_0668374116_362ECM_T0030578NCAM00500_00_6I1J,https://mars.nasa.gov/mars2020/multimedia/raw-images/?id=NLM_0016_0668374116_362ECM_T0030578NCAM00500_00_6I1J,578,Mars Perseverance Sol 16: Left Navigation Camera (Navcam),3,2021-03-07T09:22:48Z,73.0179,-8.07128,668374117.217,64,"(39.3213,34.1703,-0.00444177)","(1,1,5120,3840)","(80,60)",https://mars.nasa.gov/mars2020-raw-images/pub/ods/surface/sol/00016/ids/edr/browse/ncam/NLM_0016_0668374116_362ECM_T0030578NCAM00500_00_6I1J01_800.jpg,https://mars.nasa.gov/mars2020-raw-images/pub/ods/surface/sol/00016/ids/edr/browse/ncam/NLM_0016_0668374116_362ECM_T0030578NCAM00500_00_6I1J01_320.jpg,https://mars.nasa.gov/mars2020-raw-images/pub/ods/surface/sol/00016/ids/edr/browse/ncam/NLM_0016_0668374116_362ECM_T0030578NCAM00500_00_6I1J01.png,https://mars.nasa.gov/mars2020-raw-images/pub/ods/surface/sol/00016/ids/edr/browse/ncam/NLM_0016_0668374116_362ECM_T0030578NCAM00500_00_6I1J01_1200.jpg,UNK,"(0.2783414231967821,0.9485246083730763,0.15108646346874416)","(1.04899,0.629325,-1.95736);(0.277102,0.949358,0.148152);(-33.2673,51.013,5.77595);(6.20961,21.8206,50.1322);(0.27573,0.94974,0.148266);(2e-06,0.049535,-0.015973);(-0.003612,0.013016,-0.023961);2.0;0.0","(1.04899,0.629325,-1.95736)",NAVCAM_LEFT,CAHVORE
16,"(0.8129,-0.0120277,0.0123195,0.582148)",NLM_0016_0668374314_362ECM_T0030578NCAM00500_00_6I1J,"NASA's Mars Perseverance rover acquired this image using its onboard Left Navigation Camera (Navcam). The camera is located high on the rover's mast and aids in driving. 

This image was acquired on Mar. 7, 2021 (Sol 16) at the local mean solar time of 16:09:18.",Thumbnail,Sol-00016M16:09:18.407,NASA/JPL-Caltech,2021-03-07T09:12:15.000,https://mars.nasa.gov/rss/api/?feed=raw_images&category=mars2020&feedtype=json&id=NLM_0016_0668374314_362ECM_T0030578NCAM00500_00_6I1J,https://mars.nasa.gov/mars2020/multimedia/raw-images/?id=NLM_0016_0668374314_362ECM_T0030578NCAM00500_00_6I1J,578,Mars Perseverance Sol 16: Left Navigation Camera (Navcam),3,2021-03-07T09:22:48Z,216.866,-5.25891,668374314.464,64,"(39.3213,34.1703,-0.00444177)","(1,1,5120,3840)","(80,60)",https://mars.nasa.gov/mars2020-raw-images/pub/ods/surface/sol/00016/ids/edr/browse/ncam/NLM_0016_0668374314_362ECM_T0030578NCAM00500_00_6I1J01_800.jpg,https://mars.nasa.gov/mars2020-raw-images/pub/ods/surface/sol/00016/ids/edr/browse/ncam/NLM_0016_0668374314_362ECM_T0030578NCAM00500_00_6I1J01_320.jpg,https://mars.nasa.gov/mars2020-raw-images/pub/ods/surface/sol/00016/ids/edr/browse/ncam/NLM_0016_0668374314_362ECM_T0030578NCAM00500_00_6I1J01.png,https://mars.nasa.gov/mars2020-raw-images/pub/ods/surface/sol/00016/ids/edr/browse/ncam/NLM_0016_0668374314_362ECM_T0030578NCAM00500_00_6I1J01_1200.jpg,UNK,"(-0.7892947528232201,-0.6054136192530739,0.10241163404919346)","(0.568352,0.648153,-1.96427);(-0.788668,-0.606733,0.0994615);(-3.4185,-60.9555,3.89198);(-19.8568,-15.3832,48.9592);(-0.78779,-0.607854,0.0995785);(2e-06,0.049535,-0.015973);(-0.003612,0.013016,-0.023961);2.0;0.0","(0.568352,0.648153,-1.96427)",NAVCAM_LEFT,CAHVORE
16,"(0.8129,-0.0120277,0.0123195,0.582148)",NRF_0016_0668370386_117ECM_N0030578NCAM02016_01_295J,"NASA's Mars Perseverance rover acquired this image using its onboard Right Navigation Camera (Navcam). The camera is located high on the rover's mast and aids in driving. 

This image was acquired on Mar. 7, 2021 (Sol 16) at the local mean solar time of 15:05:35.",Full,Sol-00016M15:05:35.231,NASA/JPL-Caltech,2021-03-07T09:12:08.000,https://mars.nasa.gov/rss/api/?feed=raw_images&category=mars2020&feedtype=json&id=NRF_0016_0668370386_117ECM_N0030578NCAM02016_01_295J,https://mars.nasa.gov/mars2020/multimedia/raw-images/?id=NRF_0016_0668370386_117ECM_N0030578NCAM02016_01_295J,578,Mars Perseverance Sol 16: Right Navigation Camera (Navcam),3,2021-03-07T09:22:48Z,234.374,-28.5163,668370386.490,4,"(39.3213,34.1703,-0.00444177)","(1,1,5120,3840)","(1280,960)",https://mars.nasa.gov/mars2020-raw-images/pub/ods/surface/sol/00016/ids/edr/browse/ncam/NRF_0016_0668370386_117ECM_N0030578NCAM02016_01_295J01_800.jpg,https://mars.nasa.gov/mars2020-raw-images/pub/ods/surface/sol/00016/ids/edr/browse/ncam/NRF_0016_0668370386_117ECM_N0030578NCAM02016_01_295J01_320.jpg,https://mars.nasa.gov/mars2020-raw-images/pub/ods/surface/sol/00016/ids/edr/browse/ncam/NRF_0016_0668370386_117ECM_N0030578NCAM02016_01_295J01.png,https://mars.nasa.gov/mars2020-raw-images/pub/ods/surface/sol/00016/ids/edr/browse/ncam/NRF_0016_0668370386_117ECM_N0030578NCAM02016_01_295J01_1200.jpg,UNK,"(-0.5110813705415442,-0.7143592229940791,0.47800285899633715)","(0.895583,0.324108,-1.90806);(-0.504039,-0.713975,0.486004);(277.825,-886.0,311.792);(-37.4452,-55.3718,881.341);(-0.504604,-0.714036,0.485328);(0.0,0.05117,-0.018889);(0.001504,0.020873,-0.009439);2.0;0.0","(0.895583,0.324108,-1.90806)",NAVCAM_RIGHT,CAHVORE
16,"(0.8129,-0.0120277,0.0123195,0.582148)",NLF_0016_0668374423_442ECM_N0030578NCAM00501_01_295J,"NASA's Mars Perseverance rover acquired this image using its onboard Left Navigation Camera (Navcam). The camera is located high on the rover's mast and aids in driving. 

This image was acquired on Mar. 7, 2021 (Sol 16) at the local mean solar time of 16:11:04.",Full,Sol-00016M16:11:04.570,NASA/JPL-Caltech,2021-03-07T09:12:07.000,https://mars.nasa.gov/rss/api/?feed=raw_images&category=mars2020&feedtype=json&id=NLF_0016_0668374423_442ECM_N0030578NCAM00501_01_295J,https://mars.nasa.gov/mars2020/multimedia/raw-images/?id=NLF_0016_0668374423_442ECM_N0030578NCAM00501_01_295J,578,Mars Perseverance Sol 16: Left Navigation Camera (Navcam),3,2021-03-07T09:18:43Z,269.796,24.9793,668374423.872,4,"(39.3213,34.1703,-0.00444177)","(1,1,5120,3840)","(1280,960)",https://mars.nasa.gov/mars2020-raw-images/pub/ods/surface/sol/00016/ids/edr/browse/ncam/NLF_0016_0668374423_442ECM_N0030578NCAM00501_01_295J01_800.jpg,https://mars.nasa.gov/mars2020-raw-images/pub/ods/surface/sol/00016/ids/edr/browse/ncam/NLF_0016_0668374423_442ECM_N0030578NCAM00501_01_295J01_320.jpg,https://mars.nasa.gov/mars2020-raw-images/pub/ods/surface/sol/00016/ids/edr/browse/ncam/NLF_0016_0668374423_442ECM_N0030578NCAM00501_01_295J01.png,https://mars.nasa.gov/mars2020-raw-images/pub/ods/surface/sol/00016/ids/edr/browse/ncam/NLF_0016_0668374423_442ECM_N0030578NCAM00501_01_295J01_1200.jpg,UNK,"(-0.002542739475698242,-0.9067389387894342,-0.42168475352918483)","(0.591513,0.465113,-2.02597);(0.00904799,-0.909703,-0.415179);(745.491,-583.1,-268.261);(6.20041,-748.502,471.255);(0.010472,-0.909739,-0.415067);(2e-06,0.049535,-0.015973);(-0.003612,0.013016,-0.023961);2.0;0.0","(0.591513,0.465113,-2.02597)",NAVCAM_LEFT,CAHVORE
16,"(0.8129,-0.0120277,0.0123195,0.582148)",NLF_0016_0668374116_362ECM_N0030578NCAM00500_01_295J,"NASA's Mars Perseverance rover acquired this image using its onboard Left Navigation Camera (Navcam). The camera is located high on the rover's mast and aids in driving. 

This image was acquired on Mar. 7, 2021 (Sol 16) at the local mean solar time of 16:06:05.",Full,Sol-00016M16:06:05.703,NASA/JPL-Caltech,2021-03-07T09:11:57.000,https://mars.nasa.gov/rss/api/?feed=raw_images&category=mars2020&feedtype=json&id=NLF_0016_0668374116_362ECM_N0030578NCAM00500_01_295J,https://mars.nasa.gov/mars2020/multimedia/raw-images/?id=NLF_0016_0668374116_362ECM_N0030578NCAM00500_01_295J,578,Mars Perseverance Sol 16: Left Navigation Camera (Navcam),3,2021-03-07T09:18:43Z,73.0179,-8.07128,668374117.217,4,"(39.3213,34.1703,-0.00444177)","(1,1441,5120,960)","(1280,240)",https://mars.nasa.gov/mars2020-raw-images/pub/ods/surface/sol/00016/ids/edr/browse/ncam/NLF_0016_0668374116_362ECM_N0030578NCAM00500_01_295J01_800.jpg,https://mars.nasa.gov/mars2020-raw-images/pub/ods/surface/sol/00016/ids/edr/browse/ncam/NLF_0016_0668374116_362ECM_N0030578NCAM00500_01_295J01_320.jpg,https://mars.nasa.gov/mars2020-raw-images/pub/ods/surface/sol/00016/ids/edr/browse/ncam/NLF_0016_0668374116_362ECM_N0030578NCAM00500_01_295J01.png,https://mars.nasa.gov/mars2020-raw-images/pub/ods/surface/sol/00016/ids/edr/browse/ncam/NLF_0016_0668374116_362ECM_N0030578NCAM00500_01_295J01_1200.jpg,UNK,"(0.2885032025675165,0.9470286658784792,0.141076603704209)","(1.04899,0.629325,-1.95736);(0.277102,0.949358,0.148152);(-530.199,823.328,93.5264);(1.67523,14.4815,749.891);(0.27573,0.94974,0.148266);(2e-06,0.049535,-0.015973);(-0.003612,0.013016,-0.023961);2.0;0.0","(1.04899,0.629325,-1.95736)",NAVCAM_LEFT,CAHVORE
16,"(0.8129,-0.0120277,0.0123195,0.582148)",NLF_0016_0668373971_362ECM_N0030578NCAM00500_01_295J,"NASA's Mars Perseverance rover acquired this image using its onboard Left Navigation Camera (Navcam). The camera is located high on the rover's mast and aids in driving. 

This image was acquired on Mar. 7, 2021 (Sol 16) at the local mean solar time of 16:03:44.",Full,Sol-00016M16:03:44.581,NASA/JPL-Caltech,2021-03-07T09:11:53.000,https://mars.nasa.gov/rss/api/?feed=raw_images&category=mars2020&feedtype=json&id=NLF_0016_0668373971_362ECM_N0030578NCAM00500_01_295J,https://mars.nasa.gov/mars2020/multimedia/raw-images/?id=NLF_0016_0668373971_362ECM_N0030578NCAM00500_01_295J,578,Mars Perseverance Sol 16: Left Navigation Camera (Navcam),3,2021-03-07T09:18:43Z,288.544,-7.33864,668373971.914,4,"(39.3213,34.1703,-0.00444177)","(1,1441,5120,960)","(1280,240)",https://mars.nasa.gov/mars2020-raw-images/pub/ods/surface/sol/00016/ids/edr/browse/ncam/NLF_0016_0668373971_362ECM_N0030578NCAM00500_01_295J01_800.jpg,https://mars.nasa.gov/mars2020-raw-images/pub/ods/surface/sol/00016/ids/edr/browse/ncam/NLF_0016_0668373971_362ECM_N0030578NCAM00500_01_295J01_320.jpg,https://mars.nasa.gov/mars2020-raw-images/pub/ods/surface/sol/00016/ids/edr/browse/ncam/NLF_0016_0668373971_362ECM_N0030578NCAM00500_01_295J01.png,https://mars.nasa.gov/mars2020-raw-images/pub/ods/surface/sol/00016/ids/edr/browse/ncam/NLF_0016_0668373971_362ECM_N0030578NCAM00500_01_295J01_1200.jpg,UNK,"(0.3160392910317141,-0.9400161982896884,0.12840838554071385)","(0.646956,0.361229,-1.95961);(0.326684,-0.935375,0.135523);(910.201,-362.863,87.1374);(8.48424,-22.39,749.651);(0.328023,-0.934889,0.135641);(2e-06,0.049535,-0.015973);(-0.003612,0.013016,-0.023961);2.0;0.0","(0.646956,0.361229,-1.95961)",NAVCAM_LEFT,CAHVORE
16,"(0.8129,-0.0120277,0.0123195,0.582148)",NRF_0016_0668370298_745ECM_N0030578NCAM02016_01_295J,"NASA's Mars Perseverance rover acquired this image using its onboard Right Navigation Camera (Navcam). The camera is located high on the rover's mast and aids in driving. 

This image was acquired on Mar. 7, 2021 (Sol 16) at the local mean solar time of 15:04:10.",Full,Sol-00016M15:04:10.196,NASA/JPL-Caltech,2021-03-07T09:11:52.000,https://mars.nasa.gov/rss/api/?feed=raw_images&category=mars2020&feedtype=json&id=NRF_0016_0668370298_745ECM_N0030578NCAM02016_01_295J,https://mars.nasa.gov/mars2020/multimedia/raw-images/?id=NRF_0016_0668370298_745ECM_N0030578NCAM02016_01_295J,578,Mars Perseverance Sol 16: Right Navigation Camera (Navcam),3,2021-03-07T09:18:43Z,163.448,-28.1234,668370299.195,4,"(39.3213,34.1703,-0.00444177)","(1,1,5120,3840)","(1280,960)",https://mars.nasa.gov/mars2020-raw-images/pub/ods/surface/sol/00016/ids/edr/browse/ncam/NRF_0016_0668370298_745ECM_N0030578NCAM02016_01_295J01_800.jpg,https://mars.nasa.gov/mars2020-raw-images/pub/ods/surface/sol/00016/ids/edr/browse/ncam/NRF_0016_0668370298_745ECM_N0030578NCAM02016_01_295J01_320.jpg,https://mars.nasa.gov/mars2020-raw-images/pub/ods/surface/sol/00016/ids/edr/browse/ncam/NRF_0016_0668370298_745ECM_N0030578NCAM02016_01_295J01.png,https://mars.nasa.gov/mars2020-raw-images/pub/ods/surface/sol/00016/ids/edr/browse/ncam/NRF_0016_0668370298_745ECM_N0030578NCAM02016_01_295J01_1200.jpg,UNK,"(-0.8452772638799972,0.25049864295321733,0.47197116124413996)","(0.611951,0.397067,-1.90935);(-0.842674,0.243969,0.479994);(-749.218,-551.335,306.756);(-70.7471,17.7075,880.858);(-0.842912,0.244483,0.479316);(0.0,0.05117,-0.018889);(0.001504,0.020873,-0.009439);2.0;0.0","(0.611951,0.397067,-1.90935)",NAVCAM_RIGHT,CAHVORE
16,"(0.8129,-0.0120277,0.0123195,0.582148)",NLF_0016_0668374102_163ECM_N0030578NCAM00500_01_295J,"NASA's Mars Perseverance rover acquired this image using its onboard Left Navigation Camera (Navcam). The camera is located high on the rover's mast and aids in driving. 

This image was acquired on Mar. 7, 2021 (Sol 16) at the local mean solar time of 16:05:51.",Full,Sol-00016M16:05:51.884,NASA/JPL-Caltech,2021-03-07T09:11:51.000,https://mars.nasa.gov/rss/api/?feed=raw_images&category=mars2020&feedtype=json&id=NLF_0016_0668374102_163ECM_N0030578NCAM00500_01_295J,https://mars.nasa.gov/mars2020/multimedia/raw-images/?id=NLF_0016_0668374102_163ECM_N0030578NCAM00500_01_295J,578,Mars Perseverance Sol 16: Left Navigation Camera (Navcam),3,2021-03-07T09:18:43Z,73.0179,-8.07128,668374103.018,4,"(39.3213,34.1703,-0.00444177)","(1,1441,5120,960)","(1280,240)",https://mars.nasa.gov/mars2020-raw-images/pub/ods/surface/sol/00016/ids/edr/browse/ncam/NLF_0016_0668374102_163ECM_N0030578NCAM00500_01_295J01_800.jpg,https://mars.nasa.gov/mars2020-raw-images/pub/ods/surface/sol/00016/ids/edr/browse/ncam/NLF_0016_0668374102_163ECM_N0030578NCAM00500_01_295J01_320.jpg,https://mars.nasa.gov/mars2020-raw-images/pub/ods/surface/sol/00016/ids/edr/browse/ncam/NLF_0016_0668374102_163ECM_N0030578NCAM00500_01_295J01.png,https://mars.nasa.gov/mars2020-raw-images/pub/ods/surface/sol/00016/ids/edr/browse/ncam/NLF_0016_0668374102_163ECM_N0030578NCAM00500_01_295J01_1200.jpg,UNK,"(0.2885032025675165,0.9470286658784792,0.141076603704209)","(1.04899,0.629325,-1.95736);(0.277102,0.949358,0.148152);(-530.199,823.328,93.5264);(1.67523,14.4815,749.891);(0.27573,0.94974,0.148266);(2e-06,0.049535,-0.015973);(-0.003612,0.013016,-0.023961);2.0;0.0","(1.04899,0.629325,-1.95736)",NAVCAM_LEFT,CAHVORE
16,"(0.8129,-0.0120277,0.0123195,0.582148)",NLF_0016_0668370386_117ECM_N0030578NCAM02016_01_295J,"NASA's Mars Perseverance rover acquired this image using its onboard Left Navigation Camera (Navcam). The camera is located high on the rover's mast and aids in driving. 

This image was acquired on Mar. 7, 2021 (Sol 16) at the local mean solar time of 15:05:35.",Full,Sol-00016M15:05:35.231,NASA/JPL-Caltech,2021-03-07T09:11:50.000,https://mars.nasa.gov/rss/api/?feed=raw_images&category=mars2020&feedtype=json&id=NLF_0016_0668370386_117ECM_N0030578NCAM02016_01_295J,https://mars.nasa.gov/mars2020/multimedia/raw-images/?id=NLF_0016_0668370386_117ECM_N0030578NCAM02016_01_295J,578,Mars Perseverance Sol 16: Left Navigation Camera (Navcam),3,2021-03-07T09:18:43Z,233.994,-28.7185,668370386.536,4,"(39.3213,34.1703,-0.00444177)","(1,1,5120,3840)","(1280,960)",https://mars.nasa.gov/mars2020-raw-images/pub/ods/surface/sol/00016/ids/edr/browse/ncam/NLF_0016_0668370386_117ECM_N0030578NCAM02016_01_295J01_800.jpg,https://mars.nasa.gov/mars2020-raw-images/pub/ods/surface/sol/00016/ids/edr/browse/ncam/NLF_0016_0668370386_117ECM_N0030578NCAM02016_01_295J01_320.jpg,https://mars.nasa.gov/mars2020-raw-images/pub/ods/surface/sol/00016/ids/edr/browse/ncam/NLF_0016_0668370386_117ECM_N0030578NCAM02016_01_295J01.png,https://mars.nasa.gov/mars2020-raw-images/pub/ods/surface/sol/00016/ids/edr/browse/ncam/NLF_0016_0668370386_117ECM_N0030578NCAM02016_01_295J01_1200.jpg,UNK,"(-0.5148157774991334,-0.7095822484209849,0.4811005590973498)","(0.548688,0.568579,-1.90715);(-0.503384,-0.713496,0.487383);(277.167,-890.181,313.819);(-34.5064,-53.1952,882.244);(-0.502188,-0.714271,0.487484);(2e-06,0.049535,-0.015973);(-0.003612,0.013016,-0.023961);2.0;0.0","(0.548688,0.568579,-1.90715)",NAVCAM_LEFT,CAHVORE
16,"(0.8129,-0.0120277,0.0123195,0.582148)",NLF_0016_0668374364_987ECM_N0030578NCAM00501_01_295J,"NASA's Mars Perseverance rover acquired this image using its onboard Left Navigation Camera (Navcam). The camera is located high on the rover's mast and aids in driving. 

This image was acquired on Mar. 7, 2021 (Sol 16) at the local mean solar time of 16:10:07.",Full,Sol-00016M16:10:07.677,NASA/JPL-Caltech,2021-03-07T09:11:50.000,https://mars.nasa.gov/rss/api/?feed=raw_images&category=mars2020&feedtype=json&id=NLF_0016_0668374364_987ECM_N0030578NCAM00501_01_295J,https://mars.nasa.gov/mars2020/multimedia/raw-images/?id=NLF_0016_0668374364_987ECM_N0030578NCAM00501_01_295J,578,Mars Perseverance Sol 16: Left Navigation Camera (Navcam),3,2021-03-07T09:18:43Z,179.984,25.0133,668374364.991,4,"(39.3213,34.1703,-0.00444177)","(1,1,5120,3840)","(1280,960)",https://mars.nasa.gov/mars2020-raw-images/pub/ods/surface/sol/00016/ids/edr/browse/ncam/NLF_0016_0668374364_987ECM_N0030578NCAM00501_01_295J01_800.jpg,https://mars.nasa.gov/mars2020-raw-images/pub/ods/surface/sol/00016/ids/edr/browse/ncam/NLF_0016_0668374364_987ECM_N0030578NCAM00501_01_295J01_320.jpg,https://mars.nasa.gov/mars2020-raw-images/pub/ods/surface/sol/00016/ids/edr/browse/ncam/NLF_0016_0668374364_987ECM_N0030578NCAM00501_01_295J01.png,https://mars.nasa.gov/mars2020-raw-images/pub/ods/surface/sol/00016/ids/edr/browse/ncam/NLF_0016_0668374364_987ECM_N0030578NCAM00501_01_295J01_1200.jpg,UNK,"(-0.9064914604275709,-0.0004243242419629533,-0.4222239359875604)","(0.709815,0.772702,-2.02563);(-0.909411,-0.0120406,-0.415741);(-579.845,-747.398,-270.007);(-748.749,-10.1872,470.793);(-0.909441,-0.0134649,-0.415632);(2e-06,0.049535,-0.015973);(-0.003612,0.013016,-0.023961);2.0;0.0","(0.709815,0.772702,-2.02563)",NAVCAM_LEFT,CAHVORE
16,"(0.8129,-0.0120277,0.0123195,0.582148)",NLM_0016_0668374162_211ECM_T0030578NCAM00500_00_6I1J,"NASA's Mars Perseverance rover acquired this image using its onboard Left Navigation Camera (Navcam). The camera is located high on the rover's mast and aids in driving. 

This image was acquired on Mar. 7, 2021 (Sol 16) at the local mean solar time of 16:06:50.",Thumbnail,Sol-00016M16:06:50.326,NASA/JPL-Caltech,2021-03-07T09:11:50.000,https://mars.nasa.gov/rss/api/?feed=raw_images&category=mars2020&feedtype=json&id=NLM_0016_0668374162_211ECM_T0030578NCAM00500_00_6I1J,https://mars.nasa.gov/mars2020/multimedia/raw-images/?id=NLM_0016_0668374162_211ECM_T0030578NCAM00500_00_6I1J,578,Mars Perseverance Sol 16: Left Navigation Camera (Navcam),3,2021-03-07T09:18:43Z,144.938,-5.57943,668374162.574,64,"(39.3213,34.1703,-0.00444177)","(1,1,5120,3840)","(80,60)",https://mars.nasa.gov/mars2020-raw-images/pub/ods/surface/sol/00016/ids/edr/browse/ncam/NLM_0016_0668374162_211ECM_T0030578NCAM00500_00_6I1J01_800.jpg,https://mars.nasa.gov/mars2020-raw-images/pub/ods/surface/sol/00016/ids/edr/browse/ncam/NLM_0016_0668374162_211ECM_T0030578NCAM00500_00_6I1J01_320.jpg,https://mars.nasa.gov/mars2020-raw-images/pub/ods/surface/sol/00016/ids/edr/browse/ncam/NLM_0016_0668374162_211ECM_T0030578NCAM00500_00_6I1J01.png,https://mars.nasa.gov/mars2020-raw-images/pub/ods/surface/sol/00016/ids/edr/browse/ncam/NLM_0016_0668374162_211ECM_T0030578NCAM00500_00_6I1J01_1200.jpg,UNK,"(-0.8199297693528423,0.5621932988892447,0.10795308246188826)","(0.815764,0.812096,-1.9632);(-0.821,0.561203,0.105003);(-58.9959,-15.6691,4.04491);(-20.5983,13.8931,49.0982);(-0.821793,0.56002,0.105118);(2e-06,0.049535,-0.015973);(-0.003612,0.013016,-0.023961);2.0;0.0","(0.815764,0.812096,-1.9632)",NAVCAM_LEFT,CAHVORE
16,"(0.8129,-0.0120277,0.0123195,0.582148)",NLF_0016_0668373942_940ECM_N0030578NCAM00500_01_295J,"NASA's Mars Perseverance rover acquired this image using its onboard Left Navigation Camera (Navcam). The camera is located high on the rover's mast and aids in driving. 

This image was acquired on Mar. 7, 2021 (Sol 16) at the local mean solar time of 16:03:16.",Full,Sol-00016M16:03:16.919,NASA/JPL-Caltech,2021-03-07T09:11:48.000,https://mars.nasa.gov/rss/api/?feed=raw_images&category=mars2020&feedtype=json&id=NLF_0016_0668373942_940ECM_N0030578NCAM00500_01_295J,https://mars.nasa.gov/mars2020/multimedia/raw-images/?id=NLF_0016_0668373942_940ECM_N0030578NCAM00500_01_295J,578,Mars Perseverance Sol 16: Left Navigation Camera (Navcam),3,2021-03-07T09:18:43Z,288.544,-7.33864,668373943.503,4,"(39.3213,34.1703,-0.00444177)","(1,1441,5120,960)","(1280,240)",https://mars.nasa.gov/mars2020-raw-images/pub/ods/surface/sol/00016/ids/edr/browse/ncam/NLF_0016_0668373942_940ECM_N0030578NCAM00500_01_295J01_800.jpg,https://mars.nasa.gov/mars2020-raw-images/pub/ods/surface/sol/00016/ids/edr/browse/ncam/NLF_0016_0668373942_940ECM_N0030578NCAM00500_01_295J01_320.jpg,https://mars.nasa.gov/mars2020-raw-images/pub/ods/surface/sol/00016/ids/edr/browse/ncam/NLF_0016_0668373942_940ECM_N0030578NCAM00500_01_295J01.png,https://mars.nasa.gov/mars2020-raw-images/pub/ods/surface/sol/00016/ids/edr/browse/ncam/NLF_0016_0668373942_940ECM_N0030578NCAM00500_01_295J01_1200.jpg,UNK,"(0.3160392910317141,-0.9400161982896884,0.12840838554071385)","(0.646956,0.361229,-1.95961);(0.326684,-0.935375,0.135523);(910.201,-362.863,87.1374);(8.48424,-22.39,749.651);(0.328023,-0.934889,0.135641);(2e-06,0.049535,-0.015973);(-0.003612,0.013016,-0.023961);2.0;0.0","(0.646956,0.361229,-1.95961)",NAVCAM_LEFT,CAHVORE
16,"(0.7156,0.0208675,-0.000370714,0.698199)",ZR2_0016_0668361335_053FDR_N0030386ZCAM03101_0630LUJ,"NASA's Mars Perseverance rover acquired this image using its Right Mastcam-Z camera. Mastcam-Z is a pair of cameras located high on the rover's mast.  

This image was acquired on Mar. 7, 2021 (Sol 16) at the local mean solar time of 12:38:53.",Full,Sol-00016M12:38:53.991,NASA/JPL-Caltech/ASU,2021-03-07T09:11:42.000,https://mars.nasa.gov/rss/api/?feed=raw_images&category=mars2020&feedtype=json&id=ZR2_0016_0668361335_053FDR_N0030386ZCAM03101_0630LUJ,https://mars.nasa.gov/mars2020/multimedia/raw-images/?id=ZR2_0016_0668361335_053FDR_N0030386ZCAM03101_0630LUJ,386,Mars Perseverance Sol 16: Right Mastcam-Z Camera,3,2021-03-07T12:10:24Z,328.24,-32.2125,668361343.317,1,"(31.2262,8.12755,0.398731)","(1,1,1648,1200)","(1648,1200)",https://mars.nasa.gov/mars2020-raw-images/pub/ods/surface/sol/00016/ids/fdr/browse/zcam/ZR2_0016_0668361335_053FDR_N0030386ZCAM03101_0630LUJ01_800.jpg,https://mars.nasa.gov/mars2020-raw-images/pub/ods/surface/sol/00016/ids/fdr/browse/zcam/ZR2_0016_0668361335_053FDR_N0030386ZCAM03101_0630LUJ01_320.jpg,https://mars.nasa.gov/mars2020-raw-images/pub/ods/surface/sol/00016/ids/fdr/browse/zcam/ZR2_0016_0668361335_053FDR_N0030386ZCAM03101_0630LUJ01.png,https://mars.nasa.gov/mars2020-raw-images/pub/ods/surface/sol/00016/ids/fdr/browse/zcam/ZR2_0016_0668361335_053FDR_N0030386ZCAM03101_0630LUJ01_1200.jpg,ZCAM_R2_866NM,"(0.7193815773084947,-0.44528219740082675,0.5331171643335386)","(0.902024,0.641646,-1.96982);(0.726472,-0.441025,0.527022);(5034.57,6979.45,581.507);(-3543.78,1996.38,7574.8);(0.725872,-0.435849,0.532129);(3.70435e-05,-0.349347,-0.198246)","(0.902024,0.641646,-1.96982)",MCZ_RIGHT,CAHVOR
16,"(0.8129,-0.0120277,0.0123195,0.582148)",NLF_0016_0668374472_989ECM_N0030578NCAM00501_01_295J,"NASA's Mars Perseverance rover acquired this image using its onboard Left Navigation Camera (Navcam). The camera is located high on the rover's mast and aids in driving. 

This image was acquired on Mar. 7, 2021 (Sol 16) at the local mean solar time of 16:11:52.",Full,Sol-00016M16:11:52.791,NASA/JPL-Caltech,2021-03-07T09:11:42.000,https://mars.nasa.gov/rss/api/?feed=raw_images&category=mars2020&feedtype=json&id=NLF_0016_0668374472_989ECM_N0030578NCAM00501_01_295J,https://mars.nasa.gov/mars2020/multimedia/raw-images/?id=NLF_0016_0668374472_989ECM_N0030578NCAM00501_01_295J,578,Mars Perseverance Sol 16: Left Navigation Camera (Navcam),3,2021-03-07T09:18:43Z,359.999,25.1599,668374474.053,4,"(39.3213,34.1703,-0.00444177)","(1,1,5120,3840)","(1280,960)",https://mars.nasa.gov/mars2020-raw-images/pub/ods/surface/sol/00016/ids/edr/browse/ncam/NLF_0016_0668374472_989ECM_N0030578NCAM00501_01_295J01_800.jpg,https://mars.nasa.gov/mars2020-raw-images/pub/ods/surface/sol/00016/ids/edr/browse/ncam/NLF_0016_0668374472_989ECM_N0030578NCAM00501_01_295J01_320.jpg,https://mars.nasa.gov/mars2020-raw-images/pub/ods/surface/sol/00016/ids/edr/browse/ncam/NLF_0016_0668374472_989ECM_N0030578NCAM00501_01_295J01.png,https://mars.nasa.gov/mars2020-raw-images/pub/ods/surface/sol/00016/ids/edr/browse/ncam/NLF_0016_0668374472_989ECM_N0030578NCAM00501_01_295J01_1200.jpg,UNK,"(0.905410721121032,0.0006657719886549217,-0.4245361973103732)","(0.899777,0.346286,-2.02613);(0.908351,0.0122726,-0.418047);(579.388,747.551,-270.563);(749.952,9.37246,468.892);(0.908381,0.0136968,-0.417936);(2e-06,0.049535,-0.015973);(-0.003612,0.013016,-0.023961);2.0;0.0","(0.899777,0.346286,-2.02613)",NAVCAM_LEFT,CAHVORE
16,"(0.8129,-0.0120277,0.0123195,0.582148)",NLF_0016_0668374314_362ECM_N0030578NCAM00500_01_295J,"NASA's Mars Perseverance rover acquired this image using its onboard Left Navigation Camera (Navcam). The camera is located high on the rover's mast and aids in driving. 

This image was acquired on Mar. 7, 2021 (Sol 16) at the local mean solar time of 16:09:18.",Full,Sol-00016M16:09:18.407,NASA/JPL-Caltech,2021-03-07T09:11:36.000,https://mars.nasa.gov/rss/api/?feed=raw_images&category=mars2020&feedtype=json&id=NLF_0016_0668374314_362ECM_N0030578NCAM00500_01_295J,https://mars.nasa.gov/mars2020/multimedia/raw-images/?id=NLF_0016_0668374314_362ECM_N0030578NCAM00500_01_295J,578,Mars Perseverance Sol 16: Left Navigation Camera (Navcam),3,2021-03-07T09:18:43Z,216.866,-5.25891,668374314.464,4,"(39.3213,34.1703,-0.00444177)","(1,1441,5120,960)","(1280,240)",https://mars.nasa.gov/mars2020-raw-images/pub/ods/surface/sol/00016/ids/edr/browse/ncam/NLF_0016_0668374314_362ECM_N0030578NCAM00500_01_295J01_800.jpg,https://mars.nasa.gov/mars2020-raw-images/pub/ods/surface/sol/00016/ids/edr/browse/ncam/NLF_0016_0668374314_362ECM_N0030578NCAM00500_01_295J01_320.jpg,https://mars.nasa.gov/mars2020-raw-images/pub/ods/surface/sol/00016/ids/edr/browse/ncam/NLF_0016_0668374314_362ECM_N0030578NCAM00500_01_295J01.png,https://mars.nasa.gov/mars2020-raw-images/pub/ods/surface/sol/00016/ids/edr/browse/ncam/NLF_0016_0668374314_362ECM_N0030578NCAM00500_01_295J01_1200.jpg,UNK,"(-0.796218277759321,-0.5979226237981724,0.09233087301812865)","(0.568352,0.648153,-1.96427);(-0.788668,-0.606733,0.0994615);(-60.611,-979.838,63.0176);(-39.7025,-32.2582,748.287);(-0.78779,-0.607854,0.0995785);(2e-06,0.049535,-0.015973);(-0.003612,0.013016,-0.023961);2.0;0.0","(0.568352,0.648153,-1.96427)",NAVCAM_LEFT,CAHVORE
16,"(0.8129,-0.0120277,0.0123195,0.582148)",NLF_0016_0668374517_221ECM_N0030578NCAM00501_01_295J,"NASA's Mars Perseverance rover acquired this image using its onboard Left Navigation Camera (Navcam). The camera is located high on the rover's mast and aids in driving. 

This image was acquired on Mar. 7, 2021 (Sol 16) at the local mean solar time of 16:12:35.",Full,Sol-00016M16:12:35.840,NASA/JPL-Caltech,2021-03-07T09:11:29.000,https://mars.nasa.gov/rss/api/?feed=raw_images&category=mars2020&feedtype=json&id=NLF_0016_0668374517_221ECM_N0030578NCAM00501_01_295J,https://mars.nasa.gov/mars2020/multimedia/raw-images/?id=NLF_0016_0668374517_221ECM_N0030578NCAM00501_01_295J,578,Mars Perseverance Sol 16: Left Navigation Camera (Navcam),3,2021-03-07T09:18:43Z,90.0128,24.9868,668374518.152,4,"(39.3213,34.1703,-0.00444177)","(1,1,5120,3840)","(1280,960)",https://mars.nasa.gov/mars2020-raw-images/pub/ods/surface/sol/00016/ids/edr/browse/ncam/NLF_0016_0668374517_221ECM_N0030578NCAM00501_01_295J01_800.jpg,https://mars.nasa.gov/mars2020-raw-images/pub/ods/surface/sol/00016/ids/edr/browse/ncam/NLF_0016_0668374517_221ECM_N0030578NCAM00501_01_295J01_320.jpg,https://mars.nasa.gov/mars2020-raw-images/pub/ods/surface/sol/00016/ids/edr/browse/ncam/NLF_0016_0668374517_221ECM_N0030578NCAM00501_01_295J01.png,https://mars.nasa.gov/mars2020-raw-images/pub/ods/surface/sol/00016/ids/edr/browse/ncam/NLF_0016_0668374517_221ECM_N0030578NCAM00501_01_295J01_1200.jpg,UNK,"(-0.0008852523775166221,0.9066885161919647,-0.4217998944213258)","(1.01821,0.654812,-2.02545);(-0.012507,0.909596,-0.415324);(-747.692,579.379,-270.193);(-11.0675,748.52,471.136);(-0.0139314,0.909625,-0.415215);(2e-06,0.049535,-0.015973);(-0.003612,0.013016,-0.023961);2.0;0.0","(1.01821,0.654812,-2.02545)",NAVCAM_LEFT,CAHVORE
16,"(0.8129,-0.0120277,0.0123195,0.582148)",NLF_0016_0668370298_745ECM_N0030578NCAM02016_01_295J,"NASA's Mars Perseverance rover acquired this image using its onboard Left Navigation Camera (Navcam). The camera is located high on the rover's mast and aids in driving. 

This image was acquired on Mar. 7, 2021 (Sol 16) at the local mean solar time of 15:04:10.",Full,Sol-00016M15:04:10.196,NASA/JPL-Caltech,2021-03-07T09:11:28.000,https://mars.nasa.gov/rss/api/?feed=raw_images&category=mars2020&feedtype=json&id=NLF_0016_0668370298_745ECM_N0030578NCAM02016_01_295J,https://mars.nasa.gov/mars2020/multimedia/raw-images/?id=NLF_0016_0668370298_745ECM_N0030578NCAM02016_01_295J,578,Mars Perseverance Sol 16: Left Navigation Camera (Navcam),3,2021-03-07T09:18:43Z,163.07,-28.3263,668370299.349,4,"(39.3213,34.1703,-0.00444177)","(1,1,5120,3840)","(1280,960)",https://mars.nasa.gov/mars2020-raw-images/pub/ods/surface/sol/00016/ids/edr/browse/ncam/NLF_0016_0668370298_745ECM_N0030578NCAM02016_01_295J01_800.jpg,https://mars.nasa.gov/mars2020-raw-images/pub/ods/surface/sol/00016/ids/edr/browse/ncam/NLF_0016_0668370298_745ECM_N0030578NCAM02016_01_295J01_320.jpg,https://mars.nasa.gov/mars2020-raw-images/pub/ods/surface/sol/00016/ids/edr/browse/ncam/NLF_0016_0668370298_745ECM_N0030578NCAM02016_01_295J01.png,https://mars.nasa.gov/mars2020-raw-images/pub/ods/surface/sol/00016/ids/edr/browse/ncam/NLF_0016_0668370298_745ECM_N0030578NCAM02016_01_295J01_1200.jpg,UNK,"(-0.842000179659015,0.25558680185117844,0.4750906062780796)","(0.729983,0.804705,-1.90777);(-0.842019,0.243507,0.481377);(-753.399,-552.075,308.755);(-67.7378,15.6391,881.783);(-0.842361,0.242123,0.481476);(2e-06,0.049535,-0.015973);(-0.003612,0.013016,-0.023961);2.0;0.0","(0.729983,0.804705,-1.90777)",NAVCAM_LEFT,CAHVORE
16,"(0.8129,-0.0120277,0.0123195,0.582148)",NLF_0016_0668374086_224ECM_T0030578NCAM00500_01_600J,"NASA's Mars Perseverance rover acquired this image using its onboard Left Navigation Camera (Navcam). The camera is located high on the rover's mast and aids in driving. 

This image was acquired on Mar. 7, 2021 (Sol 16) at the local mean solar time of 16:05:36.",Thumbnail,Sol-00016M16:05:36.371,NASA/JPL-Caltech,2021-03-07T09:11:28.000,https://mars.nasa.gov/rss/api/?feed=raw_images&category=mars2020&feedtype=json&id=NLF_0016_0668374086_224ECM_T0030578NCAM00500_01_600J,https://mars.nasa.gov/mars2020/multimedia/raw-images/?id=NLF_0016_0668374086_224ECM_T0030578NCAM00500_01_600J,578,Mars Perseverance Sol 16: Left Navigation Camera (Navcam),3,2021-03-07T09:18:43Z,73.0179,-8.07128,668374087.104,64,"(39.3213,34.1703,-0.00444177)","(1,1441,5120,960)","(80,60)",https://mars.nasa.gov/mars2020-raw-images/pub/ods/surface/sol/00016/ids/edr/browse/ncam/NLF_0016_0668374086_224ECM_T0030578NCAM00500_01_600J01_800.jpg,https://mars.nasa.gov/mars2020-raw-images/pub/ods/surface/sol/00016/ids/edr/browse/ncam/NLF_0016_0668374086_224ECM_T0030578NCAM00500_01_600J01_320.jpg,https://mars.nasa.gov/mars2020-raw-images/pub/ods/surface/sol/00016/ids/edr/browse/ncam/NLF_0016_0668374086_224ECM_T0030578NCAM00500_01_600J01.png,https://mars.nasa.gov/mars2020-raw-images/pub/ods/surface/sol/00016/ids/edr/browse/ncam/NLF_0016_0668374086_224ECM_T0030578NCAM00500_01_600J01_1200.jpg,UNK,"(0.2702162639234466,0.9157229567248774,-0.2973796180613302)","(1.04899,0.629325,-1.95736);(0.277102,0.949358,0.148152);(-33.2673,51.013,5.77595);(6.20961,21.8206,50.1322);(0.27573,0.94974,0.148266);(2e-06,0.049535,-0.015973);(-0.003612,0.013016,-0.023961);2.0;0.0","(1.04899,0.629325,-1.95736)",NAVCAM_LEFT,CAHVORE
16,"(0.8129,-0.0120277,0.0123195,0.582148)",NLF_0016_0668374033_362ECM_N0030578NCAM00500_01_295J,"NASA's Mars Perseverance rover acquired this image using its onboard Left Navigation Camera (Navcam). The camera is located high on the rover's mast and aids in driving. 

This image was acquired on Mar. 7, 2021 (Sol 16) at the local mean solar time of 16:04:44.",Full,Sol-00016M16:04:44.923,NASA/JPL-Caltech,2021-03-07T09:11:27.000,https://mars.nasa.gov/rss/api/?feed=raw_images&category=mars2020&feedtype=json&id=NLF_0016_0668374033_362ECM_N0030578NCAM00500_01_295J,https://mars.nasa.gov/mars2020/multimedia/raw-images/?id=NLF_0016_0668374033_362ECM_N0030578NCAM00500_01_295J,578,Mars Perseverance Sol 16: Left Navigation Camera (Navcam),3,2021-03-07T09:18:43Z,0.741013,-8.74056,668374034.242,4,"(39.3213,34.1703,-0.00444177)","(1,1441,5120,960)","(1280,240)",https://mars.nasa.gov/mars2020-raw-images/pub/ods/surface/sol/00016/ids/edr/browse/ncam/NLF_0016_0668374033_362ECM_N0030578NCAM00500_01_295J01_800.jpg,https://mars.nasa.gov/mars2020-raw-images/pub/ods/surface/sol/00016/ids/edr/browse/ncam/NLF_0016_0668374033_362ECM_N0030578NCAM00500_01_295J01_320.jpg,https://mars.nasa.gov/mars2020-raw-images/pub/ods/surface/sol/00016/ids/edr/browse/ncam/NLF_0016_0668374033_362ECM_N0030578NCAM00500_01_295J01.png,https://mars.nasa.gov/mars2020-raw-images/pub/ods/surface/sol/00016/ids/edr/browse/ncam/NLF_0016_0668374033_362ECM_N0030578NCAM00500_01_295J01_1200.jpg,UNK,"(0.9881912975879432,0.01345806651991695,0.15263302335013398)","(0.946311,0.348377,-1.95611);(0.986854,0.0250141,0.159714);(621.518,755.646,102.188);(5.5599,1.41815,750.011);(0.986798,0.0264371,0.159831);(2e-06,0.049535,-0.015973);(-0.003612,0.013016,-0.023961);2.0;0.0","(0.946311,0.348377,-1.95611)",NAVCAM_LEFT,CAHVORE
16,"(0.8129,-0.0120277,0.0123195,0.582148)",NLM_0016_0668374564_164ECM_T0030578NCAM00501_00_6I1J,"NASA's Mars Perseverance rover acquired this image using its onboard Left Navigation Camera (Navcam). The camera is located high on the rover's mast and aids in driving. 

This image was acquired on Mar. 7, 2021 (Sol 16) at the local mean solar time of 16:13:21.",Thumbnail,Sol-00016M16:13:21.527,NASA/JPL-Caltech,2021-03-07T09:11:27.000,https://mars.nasa.gov/rss/api/?feed=raw_images&category=mars2020&feedtype=json&id=NLM_0016_0668374564_164ECM_T0030578NCAM00501_00_6I1J,https://mars.nasa.gov/mars2020/multimedia/raw-images/?id=NLM_0016_0668374564_164ECM_T0030578NCAM00501_00_6I1J,578,Mars Perseverance Sol 16: Left Navigation Camera (Navcam),3,2021-03-07T09:18:43Z,90.0099,79.9791,668374564.455,64,"(39.3213,34.1703,-0.00444177)","(1,1,5120,3840)","(80,60)",https://mars.nasa.gov/mars2020-raw-images/pub/ods/surface/sol/00016/ids/edr/browse/ncam/NLM_0016_0668374564_164ECM_T0030578NCAM00501_00_6I1J01_800.jpg,https://mars.nasa.gov/mars2020-raw-images/pub/ods/surface/sol/00016/ids/edr/browse/ncam/NLM_0016_0668374564_164ECM_T0030578NCAM00501_00_6I1J01_320.jpg,https://mars.nasa.gov/mars2020-raw-images/pub/ods/surface/sol/00016/ids/edr/browse/ncam/NLM_0016_0668374564_164ECM_T0030578NCAM00501_00_6I1J01.png,https://mars.nasa.gov/mars2020-raw-images/pub/ods/surface/sol/00016/ids/edr/browse/ncam/NLM_0016_0668374564_164ECM_T0030578NCAM00501_00_6I1J01_1200.jpg,UNK,"(-0.011419740713346352,0.18404503617722748,-0.982851471068016)","(1.02067,0.537059,-2.05633);(-0.0126892,0.181057,-0.983398);(-46.6645,4.67106,-39.2811);(-2.88839,50.7883,-20.9795);(-0.0141172,0.181095,-0.983372);(2e-06,0.049535,-0.015973);(-0.003612,0.013016,-0.023961);2.0;0.0","(1.02067,0.537059,-2.05633)",NAVCAM_LEFT,CAHVORE
16,"(0.8129,-0.0120277,0.0123195,0.582148)",NLF_0016_0668374281_027ECM_T0030578NCAM00500_01_600J,"NASA's Mars Perseverance rover acquired this image using its onboard Left Navigation Camera (Navcam). The camera is located high on the rover's mast and aids in driving. 

This image was acquired on Mar. 7, 2021 (Sol 16) at the local mean solar time of 16:08:45.",Thumbnail,Sol-00016M16:08:45.964,NASA/JPL-Caltech,2021-03-07T09:11:26.000,https://mars.nasa.gov/rss/api/?feed=raw_images&category=mars2020&feedtype=json&id=NLF_0016_0668374281_027ECM_T0030578NCAM00500_01_600J,https://mars.nasa.gov/mars2020/multimedia/raw-images/?id=NLF_0016_0668374281_027ECM_T0030578NCAM00500_01_600J,578,Mars Perseverance Sol 16: Left Navigation Camera (Navcam),3,2021-03-07T09:18:43Z,216.866,-5.25891,668374281.134,64,"(39.3213,34.1703,-0.00444177)","(1,1441,5120,960)","(80,60)",https://mars.nasa.gov/mars2020-raw-images/pub/ods/surface/sol/00016/ids/edr/browse/ncam/NLF_0016_0668374281_027ECM_T0030578NCAM00500_01_600J01_800.jpg,https://mars.nasa.gov/mars2020-raw-images/pub/ods/surface/sol/00016/ids/edr/browse/ncam/NLF_0016_0668374281_027ECM_T0030578NCAM00500_01_600J01_320.jpg,https://mars.nasa.gov/mars2020-raw-images/pub/ods/surface/sol/00016/ids/edr/browse/ncam/NLF_0016_0668374281_027ECM_T0030578NCAM00500_01_600J01.png,https://mars.nasa.gov/mars2020-raw-images/pub/ods/surface/sol/00016/ids/edr/browse/ncam/NLF_0016_0668374281_027ECM_T0030578NCAM00500_01_600J01_1200.jpg,UNK,"(-0.745583273728894,-0.5708469342329896,-0.34385950563057327)","(0.568352,0.648153,-1.96427);(-0.788668,-0.606733,0.0994615);(-3.4185,-60.9555,3.89198);(-19.8568,-15.3832,48.9592);(-0.78779,-0.607854,0.0995785);(2e-06,0.049535,-0.015973);(-0.003612,0.013016,-0.023961);2.0;0.0","(0.568352,0.648153,-1.96427)",NAVCAM_LEFT,CAHVORE
16,"(0.8129,-0.0120277,0.0123195,0.582148)",NLF_0016_0668374314_362ECM_T0030578NCAM00500_01_600J,"NASA's Mars Perseverance rover acquired this image using its onboard Left Navigation Camera (Navcam). The camera is located high on the rover's mast and aids in driving. 

This image was acquired on Mar. 7, 2021 (Sol 16) at the local mean solar time of 16:09:18.",Thumbnail,Sol-00016M16:09:18.407,NASA/JPL-Caltech,2021-03-07T09:11:26.000,https://mars.nasa.gov/rss/api/?feed=raw_images&category=mars2020&feedtype=json&id=NLF_0016_0668374314_362ECM_T0030578NCAM00500_01_600J,https://mars.nasa.gov/mars2020/multimedia/raw-images/?id=NLF_0016_0668374314_362ECM_T0030578NCAM00500_01_600J,578,Mars Perseverance Sol 16: Left Navigation Camera (Navcam),3,2021-03-07T09:18:43Z,216.866,-5.25891,668374314.464,64,"(39.3213,34.1703,-0.00444177)","(1,1441,5120,960)","(80,60)",https://mars.nasa.gov/mars2020-raw-images/pub/ods/surface/sol/00016/ids/edr/browse/ncam/NLF_0016_0668374314_362ECM_T0030578NCAM00500_01_600J01_800.jpg,https://mars.nasa.gov/mars2020-raw-images/pub/ods/surface/sol/00016/ids/edr/browse/ncam/NLF_0016_0668374314_362ECM_T0030578NCAM00500_01_600J01_320.jpg,https://mars.nasa.gov/mars2020-raw-images/pub/ods/surface/sol/00016/ids/edr/browse/ncam/NLF_0016_0668374314_362ECM_T0030578NCAM00500_01_600J01.png,https://mars.nasa.gov/mars2020-raw-images/pub/ods/surface/sol/00016/ids/edr/browse/ncam/NLF_0016_0668374314_362ECM_T0030578NCAM00500_01_600J01_1200.jpg,UNK,"(-0.745583273728894,-0.5708469342329896,-0.34385950563057327)","(0.568352,0.648153,-1.96427);(-0.788668,-0.606733,0.0994615);(-3.4185,-60.9555,3.89198);(-19.8568,-15.3832,48.9592);(-0.78779,-0.607854,0.0995785);(2e-06,0.049535,-0.015973);(-0.003612,0.013016,-0.023961);2.0;0.0","(0.568352,0.648153,-1.96427)",NAVCAM_LEFT,CAHVORE
16,"(0.8129,-0.0120277,0.0123195,0.582148)",NLF_0016_0668374517_221ECM_T0030578NCAM00501_01_600J,"NASA's Mars Perseverance rover acquired this image using its onboard Left Navigation Camera (Navcam). The camera is located high on the rover's mast and aids in driving. 

This image was acquired on Mar. 7, 2021 (Sol 16) at the local mean solar time of 16:12:35.",Thumbnail,Sol-00016M16:12:35.840,NASA/JPL-Caltech,2021-03-07T09:11:26.000,https://mars.nasa.gov/rss/api/?feed=raw_images&category=mars2020&feedtype=json&id=NLF_0016_0668374517_221ECM_T0030578NCAM00501_01_600J,https://mars.nasa.gov/mars2020/multimedia/raw-images/?id=NLF_0016_0668374517_221ECM_T0030578NCAM00501_01_600J,578,Mars Perseverance Sol 16: Left Navigation Camera (Navcam),3,2021-03-07T09:18:43Z,90.0128,24.9868,668374518.152,64,"(39.3213,34.1703,-0.00444177)","(1,1,5120,3840)","(80,60)",https://mars.nasa.gov/mars2020-raw-images/pub/ods/surface/sol/00016/ids/edr/browse/ncam/NLF_0016_0668374517_221ECM_T0030578NCAM00501_01_600J01_800.jpg,https://mars.nasa.gov/mars2020-raw-images/pub/ods/surface/sol/00016/ids/edr/browse/ncam/NLF_0016_0668374517_221ECM_T0030578NCAM00501_01_600J01_320.jpg,https://mars.nasa.gov/mars2020-raw-images/pub/ods/surface/sol/00016/ids/edr/browse/ncam/NLF_0016_0668374517_221ECM_T0030578NCAM00501_01_600J01.png,https://mars.nasa.gov/mars2020-raw-images/pub/ods/surface/sol/00016/ids/edr/browse/ncam/NLF_0016_0668374517_221ECM_T0030578NCAM00501_01_600J01_1200.jpg,UNK,"(-0.011094692378853535,0.9108349917222248,-0.4126215283469746)","(1.01821,0.654812,-2.02545);(-0.012507,0.909596,-0.415324);(-46.7249,35.7848,-16.6924);(-0.685859,46.3562,29.6407);(-0.0139314,0.909625,-0.415215);(2e-06,0.049535,-0.015973);(-0.003612,0.013016,-0.023961);2.0;0.0","(1.01821,0.654812,-2.02545)",NAVCAM_LEFT,CAHVORE
16,"(0.8129,-0.0120277,0.0123195,0.582148)",NLF_0016_0668374564_164ECM_T0030578NCAM00501_01_600J,"NASA's Mars Perseverance rover acquired this image using its onboard Left Navigation Camera (Navcam). The camera is located high on the rover's mast and aids in driving. 

This image was acquired on Mar. 7, 2021 (Sol 16) at the local mean solar time of 16:13:21.",Thumbnail,Sol-00016M16:13:21.527,NASA/JPL-Caltech,2021-03-07T09:11:26.000,https://mars.nasa.gov/rss/api/?feed=raw_images&category=mars2020&feedtype=json&id=NLF_0016_0668374564_164ECM_T0030578NCAM00501_01_600J,https://mars.nasa.gov/mars2020/multimedia/raw-images/?id=NLF_0016_0668374564_164ECM_T0030578NCAM00501_01_600J,578,Mars Perseverance Sol 16: Left Navigation Camera (Navcam),3,2021-03-07T09:18:43Z,90.0099,79.9791,668374564.455,64,"(39.3213,34.1703,-0.00444177)","(1,1,5120,3840)","(80,60)",https://mars.nasa.gov/mars2020-raw-images/pub/ods/surface/sol/00016/ids/edr/browse/ncam/NLF_0016_0668374564_164ECM_T0030578NCAM00501_01_600J01_800.jpg,https://mars.nasa.gov/mars2020-raw-images/pub/ods/surface/sol/00016/ids/edr/browse/ncam/NLF_0016_0668374564_164ECM_T0030578NCAM00501_01_600J01_320.jpg,https://mars.nasa.gov/mars2020-raw-images/pub/ods/surface/sol/00016/ids/edr/browse/ncam/NLF_0016_0668374564_164ECM_T0030578NCAM00501_01_600J01.png,https://mars.nasa.gov/mars2020-raw-images/pub/ods/surface/sol/00016/ids/edr/browse/ncam/NLF_0016_0668374564_164ECM_T0030578NCAM00501_01_600J01_1200.jpg,UNK,"(-0.011419740713346352,0.18404503617722748,-0.982851471068016)","(1.02067,0.537059,-2.05633);(-0.0126892,0.181057,-0.983398);(-46.6645,4.67106,-39.2811);(-2.88839,50.7883,-20.9795);(-0.0141172,0.181095,-0.983372);(2e-06,0.049535,-0.015973);(-0.003612,0.013016,-0.023961);2.0;0.0","(1.02067,0.537059,-2.05633)",NAVCAM_LEFT,CAHVORE
16,"(0.8129,-0.0120277,0.0123195,0.582148)",NLM_0016_0668373942_940ECM_T0030578NCAM00500_00_6I1J,"NASA's Mars Perseverance rover acquired this image using its onboard Left Navigation Camera (Navcam). The camera is located high on the rover's mast and aids in driving. 

This image was acquired on Mar. 7, 2021 (Sol 16) at the local mean solar time of 16:03:16.",Thumbnail,Sol-00016M16:03:16.919,NASA/JPL-Caltech,2021-03-07T09:11:26.000,https://mars.nasa.gov/rss/api/?feed=raw_images&category=mars2020&feedtype=json&id=NLM_0016_0668373942_940ECM_T0030578NCAM00500_00_6I1J,https://mars.nasa.gov/mars2020/multimedia/raw-images/?id=NLM_0016_0668373942_940ECM_T0030578NCAM00500_00_6I1J,578,Mars Perseverance Sol 16: Left Navigation Camera (Navcam),3,2021-03-07T09:18:43Z,288.544,-7.33864,668373943.503,64,"(39.3213,34.1703,-0.00444177)","(1,1,5120,3840)","(80,60)",https://mars.nasa.gov/mars2020-raw-images/pub/ods/surface/sol/00016/ids/edr/browse/ncam/NLM_0016_0668373942_940ECM_T0030578NCAM00500_00_6I1J01_800.jpg,https://mars.nasa.gov/mars2020-raw-images/pub/ods/surface/sol/00016/ids/edr/browse/ncam/NLM_0016_0668373942_940ECM_T0030578NCAM00500_00_6I1J01_320.jpg,https://mars.nasa.gov/mars2020-raw-images/pub/ods/surface/sol/00016/ids/edr/browse/ncam/NLM_0016_0668373942_940ECM_T0030578NCAM00500_00_6I1J01.png,https://mars.nasa.gov/mars2020-raw-images/pub/ods/surface/sol/00016/ids/edr/browse/ncam/NLM_0016_0668373942_940ECM_T0030578NCAM00500_00_6I1J01_1200.jpg,UNK,"(0.32519664878597176,-0.935455124679249,0.13845883622833366)","(0.646956,0.361229,-1.95961);(0.326684,-0.935375,0.135523);(56.7344,-22.2405,5.38256);(7.72752,-22.0069,49.8389);(0.328023,-0.934889,0.135641);(2e-06,0.049535,-0.015973);(-0.003612,0.013016,-0.023961);2.0;0.0","(0.646956,0.361229,-1.95961)",NAVCAM_LEFT,CAHVORE
16,"(0.8129,-0.0120277,0.0123195,0.582148)",NLM_0016_0668374300_362ECM_T0030578NCAM00500_00_6I1J,"NASA's Mars Perseverance rover acquired this image using its onboard Left Navigation Camera (Navcam). The camera is located high on the rover's mast and aids in driving. 

This image was acquired on Mar. 7, 2021 (Sol 16) at the local mean solar time of 16:09:04.",Thumbnail,Sol-00016M16:09:04.781,NASA/JPL-Caltech,2021-03-07T09:11:26.000,https://mars.nasa.gov/rss/api/?feed=raw_images&category=mars2020&feedtype=json&id=NLM_0016_0668374300_362ECM_T0030578NCAM00500_00_6I1J,https://mars.nasa.gov/mars2020/multimedia/raw-images/?id=NLM_0016_0668374300_362ECM_T0030578NCAM00500_00_6I1J,578,Mars Perseverance Sol 16: Left Navigation Camera (Navcam),3,2021-03-07T09:18:43Z,216.866,-5.25891,668374300.464,64,"(39.3213,34.1703,-0.00444177)","(1,1,5120,3840)","(80,60)",https://mars.nasa.gov/mars2020-raw-images/pub/ods/surface/sol/00016/ids/edr/browse/ncam/NLM_0016_0668374300_362ECM_T0030578NCAM00500_00_6I1J01_800.jpg,https://mars.nasa.gov/mars2020-raw-images/pub/ods/surface/sol/00016/ids/edr/browse/ncam/NLM_0016_0668374300_362ECM_T0030578NCAM00500_00_6I1J01_320.jpg,https://mars.nasa.gov/mars2020-raw-images/pub/ods/surface/sol/00016/ids/edr/browse/ncam/NLM_0016_0668374300_362ECM_T0030578NCAM00500_00_6I1J01.png,https://mars.nasa.gov/mars2020-raw-images/pub/ods/surface/sol/00016/ids/edr/browse/ncam/NLM_0016_0668374300_362ECM_T0030578NCAM00500_00_6I1J01_1200.jpg,UNK,"(-0.7892947528232201,-0.6054136192530739,0.10241163404919346)","(0.568352,0.648153,-1.96427);(-0.788668,-0.606733,0.0994615);(-3.4185,-60.9555,3.89198);(-19.8568,-15.3832,48.9592);(-0.78779,-0.607854,0.0995785);(2e-06,0.049535,-0.015973);(-0.003612,0.013016,-0.023961);2.0;0.0","(0.568352,0.648153,-1.96427)",NAVCAM_LEFT,CAHVORE
16,"(0.8129,-0.0120277,0.0123195,0.582148)",NLF_0016_0668374116_362ECM_T0030578NCAM00500_01_600J,"NASA's Mars Perseverance rover acquired this image using its onboard Left Navigation Camera (Navcam). The camera is located high on the rover's mast and aids in driving. 

This image was acquired on Mar. 7, 2021 (Sol 16) at the local mean solar time of 16:06:05.",Thumbnail,Sol-00016M16:06:05.703,NASA/JPL-Caltech,2021-03-07T09:11:25.000,https://mars.nasa.gov/rss/api/?feed=raw_images&category=mars2020&feedtype=json&id=NLF_0016_0668374116_362ECM_T0030578NCAM00500_01_600J,https://mars.nasa.gov/mars2020/multimedia/raw-images/?id=NLF_0016_0668374116_362ECM_T0030578NCAM00500_01_600J,578,Mars Perseverance Sol 16: Left Navigation Camera (Navcam),3,2021-03-07T09:18:43Z,73.0179,-8.07128,668374117.217,64,"(39.3213,34.1703,-0.00444177)","(1,1441,5120,960)","(80,60)",https://mars.nasa.gov/mars2020-raw-images/pub/ods/surface/sol/00016/ids/edr/browse/ncam/NLF_0016_0668374116_362ECM_T0030578NCAM00500_01_600J01_800.jpg,https://mars.nasa.gov/mars2020-raw-images/pub/ods/surface/sol/00016/ids/edr/browse/ncam/NLF_0016_0668374116_362ECM_T0030578NCAM00500_01_600J01_320.jpg,https://mars.nasa.gov/mars2020-raw-images/pub/ods/surface/sol/00016/ids/edr/browse/ncam/NLF_0016_0668374116_362ECM_T0030578NCAM00500_01_600J01.png,https://mars.nasa.gov/mars2020-raw-images/pub/ods/surface/sol/00016/ids/edr/browse/ncam/NLF_0016_0668374116_362ECM_T0030578NCAM00500_01_600J01_1200.jpg,UNK,"(0.2702162639234466,0.9157229567248774,-0.2973796180613302)","(1.04899,0.629325,-1.95736);(0.277102,0.949358,0.148152);(-33.2673,51.013,5.77595);(6.20961,21.8206,50.1322);(0.27573,0.94974,0.148266);(2e-06,0.049535,-0.015973);(-0.003612,0.013016,-0.023961);2.0;0.0","(1.04899,0.629325,-1.95736)",NAVCAM_LEFT,CAHVORE
16,"(0.8129,-0.0120277,0.0123195,0.582148)",NLM_0016_0668374086_224ECM_T0030578NCAM00500_00_6I1J,"NASA's Mars Perseverance rover acquired this image using its onboard Left Navigation Camera (Navcam). The camera is located high on the rover's mast and aids in driving. 

This image was acquired on Mar. 7, 2021 (Sol 16) at the local mean solar time of 16:05:36.",Thumbnail,Sol-00016M16:05:36.371,NASA/JPL-Caltech,2021-03-07T09:11:20.000,https://mars.nasa.gov/rss/api/?feed=raw_images&category=mars2020&feedtype=json&id=NLM_0016_0668374086_224ECM_T0030578NCAM00500_00_6I1J,https://mars.nasa.gov/mars2020/multimedia/raw-images/?id=NLM_0016_0668374086_224ECM_T0030578NCAM00500_00_6I1J,578,Mars Perseverance Sol 16: Left Navigation Camera (Navcam),3,2021-03-07T09:18:43Z,73.0179,-8.07128,668374087.104,64,"(39.3213,34.1703,-0.00444177)","(1,1,5120,3840)","(80,60)",https://mars.nasa.gov/mars2020-raw-images/pub/ods/surface/sol/00016/ids/edr/browse/ncam/NLM_0016_0668374086_224ECM_T0030578NCAM00500_00_6I1J01_800.jpg,https://mars.nasa.gov/mars2020-raw-images/pub/ods/surface/sol/00016/ids/edr/browse/ncam/NLM_0016_0668374086_224ECM_T0030578NCAM00500_00_6I1J01_320.jpg,https://mars.nasa.gov/mars2020-raw-images/pub/ods/surface/sol/00016/ids/edr/browse/ncam/NLM_0016_0668374086_224ECM_T0030578NCAM00500_00_6I1J01.png,https://mars.nasa.gov/mars2020-raw-images/pub/ods/surface/sol/00016/ids/edr/browse/ncam/NLM_0016_0668374086_224ECM_T0030578NCAM00500_00_6I1J01_1200.jpg,UNK,"(0.2783414231967821,0.9485246083730763,0.15108646346874416)","(1.04899,0.629325,-1.95736);(0.277102,0.949358,0.148152);(-33.2673,51.013,5.77595);(6.20961,21.8206,50.1322);(0.27573,0.94974,0.148266);(2e-06,0.049535,-0.015973);(-0.003612,0.013016,-0.023961);2.0;0.0","(1.04899,0.629325,-1.95736)",NAVCAM_LEFT,CAHVORE
16,"(0.8129,-0.0120277,0.0123195,0.582148)",NLF_0016_0668374048_116ECM_T0030578NCAM00500_01_600J,"NASA's Mars Perseverance rover acquired this image using its onboard Left Navigation Camera (Navcam). The camera is located high on the rover's mast and aids in driving. 

This image was acquired on Mar. 7, 2021 (Sol 16) at the local mean solar time of 16:04:59.",Thumbnail,Sol-00016M16:04:59.283,NASA/JPL-Caltech,2021-03-07T09:11:19.000,https://mars.nasa.gov/rss/api/?feed=raw_images&category=mars2020&feedtype=json&id=NLF_0016_0668374048_116ECM_T0030578NCAM00500_01_600J,https://mars.nasa.gov/mars2020/multimedia/raw-images/?id=NLF_0016_0668374048_116ECM_T0030578NCAM00500_01_600J,578,Mars Perseverance Sol 16: Left Navigation Camera (Navcam),3,2021-03-07T09:18:43Z,0.741013,-8.74056,668374048.996,64,"(39.3213,34.1703,-0.00444177)","(1,1441,5120,960)","(80,60)",https://mars.nasa.gov/mars2020-raw-images/pub/ods/surface/sol/00016/ids/edr/browse/ncam/NLF_0016_0668374048_116ECM_T0030578NCAM00500_01_600J01_800.jpg,https://mars.nasa.gov/mars2020-raw-images/pub/ods/surface/sol/00016/ids/edr/browse/ncam/NLF_0016_0668374048_116ECM_T0030578NCAM00500_01_600J01_320.jpg,https://mars.nasa.gov/mars2020-raw-images/pub/ods/surface/sol/00016/ids/edr/browse/ncam/NLF_0016_0668374048_116ECM_T0030578NCAM00500_01_600J01.png,https://mars.nasa.gov/mars2020-raw-images/pub/ods/surface/sol/00016/ids/edr/browse/ncam/NLF_0016_0668374048_116ECM_T0030578NCAM00500_01_600J01_1200.jpg,UNK,"(0.9579164274985201,0.02215642893119749,-0.2861908639098902)","(0.946311,0.348377,-1.95611);(0.986854,0.0250141,0.159714);(38.3823,47.2161,6.3119);(22.0891,0.639727,50.3944);(0.986798,0.0264371,0.159831);(2e-06,0.049535,-0.015973);(-0.003612,0.013016,-0.023961);2.0;0.0","(0.946311,0.348377,-1.95611)",NAVCAM_LEFT,CAHVORE
16,"(0.8129,-0.0120277,0.0123195,0.582148)",NLF_0016_0668374176_972ECM_T0030578NCAM00500_01_600J,"NASA's Mars Perseverance rover acquired this image using its onboard Left Navigation Camera (Navcam). The camera is located high on the rover's mast and aids in driving. 

This image was acquired on Mar. 7, 2021 (Sol 16) at the local mean solar time of 16:07:04.",Thumbnail,Sol-00016M16:07:04.691,NASA/JPL-Caltech,2021-03-07T09:11:19.000,https://mars.nasa.gov/rss/api/?feed=raw_images&category=mars2020&feedtype=json&id=NLF_0016_0668374176_972ECM_T0030578NCAM00500_01_600J,https://mars.nasa.gov/mars2020/multimedia/raw-images/?id=NLF_0016_0668374176_972ECM_T0030578NCAM00500_01_600J,578,Mars Perseverance Sol 16: Left Navigation Camera (Navcam),3,2021-03-07T09:18:43Z,144.938,-5.57943,668374177.329,64,"(39.3213,34.1703,-0.00444177)","(1,1441,5120,960)","(80,60)",https://mars.nasa.gov/mars2020-raw-images/pub/ods/surface/sol/00016/ids/edr/browse/ncam/NLF_0016_0668374176_972ECM_T0030578NCAM00500_01_600J01_800.jpg,https://mars.nasa.gov/mars2020-raw-images/pub/ods/surface/sol/00016/ids/edr/browse/ncam/NLF_0016_0668374176_972ECM_T0030578NCAM00500_01_600J01_320.jpg,https://mars.nasa.gov/mars2020-raw-images/pub/ods/surface/sol/00016/ids/edr/browse/ncam/NLF_0016_0668374176_972ECM_T0030578NCAM00500_01_600J01.png,https://mars.nasa.gov/mars2020-raw-images/pub/ods/surface/sol/00016/ids/edr/browse/ncam/NLF_0016_0668374176_972ECM_T0030578NCAM00500_01_600J01_1200.jpg,UNK,"(-0.7751882280238859,0.5333102194871204,-0.3386198767405532)","(0.815764,0.812096,-1.9632);(-0.821,0.561203,0.105003);(-58.9959,-15.6691,4.04491);(-20.5983,13.8931,49.0982);(-0.821793,0.56002,0.105118);(2e-06,0.049535,-0.015973);(-0.003612,0.013016,-0.023961);2.0;0.0","(0.815764,0.812096,-1.9632)",NAVCAM_LEFT,CAHVORE
16,"(0.8129,-0.0120277,0.0123195,0.582148)",NLF_0016_0668374300_362ECM_T0030578NCAM00500_01_600J,"NASA's Mars Perseverance rover acquired this image using its onboard Left Navigation Camera (Navcam). The camera is located high on the rover's mast and aids in driving. 

This image was acquired on Mar. 7, 2021 (Sol 16) at the local mean solar time of 16:09:04.",Thumbnail,Sol-00016M16:09:04.781,NASA/JPL-Caltech,2021-03-07T09:11:19.000,https://mars.nasa.gov/rss/api/?feed=raw_images&category=mars2020&feedtype=json&id=NLF_0016_0668374300_362ECM_T0030578NCAM00500_01_600J,https://mars.nasa.gov/mars2020/multimedia/raw-images/?id=NLF_0016_0668374300_362ECM_T0030578NCAM00500_01_600J,578,Mars Perseverance Sol 16: Left Navigation Camera (Navcam),3,2021-03-07T09:18:43Z,216.866,-5.25891,668374300.464,64,"(39.3213,34.1703,-0.00444177)","(1,1441,5120,960)","(80,60)",https://mars.nasa.gov/mars2020-raw-images/pub/ods/surface/sol/00016/ids/edr/browse/ncam/NLF_0016_0668374300_362ECM_T0030578NCAM00500_01_600J01_800.jpg,https://mars.nasa.gov/mars2020-raw-images/pub/ods/surface/sol/00016/ids/edr/browse/ncam/NLF_0016_0668374300_362ECM_T0030578NCAM00500_01_600J01_320.jpg,https://mars.nasa.gov/mars2020-raw-images/pub/ods/surface/sol/00016/ids/edr/browse/ncam/NLF_0016_0668374300_362ECM_T0030578NCAM00500_01_600J01.png,https://mars.nasa.gov/mars2020-raw-images/pub/ods/surface/sol/00016/ids/edr/browse/ncam/NLF_0016_0668374300_362ECM_T0030578NCAM00500_01_600J01_1200.jpg,UNK,"(-0.745583273728894,-0.5708469342329896,-0.34385950563057327)","(0.568352,0.648153,-1.96427);(-0.788668,-0.606733,0.0994615);(-3.4185,-60.9555,3.89198);(-19.8568,-15.3832,48.9592);(-0.78779,-0.607854,0.0995785);(2e-06,0.049535,-0.015973);(-0.003612,0.013016,-0.023961);2.0;0.0","(0.568352,0.648153,-1.96427)",NAVCAM_LEFT,CAHVORE
16,"(0.8129,-0.0120277,0.0123195,0.582148)",NLM_0016_0668373957_362ECM_T0030578NCAM00500_00_6I1J,"NASA's Mars Perseverance rover acquired this image using its onboard Left Navigation Camera (Navcam). The camera is located high on the rover's mast and aids in driving. 

This image was acquired on Mar. 7, 2021 (Sol 16) at the local mean solar time of 16:03:30.",Thumbnail,Sol-00016M16:03:30.956,NASA/JPL-Caltech,2021-03-07T09:11:19.000,https://mars.nasa.gov/rss/api/?feed=raw_images&category=mars2020&feedtype=json&id=NLM_0016_0668373957_362ECM_T0030578NCAM00500_00_6I1J,https://mars.nasa.gov/mars2020/multimedia/raw-images/?id=NLM_0016_0668373957_362ECM_T0030578NCAM00500_00_6I1J,578,Mars Perseverance Sol 16: Left Navigation Camera (Navcam),3,2021-03-07T09:18:43Z,288.544,-7.33864,668373957.914,64,"(39.3213,34.1703,-0.00444177)","(1,1,5120,3840)","(80,60)",https://mars.nasa.gov/mars2020-raw-images/pub/ods/surface/sol/00016/ids/edr/browse/ncam/NLM_0016_0668373957_362ECM_T0030578NCAM00500_00_6I1J01_800.jpg,https://mars.nasa.gov/mars2020-raw-images/pub/ods/surface/sol/00016/ids/edr/browse/ncam/NLM_0016_0668373957_362ECM_T0030578NCAM00500_00_6I1J01_320.jpg,https://mars.nasa.gov/mars2020-raw-images/pub/ods/surface/sol/00016/ids/edr/browse/ncam/NLM_0016_0668373957_362ECM_T0030578NCAM00500_00_6I1J01.png,https://mars.nasa.gov/mars2020-raw-images/pub/ods/surface/sol/00016/ids/edr/browse/ncam/NLM_0016_0668373957_362ECM_T0030578NCAM00500_00_6I1J01_1200.jpg,UNK,"(0.32519664878597176,-0.935455124679249,0.13845883622833366)","(0.646956,0.361229,-1.95961);(0.326684,-0.935375,0.135523);(56.7344,-22.2405,5.38256);(7.72752,-22.0069,49.8389);(0.328023,-0.934889,0.135641);(2e-06,0.049535,-0.015973);(-0.003612,0.013016,-0.023961);2.0;0.0","(0.646956,0.361229,-1.95961)",NAVCAM_LEFT,CAHVORE
16,"(0.8129,-0.0120277,0.0123195,0.582148)",NLM_0016_0668374364_987ECM_T0030578NCAM00501_00_6I1J,"NASA's Mars Perseverance rover acquired this image using its onboard Left Navigation Camera (Navcam). The camera is located high on the rover's mast and aids in driving. 

This image was acquired on Mar. 7, 2021 (Sol 16) at the local mean solar time of 16:10:07.",Thumbnail,Sol-00016M16:10:07.677,NASA/JPL-Caltech,2021-03-07T09:11:19.000,https://mars.nasa.gov/rss/api/?feed=raw_images&category=mars2020&feedtype=json&id=NLM_0016_0668374364_987ECM_T0030578NCAM00501_00_6I1J,https://mars.nasa.gov/mars2020/multimedia/raw-images/?id=NLM_0016_0668374364_987ECM_T0030578NCAM00501_00_6I1J,578,Mars Perseverance Sol 16: Left Navigation Camera (Navcam),3,2021-03-07T09:18:43Z,179.984,25.0133,668374364.991,64,"(39.3213,34.1703,-0.00444177)","(1,1,5120,3840)","(80,60)",https://mars.nasa.gov/mars2020-raw-images/pub/ods/surface/sol/00016/ids/edr/browse/ncam/NLM_0016_0668374364_987ECM_T0030578NCAM00501_00_6I1J01_800.jpg,https://mars.nasa.gov/mars2020-raw-images/pub/ods/surface/sol/00016/ids/edr/browse/ncam/NLM_0016_0668374364_987ECM_T0030578NCAM00501_00_6I1J01_320.jpg,https://mars.nasa.gov/mars2020-raw-images/pub/ods/surface/sol/00016/ids/edr/browse/ncam/NLM_0016_0668374364_987ECM_T0030578NCAM00501_00_6I1J01.png,https://mars.nasa.gov/mars2020-raw-images/pub/ods/surface/sol/00016/ids/edr/browse/ncam/NLM_0016_0668374364_987ECM_T0030578NCAM00501_00_6I1J01_1200.jpg,UNK,"(-0.9106509096570914,-0.010624925307598811,-0.41303998801922326)","(0.709815,0.772702,-2.02563);(-0.909411,-0.0120406,-0.415741);(-35.814,-46.7067,-16.6806);(-46.3705,-0.631053,29.6194);(-0.909441,-0.0134649,-0.415632);(2e-06,0.049535,-0.015973);(-0.003612,0.013016,-0.023961);2.0;0.0","(0.709815,0.772702,-2.02563)",NAVCAM_LEFT,CAHVORE
16,"(0.8129,-0.0120277,0.0123195,0.582148)",NLM_0016_0668374517_221ECM_T0030578NCAM00501_00_6I1J,"NASA's Mars Perseverance rover acquired this image using its onboard Left Navigation Camera (Navcam). The camera is located high on the rover's mast and aids in driving. 

This image was acquired on Mar. 7, 2021 (Sol 16) at the local mean solar time of 16:12:35.",Thumbnail,Sol-00016M16:12:35.840,NASA/JPL-Caltech,2021-03-07T09:11:19.000,https://mars.nasa.gov/rss/api/?feed=raw_images&category=mars2020&feedtype=json&id=NLM_0016_0668374517_221ECM_T0030578NCAM00501_00_6I1J,https://mars.nasa.gov/mars2020/multimedia/raw-images/?id=NLM_0016_0668374517_221ECM_T0030578NCAM00501_00_6I1J,578,Mars Perseverance Sol 16: Left Navigation Camera (Navcam),3,2021-03-07T09:18:43Z,90.0128,24.9868,668374518.152,64,"(39.3213,34.1703,-0.00444177)","(1,1,5120,3840)","(80,60)",https://mars.nasa.gov/mars2020-raw-images/pub/ods/surface/sol/00016/ids/edr/browse/ncam/NLM_0016_0668374517_221ECM_T0030578NCAM00501_00_6I1J01_800.jpg,https://mars.nasa.gov/mars2020-raw-images/pub/ods/surface/sol/00016/ids/edr/browse/ncam/NLM_0016_0668374517_221ECM_T0030578NCAM00501_00_6I1J01_320.jpg,https://mars.nasa.gov/mars2020-raw-images/pub/ods/surface/sol/00016/ids/edr/browse/ncam/NLM_0016_0668374517_221ECM_T0030578NCAM00501_00_6I1J01.png,https://mars.nasa.gov/mars2020-raw-images/pub/ods/surface/sol/00016/ids/edr/browse/ncam/NLM_0016_0668374517_221ECM_T0030578NCAM00501_00_6I1J01_1200.jpg,UNK,"(-0.011094692378853535,0.9108349917222248,-0.4126215283469746)","(1.01821,0.654812,-2.02545);(-0.012507,0.909596,-0.415324);(-46.7249,35.7848,-16.6924);(-0.685859,46.3562,29.6407);(-0.0139314,0.909625,-0.415215);(2e-06,0.049535,-0.015973);(-0.003612,0.013016,-0.023961);2.0;0.0","(1.01821,0.654812,-2.02545)",NAVCAM_LEFT,CAHVORE
16,"(0.8129,-0.0120277,0.0123195,0.582148)",NLF_0016_0668373957_362ECM_T0030578NCAM00500_01_600J,"NASA's Mars Perseverance rover acquired this image using its onboard Left Navigation Camera (Navcam). The camera is located high on the rover's mast and aids in driving. 

This image was acquired on Mar. 7, 2021 (Sol 16) at the local mean solar time of 16:03:30.",Thumbnail,Sol-00016M16:03:30.956,NASA/JPL-Caltech,2021-03-07T09:11:18.000,https://mars.nasa.gov/rss/api/?feed=raw_images&category=mars2020&feedtype=json&id=NLF_0016_0668373957_362ECM_T0030578NCAM00500_01_600J,https://mars.nasa.gov/mars2020/multimedia/raw-images/?id=NLF_0016_0668373957_362ECM_T0030578NCAM00500_01_600J,578,Mars Perseverance Sol 16: Left Navigation Camera (Navcam),3,2021-03-07T09:18:43Z,288.544,-7.33864,668373957.914,64,"(39.3213,34.1703,-0.00444177)","(1,1441,5120,960)","(80,60)",https://mars.nasa.gov/mars2020-raw-images/pub/ods/surface/sol/00016/ids/edr/browse/ncam/NLF_0016_0668373957_362ECM_T0030578NCAM00500_01_600J01_800.jpg,https://mars.nasa.gov/mars2020-raw-images/pub/ods/surface/sol/00016/ids/edr/browse/ncam/NLF_0016_0668373957_362ECM_T0030578NCAM00500_01_600J01_320.jpg,https://mars.nasa.gov/mars2020-raw-images/pub/ods/surface/sol/00016/ids/edr/browse/ncam/NLF_0016_0668373957_362ECM_T0030578NCAM00500_01_600J01.png,https://mars.nasa.gov/mars2020-raw-images/pub/ods/surface/sol/00016/ids/edr/browse/ncam/NLF_0016_0668373957_362ECM_T0030578NCAM00500_01_600J01_1200.jpg,UNK,"(0.31188537124546745,-0.898282317153202,-0.3095422328099203)","(0.646956,0.361229,-1.95961);(0.326684,-0.935375,0.135523);(56.7344,-22.2405,5.38256);(7.72752,-22.0069,49.8389);(0.328023,-0.934889,0.135641);(2e-06,0.049535,-0.015973);(-0.003612,0.013016,-0.023961);2.0;0.0","(0.646956,0.361229,-1.95961)",NAVCAM_LEFT,CAHVORE
16,"(0.8129,-0.0120277,0.0123195,0.582148)",NLF_0016_0668374102_163ECM_T0030578NCAM00500_01_600J,"NASA's Mars Perseverance rover acquired this image using its onboard Left Navigation Camera (Navcam). The camera is located high on the rover's mast and aids in driving. 

This image was acquired on Mar. 7, 2021 (Sol 16) at the local mean solar time of 16:05:51.",Thumbnail,Sol-00016M16:05:51.884,NASA/JPL-Caltech,2021-03-07T09:11:18.000,https://mars.nasa.gov/rss/api/?feed=raw_images&category=mars2020&feedtype=json&id=NLF_0016_0668374102_163ECM_T0030578NCAM00500_01_600J,https://mars.nasa.gov/mars2020/multimedia/raw-images/?id=NLF_0016_0668374102_163ECM_T0030578NCAM00500_01_600J,578,Mars Perseverance Sol 16: Left Navigation Camera (Navcam),3,2021-03-07T09:18:43Z,73.0179,-8.07128,668374103.018,64,"(39.3213,34.1703,-0.00444177)","(1,1441,5120,960)","(80,60)",https://mars.nasa.gov/mars2020-raw-images/pub/ods/surface/sol/00016/ids/edr/browse/ncam/NLF_0016_0668374102_163ECM_T0030578NCAM00500_01_600J01_800.jpg,https://mars.nasa.gov/mars2020-raw-images/pub/ods/surface/sol/00016/ids/edr/browse/ncam/NLF_0016_0668374102_163ECM_T0030578NCAM00500_01_600J01_320.jpg,https://mars.nasa.gov/mars2020-raw-images/pub/ods/surface/sol/00016/ids/edr/browse/ncam/NLF_0016_0668374102_163ECM_T0030578NCAM00500_01_600J01.png,https://mars.nasa.gov/mars2020-raw-images/pub/ods/surface/sol/00016/ids/edr/browse/ncam/NLF_0016_0668374102_163ECM_T0030578NCAM00500_01_600J01_1200.jpg,UNK,"(0.2702162639234466,0.9157229567248774,-0.2973796180613302)","(1.04899,0.629325,-1.95736);(0.277102,0.949358,0.148152);(-33.2673,51.013,5.77595);(6.20961,21.8206,50.1322);(0.27573,0.94974,0.148266);(2e-06,0.049535,-0.015973);(-0.003612,0.013016,-0.023961);2.0;0.0","(1.04899,0.629325,-1.95736)",NAVCAM_LEFT,CAHVORE
16,"(0.8129,-0.0120277,0.0123195,0.582148)",NLF_0016_0668374364_987ECM_T0030578NCAM00501_01_600J,"NASA's Mars Perseverance rover acquired this image using its onboard Left Navigation Camera (Navcam). The camera is located high on the rover's mast and aids in driving. 

This image was acquired on Mar. 7, 2021 (Sol 16) at the local mean solar time of 16:10:07.",Thumbnail,Sol-00016M16:10:07.677,NASA/JPL-Caltech,2021-03-07T09:11:18.000,https://mars.nasa.gov/rss/api/?feed=raw_images&category=mars2020&feedtype=json&id=NLF_0016_0668374364_987ECM_T0030578NCAM00501_01_600J,https://mars.nasa.gov/mars2020/multimedia/raw-images/?id=NLF_0016_0668374364_987ECM_T0030578NCAM00501_01_600J,578,Mars Perseverance Sol 16: Left Navigation Camera (Navcam),3,2021-03-07T09:18:43Z,179.984,25.0133,668374364.991,64,"(39.3213,34.1703,-0.00444177)","(1,1,5120,3840)","(80,60)",https://mars.nasa.gov/mars2020-raw-images/pub/ods/surface/sol/00016/ids/edr/browse/ncam/NLF_0016_0668374364_987ECM_T0030578NCAM00501_01_600J01_800.jpg,https://mars.nasa.gov/mars2020-raw-images/pub/ods/surface/sol/00016/ids/edr/browse/ncam/NLF_0016_0668374364_987ECM_T0030578NCAM00501_01_600J01_320.jpg,https://mars.nasa.gov/mars2020-raw-images/pub/ods/surface/sol/00016/ids/edr/browse/ncam/NLF_0016_0668374364_987ECM_T0030578NCAM00501_01_600J01.png,https://mars.nasa.gov/mars2020-raw-images/pub/ods/surface/sol/00016/ids/edr/browse/ncam/NLF_0016_0668374364_987ECM_T0030578NCAM00501_01_600J01_1200.jpg,UNK,"(-0.9106509096570914,-0.010624925307598811,-0.41303998801922326)","(0.709815,0.772702,-2.02563);(-0.909411,-0.0120406,-0.415741);(-35.814,-46.7067,-16.6806);(-46.3705,-0.631053,29.6194);(-0.909441,-0.0134649,-0.415632);(2e-06,0.049535,-0.015973);(-0.003612,0.013016,-0.023961);2.0;0.0","(0.709815,0.772702,-2.02563)",NAVCAM_LEFT,CAHVORE
16,"(0.8129,-0.0120277,0.0123195,0.582148)",NLM_0016_0668374018_309ECM_T0030578NCAM00500_00_6I1J,"NASA's Mars Perseverance rover acquired this image using its onboard Left Navigation Camera (Navcam). The camera is located high on the rover's mast and aids in driving. 

This image was acquired on Mar. 7, 2021 (Sol 16) at the local mean solar time of 16:04:30.",Thumbnail,Sol-00016M16:04:30.272,NASA/JPL-Caltech,2021-03-07T09:11:18.000,https://mars.nasa.gov/rss/api/?feed=raw_images&category=mars2020&feedtype=json&id=NLM_0016_0668374018_309ECM_T0030578NCAM00500_00_6I1J,https://mars.nasa.gov/mars2020/multimedia/raw-images/?id=NLM_0016_0668374018_309ECM_T0030578NCAM00500_00_6I1J,578,Mars Perseverance Sol 16: Left Navigation Camera (Navcam),3,2021-03-07T09:18:43Z,0.741013,-8.74056,668374019.178,64,"(39.3213,34.1703,-0.00444177)","(1,1,5120,3840)","(80,60)",https://mars.nasa.gov/mars2020-raw-images/pub/ods/surface/sol/00016/ids/edr/browse/ncam/NLM_0016_0668374018_309ECM_T0030578NCAM00500_00_6I1J01_800.jpg,https://mars.nasa.gov/mars2020-raw-images/pub/ods/surface/sol/00016/ids/edr/browse/ncam/NLM_0016_0668374018_309ECM_T0030578NCAM00500_00_6I1J01_320.jpg,https://mars.nasa.gov/mars2020-raw-images/pub/ods/surface/sol/00016/ids/edr/browse/ncam/NLM_0016_0668374018_309ECM_T0030578NCAM00500_00_6I1J01.png,https://mars.nasa.gov/mars2020-raw-images/pub/ods/surface/sol/00016/ids/edr/browse/ncam/NLM_0016_0668374018_309ECM_T0030578NCAM00500_00_6I1J01_1200.jpg,UNK,"(0.9864035930740757,0.02357394958682345,0.1626413860966239)","(0.946311,0.348377,-1.95611);(0.986854,0.0250141,0.159714);(38.3823,47.2161,6.3119);(22.0891,0.639727,50.3944);(0.986798,0.0264371,0.159831);(2e-06,0.049535,-0.015973);(-0.003612,0.013016,-0.023961);2.0;0.0","(0.946311,0.348377,-1.95611)",NAVCAM_LEFT,CAHVORE
16,"(0.8129,-0.0120277,0.0123195,0.582148)",NLM_0016_0668374176_972ECM_T0030578NCAM00500_00_6I1J,"NASA's Mars Perseverance rover acquired this image using its onboard Left Navigation Camera (Navcam). The camera is located high on the rover's mast and aids in driving. 

This image was acquired on Mar. 7, 2021 (Sol 16) at the local mean solar time of 16:07:04.",Thumbnail,Sol-00016M16:07:04.691,NASA/JPL-Caltech,2021-03-07T09:11:18.000,https://mars.nasa.gov/rss/api/?feed=raw_images&category=mars2020&feedtype=json&id=NLM_0016_0668374176_972ECM_T0030578NCAM00500_00_6I1J,https://mars.nasa.gov/mars2020/multimedia/raw-images/?id=NLM_0016_0668374176_972ECM_T0030578NCAM00500_00_6I1J,578,Mars Perseverance Sol 16: Left Navigation Camera (Navcam),3,2021-03-07T09:18:43Z,144.938,-5.57943,668374177.329,64,"(39.3213,34.1703,-0.00444177)","(1,1,5120,3840)","(80,60)",https://mars.nasa.gov/mars2020-raw-images/pub/ods/surface/sol/00016/ids/edr/browse/ncam/NLM_0016_0668374176_972ECM_T0030578NCAM00500_00_6I1J01_800.jpg,https://mars.nasa.gov/mars2020-raw-images/pub/ods/surface/sol/00016/ids/edr/browse/ncam/NLM_0016_0668374176_972ECM_T0030578NCAM00500_00_6I1J01_320.jpg,https://mars.nasa.gov/mars2020-raw-images/pub/ods/surface/sol/00016/ids/edr/browse/ncam/NLM_0016_0668374176_972ECM_T0030578NCAM00500_00_6I1J01.png,https://mars.nasa.gov/mars2020-raw-images/pub/ods/surface/sol/00016/ids/edr/browse/ncam/NLM_0016_0668374176_972ECM_T0030578NCAM00500_00_6I1J01_1200.jpg,UNK,"(-0.8199297693528423,0.5621932988892447,0.10795308246188826)","(0.815764,0.812096,-1.9632);(-0.821,0.561203,0.105003);(-58.9959,-15.6691,4.04491);(-20.5983,13.8931,49.0982);(-0.821793,0.56002,0.105118);(2e-06,0.049535,-0.015973);(-0.003612,0.013016,-0.023961);2.0;0.0","(0.815764,0.812096,-1.9632)",NAVCAM_LEFT,CAHVORE
16,"(0.8129,-0.0120277,0.0123195,0.582148)",NLM_0016_0668374423_442ECM_T0030578NCAM00501_00_6I1J,"NASA's Mars Perseverance rover acquired this image using its onboard Left Navigation Camera (Navcam). The camera is located high on the rover's mast and aids in driving. 

This image was acquired on Mar. 7, 2021 (Sol 16) at the local mean solar time of 16:11:04.",Thumbnail,Sol-00016M16:11:04.570,NASA/JPL-Caltech,2021-03-07T09:11:18.000,https://mars.nasa.gov/rss/api/?feed=raw_images&category=mars2020&feedtype=json&id=NLM_0016_0668374423_442ECM_T0030578NCAM00501_00_6I1J,https://mars.nasa.gov/mars2020/multimedia/raw-images/?id=NLM_0016_0668374423_442ECM_T0030578NCAM00501_00_6I1J,578,Mars Perseverance Sol 16: Left Navigation Camera (Navcam),3,2021-03-07T09:18:43Z,269.796,24.9793,668374423.872,64,"(39.3213,34.1703,-0.00444177)","(1,1,5120,3840)","(80,60)",https://mars.nasa.gov/mars2020-raw-images/pub/ods/surface/sol/00016/ids/edr/browse/ncam/NLM_0016_0668374423_442ECM_T0030578NCAM00501_00_6I1J01_800.jpg,https://mars.nasa.gov/mars2020-raw-images/pub/ods/surface/sol/00016/ids/edr/browse/ncam/NLM_0016_0668374423_442ECM_T0030578NCAM00501_00_6I1J01_320.jpg,https://mars.nasa.gov/mars2020-raw-images/pub/ods/surface/sol/00016/ids/edr/browse/ncam/NLM_0016_0668374423_442ECM_T0030578NCAM00501_00_6I1J01.png,https://mars.nasa.gov/mars2020-raw-images/pub/ods/surface/sol/00016/ids/edr/browse/ncam/NLM_0016_0668374423_442ECM_T0030578NCAM00501_00_6I1J01_1200.jpg,UNK,"(0.007621691356167973,-0.9109356598145101,-0.4124780400205256)","(0.591513,0.465113,-2.02597);(0.00904799,-0.909703,-0.415179);(46.589,-36.0174,-16.5717);(0.383284,-46.3549,29.6481);(0.010472,-0.909739,-0.415067);(2e-06,0.049535,-0.015973);(-0.003612,0.013016,-0.023961);2.0;0.0","(0.591513,0.465113,-2.02597)",NAVCAM_LEFT,CAHVORE
16,"(0.8129,-0.0120277,0.0123195,0.582148)",NLM_0016_0668374472_989ECM_T0030578NCAM00501_00_6I1J,"NASA's Mars Perseverance rover acquired this image using its onboard Left Navigation Camera (Navcam). The camera is located high on the rover's mast and aids in driving. 

This image was acquired on Mar. 7, 2021 (Sol 16) at the local mean solar time of 16:11:52.",Thumbnail,Sol-00016M16:11:52.791,NASA/JPL-Caltech,2021-03-07T09:11:18.000,https://mars.nasa.gov/rss/api/?feed=raw_images&category=mars2020&feedtype=json&id=NLM_0016_0668374472_989ECM_T0030578NCAM00501_00_6I1J,https://mars.nasa.gov/mars2020/multimedia/raw-images/?id=NLM_0016_0668374472_989ECM_T0030578NCAM00501_00_6I1J,578,Mars Perseverance Sol 16: Left Navigation Camera (Navcam),3,2021-03-07T09:18:43Z,359.999,25.1599,668374474.053,64,"(39.3213,34.1703,-0.00444177)","(1,1,5120,3840)","(80,60)",https://mars.nasa.gov/mars2020-raw-images/pub/ods/surface/sol/00016/ids/edr/browse/ncam/NLM_0016_0668374472_989ECM_T0030578NCAM00501_00_6I1J01_800.jpg,https://mars.nasa.gov/mars2020-raw-images/pub/ods/surface/sol/00016/ids/edr/browse/ncam/NLM_0016_0668374472_989ECM_T0030578NCAM00501_00_6I1J01_320.jpg,https://mars.nasa.gov/mars2020-raw-images/pub/ods/surface/sol/00016/ids/edr/browse/ncam/NLM_0016_0668374472_989ECM_T0030578NCAM00501_00_6I1J01.png,https://mars.nasa.gov/mars2020-raw-images/pub/ods/surface/sol/00016/ids/edr/browse/ncam/NLM_0016_0668374472_989ECM_T0030578NCAM00501_00_6I1J01_1200.jpg,UNK,"(0.9095967696754682,0.010855014617085977,-0.41535031630373903)","(0.899777,0.346286,-2.02613);(0.908351,0.0122726,-0.418047);(35.7859,46.7162,-16.7142);(46.4462,0.580026,29.5017);(0.908381,0.0136968,-0.417936);(2e-06,0.049535,-0.015973);(-0.003612,0.013016,-0.023961);2.0;0.0","(0.899777,0.346286,-2.02613)",NAVCAM_LEFT,CAHVORE
16,"(0.8129,-0.0120277,0.0123195,0.582148)",NLF_0016_0668374162_211ECM_T0030578NCAM00500_01_600J,"NASA's Mars Perseverance rover acquired this image using its onboard Left Navigation Camera (Navcam). The camera is located high on the rover's mast and aids in driving. 

This image was acquired on Mar. 7, 2021 (Sol 16) at the local mean solar time of 16:06:50.",Thumbnail,Sol-00016M16:06:50.326,NASA/JPL-Caltech,2021-03-07T09:11:17.000,https://mars.nasa.gov/rss/api/?feed=raw_images&category=mars2020&feedtype=json&id=NLF_0016_0668374162_211ECM_T0030578NCAM00500_01_600J,https://mars.nasa.gov/mars2020/multimedia/raw-images/?id=NLF_0016_0668374162_211ECM_T0030578NCAM00500_01_600J,578,Mars Perseverance Sol 16: Left Navigation Camera (Navcam),3,2021-03-07T09:18:43Z,144.938,-5.57943,668374162.574,64,"(39.3213,34.1703,-0.00444177)","(1,1441,5120,960)","(80,60)",https://mars.nasa.gov/mars2020-raw-images/pub/ods/surface/sol/00016/ids/edr/browse/ncam/NLF_0016_0668374162_211ECM_T0030578NCAM00500_01_600J01_800.jpg,https://mars.nasa.gov/mars2020-raw-images/pub/ods/surface/sol/00016/ids/edr/browse/ncam/NLF_0016_0668374162_211ECM_T0030578NCAM00500_01_600J01_320.jpg,https://mars.nasa.gov/mars2020-raw-images/pub/ods/surface/sol/00016/ids/edr/browse/ncam/NLF_0016_0668374162_211ECM_T0030578NCAM00500_01_600J01.png,https://mars.nasa.gov/mars2020-raw-images/pub/ods/surface/sol/00016/ids/edr/browse/ncam/NLF_0016_0668374162_211ECM_T0030578NCAM00500_01_600J01_1200.jpg,UNK,"(-0.7751882280238859,0.5333102194871204,-0.3386198767405532)","(0.815764,0.812096,-1.9632);(-0.821,0.561203,0.105003);(-58.9959,-15.6691,4.04491);(-20.5983,13.8931,49.0982);(-0.821793,0.56002,0.105118);(2e-06,0.049535,-0.015973);(-0.003612,0.013016,-0.023961);2.0;0.0","(0.815764,0.812096,-1.9632)",NAVCAM_LEFT,CAHVORE
16,"(0.8129,-0.0120277,0.0123195,0.582148)",NLF_0016_0668374472_989ECM_T0030578NCAM00501_01_600J,"NASA's Mars Perseverance rover acquired this image using its onboard Left Navigation Camera (Navcam). The camera is located high on the rover's mast and aids in driving. 

This image was acquired on Mar. 7, 2021 (Sol 16) at the local mean solar time of 16:11:52.",Thumbnail,Sol-00016M16:11:52.791,NASA/JPL-Caltech,2021-03-07T09:11:17.000,https://mars.nasa.gov/rss/api/?feed=raw_images&category=mars2020&feedtype=json&id=NLF_0016_0668374472_989ECM_T0030578NCAM00501_01_600J,https://mars.nasa.gov/mars2020/multimedia/raw-images/?id=NLF_0016_0668374472_989ECM_T0030578NCAM00501_01_600J,578,Mars Perseverance Sol 16: Left Navigation Camera (Navcam),3,2021-03-07T09:18:43Z,359.999,25.1599,668374474.053,64,"(39.3213,34.1703,-0.00444177)","(1,1,5120,3840)","(80,60)",https://mars.nasa.gov/mars2020-raw-images/pub/ods/surface/sol/00016/ids/edr/browse/ncam/NLF_0016_0668374472_989ECM_T0030578NCAM00501_01_600J01_800.jpg,https://mars.nasa.gov/mars2020-raw-images/pub/ods/surface/sol/00016/ids/edr/browse/ncam/NLF_0016_0668374472_989ECM_T0030578NCAM00501_01_600J01_320.jpg,https://mars.nasa.gov/mars2020-raw-images/pub/ods/surface/sol/00016/ids/edr/browse/ncam/NLF_0016_0668374472_989ECM_T0030578NCAM00501_01_600J01.png,https://mars.nasa.gov/mars2020-raw-images/pub/ods/surface/sol/00016/ids/edr/browse/ncam/NLF_0016_0668374472_989ECM_T0030578NCAM00501_01_600J01_1200.jpg,UNK,"(0.9095967696754682,0.010855014617085977,-0.41535031630373903)","(0.899777,0.346286,-2.02613);(0.908351,0.0122726,-0.418047);(35.7859,46.7162,-16.7142);(46.4462,0.580026,29.5017);(0.908381,0.0136968,-0.417936);(2e-06,0.049535,-0.015973);(-0.003612,0.013016,-0.023961);2.0;0.0","(0.899777,0.346286,-2.02613)",NAVCAM_LEFT,CAHVORE
16,"(0.8129,-0.0120277,0.0123195,0.582148)",NLM_0016_0668373971_362ECM_T0030578NCAM00500_00_6I1J,"NASA's Mars Perseverance rover acquired this image using its onboard Left Navigation Camera (Navcam). The camera is located high on the rover's mast and aids in driving. 

This image was acquired on Mar. 7, 2021 (Sol 16) at the local mean solar time of 16:03:44.",Thumbnail,Sol-00016M16:03:44.581,NASA/JPL-Caltech,2021-03-07T09:11:17.000,https://mars.nasa.gov/rss/api/?feed=raw_images&category=mars2020&feedtype=json&id=NLM_0016_0668373971_362ECM_T0030578NCAM00500_00_6I1J,https://mars.nasa.gov/mars2020/multimedia/raw-images/?id=NLM_0016_0668373971_362ECM_T0030578NCAM00500_00_6I1J,578,Mars Perseverance Sol 16: Left Navigation Camera (Navcam),3,2021-03-07T09:18:43Z,288.544,-7.33864,668373971.914,64,"(39.3213,34.1703,-0.00444177)","(1,1,5120,3840)","(80,60)",https://mars.nasa.gov/mars2020-raw-images/pub/ods/surface/sol/00016/ids/edr/browse/ncam/NLM_0016_0668373971_362ECM_T0030578NCAM00500_00_6I1J01_800.jpg,https://mars.nasa.gov/mars2020-raw-images/pub/ods/surface/sol/00016/ids/edr/browse/ncam/NLM_0016_0668373971_362ECM_T0030578NCAM00500_00_6I1J01_320.jpg,https://mars.nasa.gov/mars2020-raw-images/pub/ods/surface/sol/00016/ids/edr/browse/ncam/NLM_0016_0668373971_362ECM_T0030578NCAM00500_00_6I1J01.png,https://mars.nasa.gov/mars2020-raw-images/pub/ods/surface/sol/00016/ids/edr/browse/ncam/NLM_0016_0668373971_362ECM_T0030578NCAM00500_00_6I1J01_1200.jpg,UNK,"(0.32519664878597176,-0.935455124679249,0.13845883622833366)","(0.646956,0.361229,-1.95961);(0.326684,-0.935375,0.135523);(56.7344,-22.2405,5.38256);(7.72752,-22.0069,49.8389);(0.328023,-0.934889,0.135641);(2e-06,0.049535,-0.015973);(-0.003612,0.013016,-0.023961);2.0;0.0","(0.646956,0.361229,-1.95961)",NAVCAM_LEFT,CAHVORE
16,"(0.8129,-0.0120277,0.0123195,0.582148)",NLM_0016_0668374033_362ECM_T0030578NCAM00500_00_6I1J,"NASA's Mars Perseverance rover acquired this image using its onboard Left Navigation Camera (Navcam). The camera is located high on the rover's mast and aids in driving. 

This image was acquired on Mar. 7, 2021 (Sol 16) at the local mean solar time of 16:04:44.",Thumbnail,Sol-00016M16:04:44.923,NASA/JPL-Caltech,2021-03-07T09:11:17.000,https://mars.nasa.gov/rss/api/?feed=raw_images&category=mars2020&feedtype=json&id=NLM_0016_0668374033_362ECM_T0030578NCAM00500_00_6I1J,https://mars.nasa.gov/mars2020/multimedia/raw-images/?id=NLM_0016_0668374033_362ECM_T0030578NCAM00500_00_6I1J,578,Mars Perseverance Sol 16: Left Navigation Camera (Navcam),3,2021-03-07T09:18:43Z,0.741013,-8.74056,668374034.242,64,"(39.3213,34.1703,-0.00444177)","(1,1,5120,3840)","(80,60)",https://mars.nasa.gov/mars2020-raw-images/pub/ods/surface/sol/00016/ids/edr/browse/ncam/NLM_0016_0668374033_362ECM_T0030578NCAM00500_00_6I1J01_800.jpg,https://mars.nasa.gov/mars2020-raw-images/pub/ods/surface/sol/00016/ids/edr/browse/ncam/NLM_0016_0668374033_362ECM_T0030578NCAM00500_00_6I1J01_320.jpg,https://mars.nasa.gov/mars2020-raw-images/pub/ods/surface/sol/00016/ids/edr/browse/ncam/NLM_0016_0668374033_362ECM_T0030578NCAM00500_00_6I1J01.png,https://mars.nasa.gov/mars2020-raw-images/pub/ods/surface/sol/00016/ids/edr/browse/ncam/NLM_0016_0668374033_362ECM_T0030578NCAM00500_00_6I1J01_1200.jpg,UNK,"(0.9864035930740757,0.02357394958682345,0.1626413860966239)","(0.946311,0.348377,-1.95611);(0.986854,0.0250141,0.159714);(38.3823,47.2161,6.3119);(22.0891,0.639727,50.3944);(0.986798,0.0264371,0.159831);(2e-06,0.049535,-0.015973);(-0.003612,0.013016,-0.023961);2.0;0.0","(0.946311,0.348377,-1.95611)",NAVCAM_LEFT,CAHVORE
16,"(0.8129,-0.0120277,0.0123195,0.582148)",NLM_0016_0668374048_116ECM_T0030578NCAM00500_00_6I1J,"NASA's Mars Perseverance rover acquired this image using its onboard Left Navigation Camera (Navcam). The camera is located high on the rover's mast and aids in driving. 

This image was acquired on Mar. 7, 2021 (Sol 16) at the local mean solar time of 16:04:59.",Thumbnail,Sol-00016M16:04:59.283,NASA/JPL-Caltech,2021-03-07T09:11:17.000,https://mars.nasa.gov/rss/api/?feed=raw_images&category=mars2020&feedtype=json&id=NLM_0016_0668374048_116ECM_T0030578NCAM00500_00_6I1J,https://mars.nasa.gov/mars2020/multimedia/raw-images/?id=NLM_0016_0668374048_116ECM_T0030578NCAM00500_00_6I1J,578,Mars Perseverance Sol 16: Left Navigation Camera (Navcam),3,2021-03-07T09:18:43Z,0.741013,-8.74056,668374048.996,64,"(39.3213,34.1703,-0.00444177)","(1,1,5120,3840)","(80,60)",https://mars.nasa.gov/mars2020-raw-images/pub/ods/surface/sol/00016/ids/edr/browse/ncam/NLM_0016_0668374048_116ECM_T0030578NCAM00500_00_6I1J01_800.jpg,https://mars.nasa.gov/mars2020-raw-images/pub/ods/surface/sol/00016/ids/edr/browse/ncam/NLM_0016_0668374048_116ECM_T0030578NCAM00500_00_6I1J01_320.jpg,https://mars.nasa.gov/mars2020-raw-images/pub/ods/surface/sol/00016/ids/edr/browse/ncam/NLM_0016_0668374048_116ECM_T0030578NCAM00500_00_6I1J01.png,https://mars.nasa.gov/mars2020-raw-images/pub/ods/surface/sol/00016/ids/edr/browse/ncam/NLM_0016_0668374048_116ECM_T0030578NCAM00500_00_6I1J01_1200.jpg,UNK,"(0.9864035930740757,0.02357394958682345,0.1626413860966239)","(0.946311,0.348377,-1.95611);(0.986854,0.0250141,0.159714);(38.3823,47.2161,6.3119);(22.0891,0.639727,50.3944);(0.986798,0.0264371,0.159831);(2e-06,0.049535,-0.015973);(-0.003612,0.013016,-0.023961);2.0;0.0","(0.946311,0.348377,-1.95611)",NAVCAM_LEFT,CAHVORE
16,"(0.8129,-0.0120277,0.0123195,0.582148)",NLM_0016_0668374102_163ECM_T0030578NCAM00500_00_6I1J,"NASA's Mars Perseverance rover acquired this image using its onboard Left Navigation Camera (Navcam). The camera is located high on the rover's mast and aids in driving. 

This image was acquired on Mar. 7, 2021 (Sol 16) at the local mean solar time of 16:05:51.",Thumbnail,Sol-00016M16:05:51.884,NASA/JPL-Caltech,2021-03-07T09:11:17.000,https://mars.nasa.gov/rss/api/?feed=raw_images&category=mars2020&feedtype=json&id=NLM_0016_0668374102_163ECM_T0030578NCAM00500_00_6I1J,https://mars.nasa.gov/mars2020/multimedia/raw-images/?id=NLM_0016_0668374102_163ECM_T0030578NCAM00500_00_6I1J,578,Mars Perseverance Sol 16: Left Navigation Camera (Navcam),3,2021-03-07T09:18:43Z,73.0179,-8.07128,668374103.018,64,"(39.3213,34.1703,-0.00444177)","(1,1,5120,3840)","(80,60)",https://mars.nasa.gov/mars2020-raw-images/pub/ods/surface/sol/00016/ids/edr/browse/ncam/NLM_0016_0668374102_163ECM_T0030578NCAM00500_00_6I1J01_800.jpg,https://mars.nasa.gov/mars2020-raw-images/pub/ods/surface/sol/00016/ids/edr/browse/ncam/NLM_0016_0668374102_163ECM_T0030578NCAM00500_00_6I1J01_320.jpg,https://mars.nasa.gov/mars2020-raw-images/pub/ods/surface/sol/00016/ids/edr/browse/ncam/NLM_0016_0668374102_163ECM_T0030578NCAM00500_00_6I1J01.png,https://mars.nasa.gov/mars2020-raw-images/pub/ods/surface/sol/00016/ids/edr/browse/ncam/NLM_0016_0668374102_163ECM_T0030578NCAM00500_00_6I1J01_1200.jpg,UNK,"(0.2783414231967821,0.9485246083730763,0.15108646346874416)","(1.04899,0.629325,-1.95736);(0.277102,0.949358,0.148152);(-33.2673,51.013,5.77595);(6.20961,21.8206,50.1322);(0.27573,0.94974,0.148266);(2e-06,0.049535,-0.015973);(-0.003612,0.013016,-0.023961);2.0;0.0","(1.04899,0.629325,-1.95736)",NAVCAM_LEFT,CAHVORE
16,"(0.8129,-0.0120277,0.0123195,0.582148)",NLM_0016_0668374281_027ECM_T0030578NCAM00500_00_6I1J,"NASA's Mars Perseverance rover acquired this image using its onboard Left Navigation Camera (Navcam). The camera is located high on the rover's mast and aids in driving. 

This image was acquired on Mar. 7, 2021 (Sol 16) at the local mean solar time of 16:08:45.",Thumbnail,Sol-00016M16:08:45.964,NASA/JPL-Caltech,2021-03-07T09:11:17.000,https://mars.nasa.gov/rss/api/?feed=raw_images&category=mars2020&feedtype=json&id=NLM_0016_0668374281_027ECM_T0030578NCAM00500_00_6I1J,https://mars.nasa.gov/mars2020/multimedia/raw-images/?id=NLM_0016_0668374281_027ECM_T0030578NCAM00500_00_6I1J,578,Mars Perseverance Sol 16: Left Navigation Camera (Navcam),3,2021-03-07T09:18:43Z,216.866,-5.25891,668374281.134,64,"(39.3213,34.1703,-0.00444177)","(1,1,5120,3840)","(80,60)",https://mars.nasa.gov/mars2020-raw-images/pub/ods/surface/sol/00016/ids/edr/browse/ncam/NLM_0016_0668374281_027ECM_T0030578NCAM00500_00_6I1J01_800.jpg,https://mars.nasa.gov/mars2020-raw-images/pub/ods/surface/sol/00016/ids/edr/browse/ncam/NLM_0016_0668374281_027ECM_T0030578NCAM00500_00_6I1J01_320.jpg,https://mars.nasa.gov/mars2020-raw-images/pub/ods/surface/sol/00016/ids/edr/browse/ncam/NLM_0016_0668374281_027ECM_T0030578NCAM00500_00_6I1J01.png,https://mars.nasa.gov/mars2020-raw-images/pub/ods/surface/sol/00016/ids/edr/browse/ncam/NLM_0016_0668374281_027ECM_T0030578NCAM00500_00_6I1J01_1200.jpg,UNK,"(-0.7892947528232201,-0.6054136192530739,0.10241163404919346)","(0.568352,0.648153,-1.96427);(-0.788668,-0.606733,0.0994615);(-3.4185,-60.9555,3.89198);(-19.8568,-15.3832,48.9592);(-0.78779,-0.607854,0.0995785);(2e-06,0.049535,-0.015973);(-0.003612,0.013016,-0.023961);2.0;0.0","(0.568352,0.648153,-1.96427)",NAVCAM_LEFT,CAHVORE
16,"(0.8129,-0.0120277,0.0123195,0.582148)",NLF_0016_0668373942_940ECM_T0030578NCAM00500_01_600J,"NASA's Mars Perseverance rover acquired this image using its onboard Left Navigation Camera (Navcam). The camera is located high on the rover's mast and aids in driving. 

This image was acquired on Mar. 7, 2021 (Sol 16) at the local mean solar time of 16:03:16.",Thumbnail,Sol-00016M16:03:16.919,NASA/JPL-Caltech,2021-03-07T09:11:16.000,https://mars.nasa.gov/rss/api/?feed=raw_images&category=mars2020&feedtype=json&id=NLF_0016_0668373942_940ECM_T0030578NCAM00500_01_600J,https://mars.nasa.gov/mars2020/multimedia/raw-images/?id=NLF_0016_0668373942_940ECM_T0030578NCAM00500_01_600J,578,Mars Perseverance Sol 16: Left Navigation Camera (Navcam),3,2021-03-07T09:18:43Z,288.544,-7.33864,668373943.503,64,"(39.3213,34.1703,-0.00444177)","(1,1441,5120,960)","(80,60)",https://mars.nasa.gov/mars2020-raw-images/pub/ods/surface/sol/00016/ids/edr/browse/ncam/NLF_0016_0668373942_940ECM_T0030578NCAM00500_01_600J01_800.jpg,https://mars.nasa.gov/mars2020-raw-images/pub/ods/surface/sol/00016/ids/edr/browse/ncam/NLF_0016_0668373942_940ECM_T0030578NCAM00500_01_600J01_320.jpg,https://mars.nasa.gov/mars2020-raw-images/pub/ods/surface/sol/00016/ids/edr/browse/ncam/NLF_0016_0668373942_940ECM_T0030578NCAM00500_01_600J01.png,https://mars.nasa.gov/mars2020-raw-images/pub/ods/surface/sol/00016/ids/edr/browse/ncam/NLF_0016_0668373942_940ECM_T0030578NCAM00500_01_600J01_1200.jpg,UNK,"(0.31188537124546745,-0.898282317153202,-0.3095422328099203)","(0.646956,0.361229,-1.95961);(0.326684,-0.935375,0.135523);(56.7344,-22.2405,5.38256);(7.72752,-22.0069,49.8389);(0.328023,-0.934889,0.135641);(2e-06,0.049535,-0.015973);(-0.003612,0.013016,-0.023961);2.0;0.0","(0.646956,0.361229,-1.95961)",NAVCAM_LEFT,CAHVORE
16,"(0.8129,-0.0120277,0.0123195,0.582148)",NLF_0016_0668373971_362ECM_T0030578NCAM00500_01_600J,"NASA's Mars Perseverance rover acquired this image using its onboard Left Navigation Camera (Navcam). The camera is located high on the rover's mast and aids in driving. 

This image was acquired on Mar. 7, 2021 (Sol 16) at the local mean solar time of 16:03:44.",Thumbnail,Sol-00016M16:03:44.581,NASA/JPL-Caltech,2021-03-07T09:11:16.000,https://mars.nasa.gov/rss/api/?feed=raw_images&category=mars2020&feedtype=json&id=NLF_0016_0668373971_362ECM_T0030578NCAM00500_01_600J,https://mars.nasa.gov/mars2020/multimedia/raw-images/?id=NLF_0016_0668373971_362ECM_T0030578NCAM00500_01_600J,578,Mars Perseverance Sol 16: Left Navigation Camera (Navcam),3,2021-03-07T09:18:43Z,288.544,-7.33864,668373971.914,64,"(39.3213,34.1703,-0.00444177)","(1,1441,5120,960)","(80,60)",https://mars.nasa.gov/mars2020-raw-images/pub/ods/surface/sol/00016/ids/edr/browse/ncam/NLF_0016_0668373971_362ECM_T0030578NCAM00500_01_600J01_800.jpg,https://mars.nasa.gov/mars2020-raw-images/pub/ods/surface/sol/00016/ids/edr/browse/ncam/NLF_0016_0668373971_362ECM_T0030578NCAM00500_01_600J01_320.jpg,https://mars.nasa.gov/mars2020-raw-images/pub/ods/surface/sol/00016/ids/edr/browse/ncam/NLF_0016_0668373971_362ECM_T0030578NCAM00500_01_600J01.png,https://mars.nasa.gov/mars2020-raw-images/pub/ods/surface/sol/00016/ids/edr/browse/ncam/NLF_0016_0668373971_362ECM_T0030578NCAM00500_01_600J01_1200.jpg,UNK,"(0.31188537124546745,-0.898282317153202,-0.3095422328099203)","(0.646956,0.361229,-1.95961);(0.326684,-0.935375,0.135523);(56.7344,-22.2405,5.38256);(7.72752,-22.0069,49.8389);(0.328023,-0.934889,0.135641);(2e-06,0.049535,-0.015973);(-0.003612,0.013016,-0.023961);2.0;0.0","(0.646956,0.361229,-1.95961)",NAVCAM_LEFT,CAHVORE
16,"(0.8129,-0.0120277,0.0123195,0.582148)",NLF_0016_0668374018_309ECM_T0030578NCAM00500_01_600J,"NASA's Mars Perseverance rover acquired this image using its onboard Left Navigation Camera (Navcam). The camera is located high on the rover's mast and aids in driving. 

This image was acquired on Mar. 7, 2021 (Sol 16) at the local mean solar time of 16:04:30.",Thumbnail,Sol-00016M16:04:30.272,NASA/JPL-Caltech,2021-03-07T09:11:16.000,https://mars.nasa.gov/rss/api/?feed=raw_images&category=mars2020&feedtype=json&id=NLF_0016_0668374018_309ECM_T0030578NCAM00500_01_600J,https://mars.nasa.gov/mars2020/multimedia/raw-images/?id=NLF_0016_0668374018_309ECM_T0030578NCAM00500_01_600J,578,Mars Perseverance Sol 16: Left Navigation Camera (Navcam),3,2021-03-07T09:18:43Z,0.741013,-8.74056,668374019.178,64,"(39.3213,34.1703,-0.00444177)","(1,1441,5120,960)","(80,60)",https://mars.nasa.gov/mars2020-raw-images/pub/ods/surface/sol/00016/ids/edr/browse/ncam/NLF_0016_0668374018_309ECM_T0030578NCAM00500_01_600J01_800.jpg,https://mars.nasa.gov/mars2020-raw-images/pub/ods/surface/sol/00016/ids/edr/browse/ncam/NLF_0016_0668374018_309ECM_T0030578NCAM00500_01_600J01_320.jpg,https://mars.nasa.gov/mars2020-raw-images/pub/ods/surface/sol/00016/ids/edr/browse/ncam/NLF_0016_0668374018_309ECM_T0030578NCAM00500_01_600J01.png,https://mars.nasa.gov/mars2020-raw-images/pub/ods/surface/sol/00016/ids/edr/browse/ncam/NLF_0016_0668374018_309ECM_T0030578NCAM00500_01_600J01_1200.jpg,UNK,"(0.9579164274985201,0.02215642893119749,-0.2861908639098902)","(0.946311,0.348377,-1.95611);(0.986854,0.0250141,0.159714);(38.3823,47.2161,6.3119);(22.0891,0.639727,50.3944);(0.986798,0.0264371,0.159831);(2e-06,0.049535,-0.015973);(-0.003612,0.013016,-0.023961);2.0;0.0","(0.946311,0.348377,-1.95611)",NAVCAM_LEFT,CAHVORE
16,"(0.8129,-0.0120277,0.0123195,0.582148)",NLF_0016_0668374033_362ECM_T0030578NCAM00500_01_600J,"NASA's Mars Perseverance rover acquired this image using its onboard Left Navigation Camera (Navcam). The camera is located high on the rover's mast and aids in driving. 

This image was acquired on Mar. 7, 2021 (Sol 16) at the local mean solar time of 16:04:44.",Thumbnail,Sol-00016M16:04:44.923,NASA/JPL-Caltech,2021-03-07T09:11:16.000,https://mars.nasa.gov/rss/api/?feed=raw_images&category=mars2020&feedtype=json&id=NLF_0016_0668374033_362ECM_T0030578NCAM00500_01_600J,https://mars.nasa.gov/mars2020/multimedia/raw-images/?id=NLF_0016_0668374033_362ECM_T0030578NCAM00500_01_600J,578,Mars Perseverance Sol 16: Left Navigation Camera (Navcam),3,2021-03-07T09:18:43Z,0.741013,-8.74056,668374034.242,64,"(39.3213,34.1703,-0.00444177)","(1,1441,5120,960)","(80,60)",https://mars.nasa.gov/mars2020-raw-images/pub/ods/surface/sol/00016/ids/edr/browse/ncam/NLF_0016_0668374033_362ECM_T0030578NCAM00500_01_600J01_800.jpg,https://mars.nasa.gov/mars2020-raw-images/pub/ods/surface/sol/00016/ids/edr/browse/ncam/NLF_0016_0668374033_362ECM_T0030578NCAM00500_01_600J01_320.jpg,https://mars.nasa.gov/mars2020-raw-images/pub/ods/surface/sol/00016/ids/edr/browse/ncam/NLF_0016_0668374033_362ECM_T0030578NCAM00500_01_600J01.png,https://mars.nasa.gov/mars2020-raw-images/pub/ods/surface/sol/00016/ids/edr/browse/ncam/NLF_0016_0668374033_362ECM_T0030578NCAM00500_01_600J01_1200.jpg,UNK,"(0.9579164274985201,0.02215642893119749,-0.2861908639098902)","(0.946311,0.348377,-1.95611);(0.986854,0.0250141,0.159714);(38.3823,47.2161,6.3119);(22.0891,0.639727,50.3944);(0.986798,0.0264371,0.159831);(2e-06,0.049535,-0.015973);(-0.003612,0.013016,-0.023961);2.0;0.0","(0.946311,0.348377,-1.95611)",NAVCAM_LEFT,CAHVORE
16,"(0.8129,-0.0120277,0.0123195,0.582148)",NLF_0016_0668374192_316ECM_T0030578NCAM00500_01_600J,"NASA's Mars Perseverance rover acquired this image using its onboard Left Navigation Camera (Navcam). The camera is located high on the rover's mast and aids in driving. 

This image was acquired on Mar. 7, 2021 (Sol 16) at the local mean solar time of 16:07:19.",Thumbnail,Sol-00016M16:07:19.626,NASA/JPL-Caltech,2021-03-07T09:11:16.000,https://mars.nasa.gov/rss/api/?feed=raw_images&category=mars2020&feedtype=json&id=NLF_0016_0668374192_316ECM_T0030578NCAM00500_01_600J,https://mars.nasa.gov/mars2020/multimedia/raw-images/?id=NLF_0016_0668374192_316ECM_T0030578NCAM00500_01_600J,578,Mars Perseverance Sol 16: Left Navigation Camera (Navcam),3,2021-03-07T09:18:43Z,144.938,-5.57943,668374192.674,64,"(39.3213,34.1703,-0.00444177)","(1,1441,5120,960)","(80,60)",https://mars.nasa.gov/mars2020-raw-images/pub/ods/surface/sol/00016/ids/edr/browse/ncam/NLF_0016_0668374192_316ECM_T0030578NCAM00500_01_600J01_800.jpg,https://mars.nasa.gov/mars2020-raw-images/pub/ods/surface/sol/00016/ids/edr/browse/ncam/NLF_0016_0668374192_316ECM_T0030578NCAM00500_01_600J01_320.jpg,https://mars.nasa.gov/mars2020-raw-images/pub/ods/surface/sol/00016/ids/edr/browse/ncam/NLF_0016_0668374192_316ECM_T0030578NCAM00500_01_600J01.png,https://mars.nasa.gov/mars2020-raw-images/pub/ods/surface/sol/00016/ids/edr/browse/ncam/NLF_0016_0668374192_316ECM_T0030578NCAM00500_01_600J01_1200.jpg,UNK,"(-0.7751882280238859,0.5333102194871204,-0.3386198767405532)","(0.815764,0.812096,-1.9632);(-0.821,0.561203,0.105003);(-58.9959,-15.6691,4.04491);(-20.5983,13.8931,49.0982);(-0.821793,0.56002,0.105118);(2e-06,0.049535,-0.015973);(-0.003612,0.013016,-0.023961);2.0;0.0","(0.815764,0.812096,-1.9632)",NAVCAM_LEFT,CAHVORE
16,"(0.8129,-0.0120277,0.0123195,0.582148)",NLF_0016_0668374423_442ECM_T0030578NCAM00501_01_600J,"NASA's Mars Perseverance rover acquired this image using its onboard Left Navigation Camera (Navcam). The camera is located high on the rover's mast and aids in driving. 

This image was acquired on Mar. 7, 2021 (Sol 16) at the local mean solar time of 16:11:04.",Thumbnail,Sol-00016M16:11:04.570,NASA/JPL-Caltech,2021-03-07T09:11:16.000,https://mars.nasa.gov/rss/api/?feed=raw_images&category=mars2020&feedtype=json&id=NLF_0016_0668374423_442ECM_T0030578NCAM00501_01_600J,https://mars.nasa.gov/mars2020/multimedia/raw-images/?id=NLF_0016_0668374423_442ECM_T0030578NCAM00501_01_600J,578,Mars Perseverance Sol 16: Left Navigation Camera (Navcam),3,2021-03-07T09:18:43Z,269.796,24.9793,668374423.872,64,"(39.3213,34.1703,-0.00444177)","(1,1,5120,3840)","(80,60)",https://mars.nasa.gov/mars2020-raw-images/pub/ods/surface/sol/00016/ids/edr/browse/ncam/NLF_0016_0668374423_442ECM_T0030578NCAM00501_01_600J01_800.jpg,https://mars.nasa.gov/mars2020-raw-images/pub/ods/surface/sol/00016/ids/edr/browse/ncam/NLF_0016_0668374423_442ECM_T0030578NCAM00501_01_600J01_320.jpg,https://mars.nasa.gov/mars2020-raw-images/pub/ods/surface/sol/00016/ids/edr/browse/ncam/NLF_0016_0668374423_442ECM_T0030578NCAM00501_01_600J01.png,https://mars.nasa.gov/mars2020-raw-images/pub/ods/surface/sol/00016/ids/edr/browse/ncam/NLF_0016_0668374423_442ECM_T0030578NCAM00501_01_600J01_1200.jpg,UNK,"(0.007621691356167973,-0.9109356598145101,-0.4124780400205256)","(0.591513,0.465113,-2.02597);(0.00904799,-0.909703,-0.415179);(46.589,-36.0174,-16.5717);(0.383284,-46.3549,29.6481);(0.010472,-0.909739,-0.415067);(2e-06,0.049535,-0.015973);(-0.003612,0.013016,-0.023961);2.0;0.0","(0.591513,0.465113,-2.02597)",NAVCAM_LEFT,CAHVORE
16,"(0.8129,-0.0120277,0.0123195,0.582148)",NLM_0016_0668374192_316ECM_T0030578NCAM00500_00_6I1J,"NASA's Mars Perseverance rover acquired this image using its onboard Left Navigation Camera (Navcam). The camera is located high on the rover's mast and aids in driving. 

This image was acquired on Mar. 7, 2021 (Sol 16) at the local mean solar time of 16:07:19.",Thumbnail,Sol-00016M16:07:19.626,NASA/JPL-Caltech,2021-03-07T09:11:16.000,https://mars.nasa.gov/rss/api/?feed=raw_images&category=mars2020&feedtype=json&id=NLM_0016_0668374192_316ECM_T0030578NCAM00500_00_6I1J,https://mars.nasa.gov/mars2020/multimedia/raw-images/?id=NLM_0016_0668374192_316ECM_T0030578NCAM00500_00_6I1J,578,Mars Perseverance Sol 16: Left Navigation Camera (Navcam),3,2021-03-07T09:18:43Z,144.938,-5.57943,668374192.674,64,"(39.3213,34.1703,-0.00444177)","(1,1,5120,3840)","(80,60)",https://mars.nasa.gov/mars2020-raw-images/pub/ods/surface/sol/00016/ids/edr/browse/ncam/NLM_0016_0668374192_316ECM_T0030578NCAM00500_00_6I1J01_800.jpg,https://mars.nasa.gov/mars2020-raw-images/pub/ods/surface/sol/00016/ids/edr/browse/ncam/NLM_0016_0668374192_316ECM_T0030578NCAM00500_00_6I1J01_320.jpg,https://mars.nasa.gov/mars2020-raw-images/pub/ods/surface/sol/00016/ids/edr/browse/ncam/NLM_0016_0668374192_316ECM_T0030578NCAM00500_00_6I1J01.png,https://mars.nasa.gov/mars2020-raw-images/pub/ods/surface/sol/00016/ids/edr/browse/ncam/NLM_0016_0668374192_316ECM_T0030578NCAM00500_00_6I1J01_1200.jpg,UNK,"(-0.8199297693528423,0.5621932988892447,0.10795308246188826)","(0.815764,0.812096,-1.9632);(-0.821,0.561203,0.105003);(-58.9959,-15.6691,4.04491);(-20.5983,13.8931,49.0982);(-0.821793,0.56002,0.105118);(2e-06,0.049535,-0.015973);(-0.003612,0.013016,-0.023961);2.0;0.0","(0.815764,0.812096,-1.9632)",NAVCAM_LEFT,CAHVORE
16,"(0.7156,0.0208675,-0.000370714,0.698199)",WSM_0016_0668292491_000ECM_N0030386MEDA03345_0000LUJ,"NASA's Mars Perseverance rover acquired this image using the SkyCam, an upward-facing camera located on the top deck of the rover. 

This image was acquired on Mar. 7, 2021 (Sol 16) at the local mean solar time of 08:12:07.",Full,Sol-00016M08:12:07.918,NASA/JPL-Caltech/CAB,2021-03-07T07:40:11.000,https://mars.nasa.gov/rss/api/?feed=raw_images&category=mars2020&feedtype=json&id=WSM_0016_0668292491_000ECM_N0030386MEDA03345_0000LUJ,https://mars.nasa.gov/mars2020/multimedia/raw-images/?id=WSM_0016_0668292491_000ECM_N0030386MEDA03345_0000LUJ,386,Mars Perseverance Sol 16: SkyCam Camera ,3,2021-03-07T10:16:33Z,UNK,UNK,668344900.048,UNK,"(31.2262,8.12755,0.398731)","(1,0,2048,2048)","(1056,1024)",https://mars.nasa.gov/mars2020-raw-images/pub/ods/surface/sol/00016/ids/edr/browse/meda/WSM_0016_0668292491_000ECM_N0030386MEDA03345_0000LUJ01_800.jpg,https://mars.nasa.gov/mars2020-raw-images/pub/ods/surface/sol/00016/ids/edr/browse/meda/WSM_0016_0668292491_000ECM_N0030386MEDA03345_0000LUJ01_320.jpg,https://mars.nasa.gov/mars2020-raw-images/pub/ods/surface/sol/00016/ids/edr/browse/meda/WSM_0016_0668292491_000ECM_N0030386MEDA03345_0000LUJ01.png,https://mars.nasa.gov/mars2020-raw-images/pub/ods/surface/sol/00016/ids/edr/browse/meda/WSM_0016_0668292491_000ECM_N0030386MEDA03345_0000LUJ01_1200.jpg,UNK,UNK,UNK,UNK,SKYCAM,UNK
16,"(0.7156,0.0208675,-0.000370714,0.698199)",WSM_0016_0668282303_000ECM_N0030386MEDA03345_0000LUJ,"NASA's Mars Perseverance rover acquired this image using the SkyCam, an upward-facing camera located on the top deck of the rover. 

This image was acquired on Mar. 7, 2021 (Sol 16) at the local mean solar time of 08:09:57.",Full,Sol-00016M08:09:57.051,NASA/JPL-Caltech/CAB,2021-03-07T07:39:35.000,https://mars.nasa.gov/rss/api/?feed=raw_images&category=mars2020&feedtype=json&id=WSM_0016_0668282303_000ECM_N0030386MEDA03345_0000LUJ,https://mars.nasa.gov/mars2020/multimedia/raw-images/?id=WSM_0016_0668282303_000ECM_N0030386MEDA03345_0000LUJ,386,Mars Perseverance Sol 16: SkyCam Camera ,3,2021-03-07T10:16:33Z,UNK,UNK,668344762.982,UNK,"(31.2262,8.12755,0.398731)","(1,0,2048,2048)","(1056,1024)",https://mars.nasa.gov/mars2020-raw-images/pub/ods/surface/sol/00016/ids/edr/browse/meda/WSM_0016_0668282303_000ECM_N0030386MEDA03345_0000LUJ01_800.jpg,https://mars.nasa.gov/mars2020-raw-images/pub/ods/surface/sol/00016/ids/edr/browse/meda/WSM_0016_0668282303_000ECM_N0030386MEDA03345_0000LUJ01_320.jpg,https://mars.nasa.gov/mars2020-raw-images/pub/ods/surface/sol/00016/ids/edr/browse/meda/WSM_0016_0668282303_000ECM_N0030386MEDA03345_0000LUJ01.png,https://mars.nasa.gov/mars2020-raw-images/pub/ods/surface/sol/00016/ids/edr/browse/meda/WSM_0016_0668282303_000ECM_N0030386MEDA03345_0000LUJ01_1200.jpg,UNK,UNK,UNK,UNK,SKYCAM,UNK
16,"(0.811785,-0.0120512,0.0122964,0.583702)",NLM_0016_0668369717_237ECM_N0030578SAPP00601_00_2LLJ,"NASA's Mars Perseverance rover acquired this image using its onboard Left Navigation Camera (Navcam). The camera is located high on the rover's mast and aids in driving. 

This image was acquired on Mar. 7, 2021 (Sol 16) at the local mean solar time of 14:54:44.",Full,Sol-00016M14:54:44.241,NASA/JPL-Caltech,2021-03-07T07:37:53.000,https://mars.nasa.gov/rss/api/?feed=raw_images&category=mars2020&feedtype=json&id=NLM_0016_0668369717_237ECM_N0030578SAPP00601_00_2LLJ,https://mars.nasa.gov/mars2020/multimedia/raw-images/?id=NLM_0016_0668369717_237ECM_N0030578SAPP00601_00_2LLJ,578,Mars Perseverance Sol 16: Left Navigation Camera (Navcam),3,2021-03-07T09:18:43Z,181.767,55.8705,668369717.242,4,"(39.3213,34.1703,-0.00444177)","(1921,1441,1280,960)","(1280,960)",https://mars.nasa.gov/mars2020-raw-images/pub/ods/surface/sol/00016/ids/edr/browse/ncam/NLM_0016_0668369717_237ECM_N0030578SAPP00601_00_2LLJ01_800.jpg,https://mars.nasa.gov/mars2020-raw-images/pub/ods/surface/sol/00016/ids/edr/browse/ncam/NLM_0016_0668369717_237ECM_N0030578SAPP00601_00_2LLJ01_320.jpg,https://mars.nasa.gov/mars2020-raw-images/pub/ods/surface/sol/00016/ids/edr/browse/ncam/NLM_0016_0668369717_237ECM_N0030578SAPP00601_00_2LLJ01.png,https://mars.nasa.gov/mars2020-raw-images/pub/ods/surface/sol/00016/ids/edr/browse/ncam/NLM_0016_0668369717_237ECM_N0030578SAPP00601_00_2LLJ01_1200.jpg,UNK,"(-0.1490796213156335,0.5011057429082615,-0.8524484154086666)","(0.769834,0.772159,-2.05833);(-0.566711,-0.0298553,-0.823385);(-330.679,-758.098,-532.603);(-883.202,-43.9007,20.058);(-0.566739,-0.031282,-0.823313);(2e-06,0.049535,-0.015973);(-0.003612,0.013016,-0.023961);2.0;0.0","(0.769834,0.772159,-2.05833)",NAVCAM_LEFT,CAHVORE
16,"(0.7156,0.0208675,-0.000370714,0.698199)",ZR4_0016_0668361369_053FDR_T0030386ZCAM03101_063300J,"NASA's Mars Perseverance rover acquired this image using its Right Mastcam-Z camera. Mastcam-Z is a pair of cameras located high on the rover's mast.  

This image was acquired on Mar. 7, 2021 (Sol 16) at the local mean solar time of 12:39:27.",Thumbnail,Sol-00016M12:39:27.082,NASA/JPL-Caltech/ASU,2021-03-07T07:37:44.000,https://mars.nasa.gov/rss/api/?feed=raw_images&category=mars2020&feedtype=json&id=ZR4_0016_0668361369_053FDR_T0030386ZCAM03101_063300J,https://mars.nasa.gov/mars2020/multimedia/raw-images/?id=ZR4_0016_0668361369_053FDR_T0030386ZCAM03101_063300J,386,Mars Perseverance Sol 16: Right Mastcam-Z Camera,3,2021-03-07T12:10:24Z,328.24,-32.2125,668361377.640,8,"(31.2262,8.12755,0.398731)","(1,1,206,150)","(192,144)",https://mars.nasa.gov/mars2020-raw-images/pub/ods/surface/sol/00016/ids/fdr/browse/zcam/ZR4_0016_0668361369_053FDR_T0030386ZCAM03101_063300J01_800.jpg,https://mars.nasa.gov/mars2020-raw-images/pub/ods/surface/sol/00016/ids/fdr/browse/zcam/ZR4_0016_0668361369_053FDR_T0030386ZCAM03101_063300J01_320.jpg,https://mars.nasa.gov/mars2020-raw-images/pub/ods/surface/sol/00016/ids/fdr/browse/zcam/ZR4_0016_0668361369_053FDR_T0030386ZCAM03101_063300J01.png,https://mars.nasa.gov/mars2020-raw-images/pub/ods/surface/sol/00016/ids/fdr/browse/zcam/ZR4_0016_0668361369_053FDR_T0030386ZCAM03101_063300J01_1200.jpg,ZCAM_R4_939NM,"(0.7006011858775305,-0.5300033378882937,0.47775981431495995)","(0.902024,0.641646,-1.96982);(0.726472,-0.441025,0.527022);(629.004,872.625,72.4578);(-443.29,249.741,946.619);(0.725872,-0.435849,0.532129);(3.70435e-05,-0.349347,-0.198246)","(0.902024,0.641646,-1.96982)",MCZ_RIGHT,CAHVOR
16,"(0.7156,0.0208675,-0.000370714,0.698199)",ZL5_0016_0668361542_536FDR_T0030386ZCAM03002_048300J,"NASA's Mars Perseverance rover acquired this image using its Left Mastcam-Z camera. Mastcam-Z is a pair of cameras located high on the rover's mast.  

This image was acquired on Mar. 7, 2021 (Sol 16) at the local mean solar time of 12:42:13.",Thumbnail,Sol-00016M12:42:13.509,NASA/JPL-Caltech/ASU,2021-03-07T07:37:06.000,https://mars.nasa.gov/rss/api/?feed=raw_images&category=mars2020&feedtype=json&id=ZL5_0016_0668361542_536FDR_T0030386ZCAM03002_048300J,https://mars.nasa.gov/mars2020/multimedia/raw-images/?id=ZL5_0016_0668361542_536FDR_T0030386ZCAM03002_048300J,386,Mars Perseverance Sol 16: Left Mastcam-Z Camera,3,2021-03-07T12:10:24Z,188.673,-29.7143,668361548.107,8,"(31.2262,8.12755,0.398731)","(1,1,206,150)","(192,144)",https://mars.nasa.gov/mars2020-raw-images/pub/ods/surface/sol/00016/ids/fdr/browse/zcam/ZL5_0016_0668361542_536FDR_T0030386ZCAM03002_048300J01_800.jpg,https://mars.nasa.gov/mars2020-raw-images/pub/ods/surface/sol/00016/ids/fdr/browse/zcam/ZL5_0016_0668361542_536FDR_T0030386ZCAM03002_048300J01_320.jpg,https://mars.nasa.gov/mars2020-raw-images/pub/ods/surface/sol/00016/ids/fdr/browse/zcam/ZL5_0016_0668361542_536FDR_T0030386ZCAM03002_048300J01.png,https://mars.nasa.gov/mars2020-raw-images/pub/ods/surface/sol/00016/ids/fdr/browse/zcam/ZL5_0016_0668361542_536FDR_T0030386ZCAM03002_048300J01_1200.jpg,ZCAM_L5_528NM,"(-0.9046500696259128,-0.02803936543041173,0.4252317550608034)","(0.741973,0.676653,-1.96782);(-0.862444,-0.142159,0.485796);(29.3997,-833.201,37.6035);(343.437,37.1867,754.933);(-0.862495,-0.143794,0.485223);(-0.000239634,-0.466106,1.47808)","(0.741973,0.676653,-1.96782)",MCZ_LEFT,CAHVOR
16,"(0.7156,0.0208675,-0.000370714,0.698199)",ZR5_0016_0668361386_053FDR_T0030386ZCAM03101_063300J,"NASA's Mars Perseverance rover acquired this image using its Right Mastcam-Z camera. Mastcam-Z is a pair of cameras located high on the rover's mast.  

This image was acquired on Mar. 7, 2021 (Sol 16) at the local mean solar time of 12:39:47.",Thumbnail,Sol-00016M12:39:47.520,NASA/JPL-Caltech/ASU,2021-03-07T07:37:02.000,https://mars.nasa.gov/rss/api/?feed=raw_images&category=mars2020&feedtype=json&id=ZR5_0016_0668361386_053FDR_T0030386ZCAM03101_063300J,https://mars.nasa.gov/mars2020/multimedia/raw-images/?id=ZR5_0016_0668361386_053FDR_T0030386ZCAM03101_063300J,386,Mars Perseverance Sol 16: Right Mastcam-Z Camera,3,2021-03-07T12:10:24Z,328.24,-32.2125,668361399.627,8,"(31.2262,8.12755,0.398731)","(1,1,206,150)","(192,144)",https://mars.nasa.gov/mars2020-raw-images/pub/ods/surface/sol/00016/ids/fdr/browse/zcam/ZR5_0016_0668361386_053FDR_T0030386ZCAM03101_063300J01_800.jpg,https://mars.nasa.gov/mars2020-raw-images/pub/ods/surface/sol/00016/ids/fdr/browse/zcam/ZR5_0016_0668361386_053FDR_T0030386ZCAM03101_063300J01_320.jpg,https://mars.nasa.gov/mars2020-raw-images/pub/ods/surface/sol/00016/ids/fdr/browse/zcam/ZR5_0016_0668361386_053FDR_T0030386ZCAM03101_063300J01.png,https://mars.nasa.gov/mars2020-raw-images/pub/ods/surface/sol/00016/ids/fdr/browse/zcam/ZR5_0016_0668361386_053FDR_T0030386ZCAM03101_063300J01_1200.jpg,ZCAM_R5_978NM,"(0.7006011858775305,-0.5300033378882937,0.47775981431495995)","(0.902024,0.641646,-1.96982);(0.726472,-0.441025,0.527022);(629.004,872.625,72.4578);(-443.29,249.741,946.619);(0.725872,-0.435849,0.532129);(3.70435e-05,-0.349347,-0.198246)","(0.902024,0.641646,-1.96982)",MCZ_RIGHT,CAHVOR
16,"(0.8129,-0.0120277,0.0123195,0.582148)",RLF_0016_0668369973_730ECM_N0030578RHAZ02002_01_295J,"NASA's Mars Perseverance rover acquired this image of the area in back of it using its onboard Rear Left Hazard Avoidance Camera. 

This image was acquired on Mar. 7, 2021 (Sol 16) at the local mean solar time of 14:58:53.",Full,Sol-00016M14:58:53.874,NASA/JPL-Caltech,2021-03-07T07:37:01.000,https://mars.nasa.gov/rss/api/?feed=raw_images&category=mars2020&feedtype=json&id=RLF_0016_0668369973_730ECM_N0030578RHAZ02002_01_295J,https://mars.nasa.gov/mars2020/multimedia/raw-images/?id=RLF_0016_0668369973_730ECM_N0030578RHAZ02002_01_295J,578,Mars Perseverance Sol 16: Rear Left Hazard Avoidance Camera (Hazcam),3,2021-03-07T09:18:43Z,179.284,-44.8684,668369975.341,4,"(39.3213,34.1703,-0.00444177)","(1,1,5120,3840)","(1280,960)",https://mars.nasa.gov/mars2020-raw-images/pub/ods/surface/sol/00016/ids/edr/browse/rcam/RLF_0016_0668369973_730ECM_N0030578RHAZ02002_01_295J01_800.jpg,https://mars.nasa.gov/mars2020-raw-images/pub/ods/surface/sol/00016/ids/edr/browse/rcam/RLF_0016_0668369973_730ECM_N0030578RHAZ02002_01_295J01_320.jpg,https://mars.nasa.gov/mars2020-raw-images/pub/ods/surface/sol/00016/ids/edr/browse/rcam/RLF_0016_0668369973_730ECM_N0030578RHAZ02002_01_295J01.png,https://mars.nasa.gov/mars2020-raw-images/pub/ods/surface/sol/00016/ids/edr/browse/rcam/RLF_0016_0668369973_730ECM_N0030578RHAZ02002_01_295J01_1200.jpg,UNK,"(-0.7080268111116148,0.007916311144338632,0.7061411804766693)","(-1.04711,0.466977,-0.730608);(-0.703458,0.00398837,0.710725);(-454.574,-533.591,456.502);(43.2422,0.681172,723.081);(-0.700545,0.00407406,0.713597);(1.668e-05,0.0220681,-0.0108751);(0.0032911,0.00694844,0.00616767);2.0;0.0","(-1.04711,0.466977,-0.730608)",REAR_HAZCAM_LEFT,CAHVORE
16,"(0.7156,0.0208675,-0.000370714,0.698199)",ZR2_0016_0668361335_053FDR_T0030386ZCAM03101_063300J,"NASA's Mars Perseverance rover acquired this image using its Right Mastcam-Z camera. Mastcam-Z is a pair of cameras located high on the rover's mast.  

This image was acquired on Mar. 7, 2021 (Sol 16) at the local mean solar time of 12:38:53.",Thumbnail,Sol-00016M12:38:53.991,NASA/JPL-Caltech/ASU,2021-03-07T07:36:51.000,https://mars.nasa.gov/rss/api/?feed=raw_images&category=mars2020&feedtype=json&id=ZR2_0016_0668361335_053FDR_T0030386ZCAM03101_063300J,https://mars.nasa.gov/mars2020/multimedia/raw-images/?id=ZR2_0016_0668361335_053FDR_T0030386ZCAM03101_063300J,386,Mars Perseverance Sol 16: Right Mastcam-Z Camera,3,2021-03-07T12:10:24Z,328.24,-32.2125,668361343.317,8,"(31.2262,8.12755,0.398731)","(1,1,206,150)","(192,144)",https://mars.nasa.gov/mars2020-raw-images/pub/ods/surface/sol/00016/ids/fdr/browse/zcam/ZR2_0016_0668361335_053FDR_T0030386ZCAM03101_063300J01_800.jpg,https://mars.nasa.gov/mars2020-raw-images/pub/ods/surface/sol/00016/ids/fdr/browse/zcam/ZR2_0016_0668361335_053FDR_T0030386ZCAM03101_063300J01_320.jpg,https://mars.nasa.gov/mars2020-raw-images/pub/ods/surface/sol/00016/ids/fdr/browse/zcam/ZR2_0016_0668361335_053FDR_T0030386ZCAM03101_063300J01.png,https://mars.nasa.gov/mars2020-raw-images/pub/ods/surface/sol/00016/ids/fdr/browse/zcam/ZR2_0016_0668361335_053FDR_T0030386ZCAM03101_063300J01_1200.jpg,ZCAM_R2_866NM,"(0.7006011858775305,-0.5300033378882937,0.47775981431495995)","(0.902024,0.641646,-1.96982);(0.726472,-0.441025,0.527022);(629.004,872.625,72.4578);(-443.29,249.741,946.619);(0.725872,-0.435849,0.532129);(3.70435e-05,-0.349347,-0.198246)","(0.902024,0.641646,-1.96982)",MCZ_RIGHT,CAHVOR
16,"(0.7156,0.0208675,-0.000370714,0.698199)",ZL6_0016_0668361408_053FDR_T0030386ZCAM03101_063300J,"NASA's Mars Perseverance rover acquired this image using its Left Mastcam-Z camera. Mastcam-Z is a pair of cameras located high on the rover's mast.  

This image was acquired on Mar. 7, 2021 (Sol 16) at the local mean solar time of 12:40:05.",Thumbnail,Sol-00016M12:40:05.039,NASA/JPL-Caltech/ASU,2021-03-07T07:36:46.000,https://mars.nasa.gov/rss/api/?feed=raw_images&category=mars2020&feedtype=json&id=ZL6_0016_0668361408_053FDR_T0030386ZCAM03101_063300J,https://mars.nasa.gov/mars2020/multimedia/raw-images/?id=ZL6_0016_0668361408_053FDR_T0030386ZCAM03101_063300J,386,Mars Perseverance Sol 16: Left Mastcam-Z Camera,3,2021-03-07T12:10:24Z,331.003,-32.3991,668361416.201,8,"(31.2262,8.12755,0.398731)","(1,1,206,150)","(192,144)",https://mars.nasa.gov/mars2020-raw-images/pub/ods/surface/sol/00016/ids/fdr/browse/zcam/ZL6_0016_0668361408_053FDR_T0030386ZCAM03101_063300J01_800.jpg,https://mars.nasa.gov/mars2020-raw-images/pub/ods/surface/sol/00016/ids/fdr/browse/zcam/ZL6_0016_0668361408_053FDR_T0030386ZCAM03101_063300J01_320.jpg,https://mars.nasa.gov/mars2020-raw-images/pub/ods/surface/sol/00016/ids/fdr/browse/zcam/ZL6_0016_0668361408_053FDR_T0030386ZCAM03101_063300J01.png,https://mars.nasa.gov/mars2020-raw-images/pub/ods/surface/sol/00016/ids/fdr/browse/zcam/ZL6_0016_0668361408_053FDR_T0030386ZCAM03101_063300J01_1200.jpg,ZCAM_L6_442NM,"(0.7214746916543769,-0.4959319970464296,0.48324499336026405)","(0.777457,0.431545,-1.97178);(0.748044,-0.404285,0.526307);(605.375,892.734,38.8564);(-438.546,264.649,945.631);(0.751851,-0.398217,0.525508);(-0.000371109,-0.332914,-2.02135)","(0.777457,0.431545,-1.97178)",MCZ_LEFT,CAHVOR
16,"(0.8129,-0.0120277,0.0123195,0.582148)",RRF_0016_0668369973_730ECM_N0030578RHAZ02002_01_295J,"NASA's Mars Perseverance rover acquired this image of the area in back of it using its onboard Rear Right Hazard Avoidance Camera. 

This image was acquired on Mar. 7, 2021 (Sol 16) at the local mean solar time of 14:58:53.",Full,Sol-00016M14:58:53.874,NASA/JPL-Caltech,2021-03-07T07:36:20.000,https://mars.nasa.gov/rss/api/?feed=raw_images&category=mars2020&feedtype=json&id=RRF_0016_0668369973_730ECM_N0030578RHAZ02002_01_295J,https://mars.nasa.gov/mars2020/multimedia/raw-images/?id=RRF_0016_0668369973_730ECM_N0030578RHAZ02002_01_295J,578,Mars Perseverance Sol 16: Rear Right Hazard Avoidance Camera (Hazcam),3,2021-03-07T09:18:43Z,180.213,-45.2782,668369975.029,4,"(39.3213,34.1703,-0.00444177)","(1,1,5120,3840)","(1280,960)",https://mars.nasa.gov/mars2020-raw-images/pub/ods/surface/sol/00016/ids/edr/browse/rcam/RRF_0016_0668369973_730ECM_N0030578RHAZ02002_01_295J01_800.jpg,https://mars.nasa.gov/mars2020-raw-images/pub/ods/surface/sol/00016/ids/edr/browse/rcam/RRF_0016_0668369973_730ECM_N0030578RHAZ02002_01_295J01_320.jpg,https://mars.nasa.gov/mars2020-raw-images/pub/ods/surface/sol/00016/ids/edr/browse/rcam/RRF_0016_0668369973_730ECM_N0030578RHAZ02002_01_295J01.png,https://mars.nasa.gov/mars2020-raw-images/pub/ods/surface/sol/00016/ids/edr/browse/rcam/RRF_0016_0668369973_730ECM_N0030578RHAZ02002_01_295J01_1200.jpg,UNK,"(-0.7030021032033793,-0.003551681763577144,0.7111789004521122)","(-1.05782,-0.466472,-0.724517);(-0.702572,0.0113481,0.711523);(-448.981,-528.002,453.359);(46.176,2.97867,720.521);(-0.701049,0.00940617,0.713051);(8.39e-06,0.0168764,-0.00743155);(-0.00878744,-0.00869157,-0.00676256);2.0;0.0","(-1.05782,-0.466472,-0.724517)",REAR_HAZCAM_RIGHT,CAHVORE
16,"(0.7156,0.0208675,-0.000370714,0.698199)",ZR5_0016_0668361542_536FDR_T0030386ZCAM03002_048300J,"NASA's Mars Perseverance rover acquired this image using its Right Mastcam-Z camera. Mastcam-Z is a pair of cameras located high on the rover's mast.  

This image was acquired on Mar. 7, 2021 (Sol 16) at the local mean solar time of 12:42:16.",Thumbnail,Sol-00016M12:42:16.428,NASA/JPL-Caltech/ASU,2021-03-07T07:36:14.000,https://mars.nasa.gov/rss/api/?feed=raw_images&category=mars2020&feedtype=json&id=ZR5_0016_0668361542_536FDR_T0030386ZCAM03002_048300J,https://mars.nasa.gov/mars2020/multimedia/raw-images/?id=ZR5_0016_0668361542_536FDR_T0030386ZCAM03002_048300J,386,Mars Perseverance Sol 16: Right Mastcam-Z Camera,3,2021-03-07T12:10:24Z,185.996,-29.5448,668361551.423,8,"(31.2262,8.12755,0.398731)","(1,1,206,150)","(192,144)",https://mars.nasa.gov/mars2020-raw-images/pub/ods/surface/sol/00016/ids/fdr/browse/zcam/ZR5_0016_0668361542_536FDR_T0030386ZCAM03002_048300J01_800.jpg,https://mars.nasa.gov/mars2020-raw-images/pub/ods/surface/sol/00016/ids/fdr/browse/zcam/ZR5_0016_0668361542_536FDR_T0030386ZCAM03002_048300J01_320.jpg,https://mars.nasa.gov/mars2020-raw-images/pub/ods/surface/sol/00016/ids/fdr/browse/zcam/ZR5_0016_0668361542_536FDR_T0030386ZCAM03002_048300J01.png,https://mars.nasa.gov/mars2020-raw-images/pub/ods/surface/sol/00016/ids/fdr/browse/zcam/ZR5_0016_0668361542_536FDR_T0030386ZCAM03002_048300J01_1200.jpg,ZCAM_R5_978NM,"(-0.907805630561563,0.011507578013355627,0.4192332438738484)","(0.769708,0.434056,-1.96689);(-0.869191,-0.0955925,0.485166);(4.10357,-830.218,62.1199);(338.983,49.7304,754.836);(-0.866449,-0.0965001,0.489866);(-5.29857e-05,-0.474744,0.782138)","(0.769708,0.434056,-1.96689)",MCZ_RIGHT,CAHVOR
16,"(0.7156,0.0208675,-0.000370714,0.698199)",ZR3_0016_0668361576_536FDR_T0030386ZCAM03002_048300J,"NASA's Mars Perseverance rover acquired this image using its Right Mastcam-Z camera. Mastcam-Z is a pair of cameras located high on the rover's mast.  

This image was acquired on Mar. 7, 2021 (Sol 16) at the local mean solar time of 12:42:48.",Thumbnail,Sol-00016M12:42:48.546,NASA/JPL-Caltech/ASU,2021-03-07T07:36:11.000,https://mars.nasa.gov/rss/api/?feed=raw_images&category=mars2020&feedtype=json&id=ZR3_0016_0668361576_536FDR_T0030386ZCAM03002_048300J,https://mars.nasa.gov/mars2020/multimedia/raw-images/?id=ZR3_0016_0668361576_536FDR_T0030386ZCAM03002_048300J,386,Mars Perseverance Sol 16: Right Mastcam-Z Camera,3,2021-03-07T12:10:24Z,185.996,-29.5448,668361584.206,8,"(31.2262,8.12755,0.398731)","(1,1,206,150)","(192,144)",https://mars.nasa.gov/mars2020-raw-images/pub/ods/surface/sol/00016/ids/fdr/browse/zcam/ZR3_0016_0668361576_536FDR_T0030386ZCAM03002_048300J01_800.jpg,https://mars.nasa.gov/mars2020-raw-images/pub/ods/surface/sol/00016/ids/fdr/browse/zcam/ZR3_0016_0668361576_536FDR_T0030386ZCAM03002_048300J01_320.jpg,https://mars.nasa.gov/mars2020-raw-images/pub/ods/surface/sol/00016/ids/fdr/browse/zcam/ZR3_0016_0668361576_536FDR_T0030386ZCAM03002_048300J01.png,https://mars.nasa.gov/mars2020-raw-images/pub/ods/surface/sol/00016/ids/fdr/browse/zcam/ZR3_0016_0668361576_536FDR_T0030386ZCAM03002_048300J01_1200.jpg,ZCAM_R3_910NM,"(-0.907805630561563,0.011507578013355627,0.4192332438738484)","(0.769708,0.434056,-1.96689);(-0.869191,-0.0955925,0.485166);(4.10357,-830.218,62.1199);(338.983,49.7304,754.836);(-0.866449,-0.0965001,0.489866);(-5.29857e-05,-0.474744,0.782138)","(0.769708,0.434056,-1.96689)",MCZ_RIGHT,CAHVOR
16,"(0.8129,-0.0120277,0.0123195,0.582148)",NRF_0016_0668370075_696ECM_N0030578NCAM03016_01_295J,"NASA's Mars Perseverance rover acquired this image using its onboard Right Navigation Camera (Navcam). The camera is located high on the rover's mast and aids in driving. 

This image was acquired on Mar. 7, 2021 (Sol 16) at the local mean solar time of 15:00:33.",Full,Sol-00016M15:00:33.113,NASA/JPL-Caltech,2021-03-07T07:36:11.000,https://mars.nasa.gov/rss/api/?feed=raw_images&category=mars2020&feedtype=json&id=NRF_0016_0668370075_696ECM_N0030578NCAM03016_01_295J,https://mars.nasa.gov/mars2020/multimedia/raw-images/?id=NRF_0016_0668370075_696ECM_N0030578NCAM03016_01_295J,578,Mars Perseverance Sol 16: Right Navigation Camera (Navcam),3,2021-03-07T09:18:43Z,19.0055,-31.7343,668370077.416,4,"(39.3213,34.1703,-0.00444177)","(1,1,5120,3840)","(1280,960)",https://mars.nasa.gov/mars2020-raw-images/pub/ods/surface/sol/00016/ids/edr/browse/ncam/NRF_0016_0668370075_696ECM_N0030578NCAM03016_01_295J01_800.jpg,https://mars.nasa.gov/mars2020-raw-images/pub/ods/surface/sol/00016/ids/edr/browse/ncam/NRF_0016_0668370075_696ECM_N0030578NCAM03016_01_295J01_320.jpg,https://mars.nasa.gov/mars2020-raw-images/pub/ods/surface/sol/00016/ids/edr/browse/ncam/NRF_0016_0668370075_696ECM_N0030578NCAM03016_01_295J01.png,https://mars.nasa.gov/mars2020-raw-images/pub/ods/surface/sol/00016/ids/edr/browse/ncam/NRF_0016_0668370075_696ECM_N0030578NCAM03016_01_295J01_1200.jpg,UNK,"(0.8035745845129915,0.27749300165477936,0.52656008314094)","(0.866546,0.803519,-1.90036);(0.797191,0.281115,0.5343);(269.043,877.355,342.435);(15.624,7.56486,883.702);(0.797723,0.28085,0.533646);(0.0,0.05117,-0.018889);(0.001504,0.020873,-0.009439);2.0;0.0","(0.866546,0.803519,-1.90036)",NAVCAM_RIGHT,CAHVORE
16,"(0.7156,0.0208675,-0.000370714,0.698199)",ZL2_0016_0668361592_536FDR_T0030386ZCAM03002_048300J,"NASA's Mars Perseverance rover acquired this image using its Left Mastcam-Z camera. Mastcam-Z is a pair of cameras located high on the rover's mast.  

This image was acquired on Mar. 7, 2021 (Sol 16) at the local mean solar time of 12:43:02.",Thumbnail,Sol-00016M12:43:02.171,NASA/JPL-Caltech/ASU,2021-03-07T07:35:57.000,https://mars.nasa.gov/rss/api/?feed=raw_images&category=mars2020&feedtype=json&id=ZL2_0016_0668361592_536FDR_T0030386ZCAM03002_048300J,https://mars.nasa.gov/mars2020/multimedia/raw-images/?id=ZL2_0016_0668361592_536FDR_T0030386ZCAM03002_048300J,386,Mars Perseverance Sol 16: Left Mastcam-Z Camera,3,2021-03-07T12:10:24Z,188.673,-29.7143,668361598.116,8,"(31.2262,8.12755,0.398731)","(1,1,206,150)","(192,144)",https://mars.nasa.gov/mars2020-raw-images/pub/ods/surface/sol/00016/ids/fdr/browse/zcam/ZL2_0016_0668361592_536FDR_T0030386ZCAM03002_048300J01_800.jpg,https://mars.nasa.gov/mars2020-raw-images/pub/ods/surface/sol/00016/ids/fdr/browse/zcam/ZL2_0016_0668361592_536FDR_T0030386ZCAM03002_048300J01_320.jpg,https://mars.nasa.gov/mars2020-raw-images/pub/ods/surface/sol/00016/ids/fdr/browse/zcam/ZL2_0016_0668361592_536FDR_T0030386ZCAM03002_048300J01.png,https://mars.nasa.gov/mars2020-raw-images/pub/ods/surface/sol/00016/ids/fdr/browse/zcam/ZL2_0016_0668361592_536FDR_T0030386ZCAM03002_048300J01_1200.jpg,ZCAM_L2_754NM,"(-0.9046500696259128,-0.02803936543041173,0.4252317550608034)","(0.741973,0.676653,-1.96782);(-0.862444,-0.142159,0.485796);(29.3997,-833.201,37.6035);(343.437,37.1867,754.933);(-0.862495,-0.143794,0.485223);(-0.000239634,-0.466106,1.47808)","(0.741973,0.676653,-1.96782)",MCZ_LEFT,CAHVOR
16,"(0.7156,0.0208675,-0.000370714,0.698199)",ZL1_0016_0668361317_053FDR_T0030386ZCAM03101_063300J,"NASA's Mars Perseverance rover acquired this image using its Left Mastcam-Z camera. Mastcam-Z is a pair of cameras located high on the rover's mast.  

This image was acquired on Mar. 7, 2021 (Sol 16) at the local mean solar time of 12:38:36.",Thumbnail,Sol-00016M12:38:36.473,NASA/JPL-Caltech/ASU,2021-03-07T07:35:53.000,https://mars.nasa.gov/rss/api/?feed=raw_images&category=mars2020&feedtype=json&id=ZL1_0016_0668361317_053FDR_T0030386ZCAM03101_063300J,https://mars.nasa.gov/mars2020/multimedia/raw-images/?id=ZL1_0016_0668361317_053FDR_T0030386ZCAM03101_063300J,386,Mars Perseverance Sol 16: Left Mastcam-Z Camera,3,2021-03-07T12:10:24Z,331.003,-32.3991,668361325.210,8,"(31.2262,8.12755,0.398731)","(1,1,206,150)","(192,144)",https://mars.nasa.gov/mars2020-raw-images/pub/ods/surface/sol/00016/ids/fdr/browse/zcam/ZL1_0016_0668361317_053FDR_T0030386ZCAM03101_063300J01_800.jpg,https://mars.nasa.gov/mars2020-raw-images/pub/ods/surface/sol/00016/ids/fdr/browse/zcam/ZL1_0016_0668361317_053FDR_T0030386ZCAM03101_063300J01_320.jpg,https://mars.nasa.gov/mars2020-raw-images/pub/ods/surface/sol/00016/ids/fdr/browse/zcam/ZL1_0016_0668361317_053FDR_T0030386ZCAM03101_063300J01.png,https://mars.nasa.gov/mars2020-raw-images/pub/ods/surface/sol/00016/ids/fdr/browse/zcam/ZL1_0016_0668361317_053FDR_T0030386ZCAM03101_063300J01_1200.jpg,ZCAM_L1_800NM,"(0.7214746916543769,-0.4959319970464296,0.48324499336026405)","(0.777457,0.431545,-1.97178);(0.748044,-0.404285,0.526307);(605.375,892.734,38.8564);(-438.546,264.649,945.631);(0.751851,-0.398217,0.525508);(-0.000371109,-0.332914,-2.02135)","(0.777457,0.431545,-1.97178)",MCZ_LEFT,CAHVOR
16,"(0.8129,-0.0120277,0.0123195,0.582148)",NRF_0016_0668370536_294ECM_N0030578NCAM00305_04_195J,"NASA's Mars Perseverance rover acquired this image using its onboard Right Navigation Camera (Navcam). The camera is located high on the rover's mast and aids in driving. 

This image was acquired on Mar. 7, 2021 (Sol 16) at the local mean solar time of 15:08:01.",Full,Sol-00016M15:08:01.391,NASA/JPL-Caltech,2021-03-07T07:35:49.000,https://mars.nasa.gov/rss/api/?feed=raw_images&category=mars2020&feedtype=json&id=NRF_0016_0668370536_294ECM_N0030578NCAM00305_04_195J,https://mars.nasa.gov/mars2020/multimedia/raw-images/?id=NRF_0016_0668370536_294ECM_N0030578NCAM00305_04_195J,578,Mars Perseverance Sol 16: Right Navigation Camera (Navcam),3,2021-03-07T09:18:43Z,126.184,-29.8976,668370536.995,2,"(39.3213,34.1703,-0.00444177)","(2545,1905,2576,1936)","(1288,968)",https://mars.nasa.gov/mars2020-raw-images/pub/ods/surface/sol/00016/ids/edr/browse/ncam/NRF_0016_0668370536_294ECM_N0030578NCAM00305_04_195J01_800.jpg,https://mars.nasa.gov/mars2020-raw-images/pub/ods/surface/sol/00016/ids/edr/browse/ncam/NRF_0016_0668370536_294ECM_N0030578NCAM00305_04_195J01_320.jpg,https://mars.nasa.gov/mars2020-raw-images/pub/ods/surface/sol/00016/ids/edr/browse/ncam/NRF_0016_0668370536_294ECM_N0030578NCAM00305_04_195J01.png,https://mars.nasa.gov/mars2020-raw-images/pub/ods/surface/sol/00016/ids/edr/browse/ncam/NRF_0016_0668370536_294ECM_N0030578NCAM00305_04_195J01_1200.jpg,UNK,"(-0.6740119484586262,0.2751452639159087,0.6855676312951562)","(0.553247,0.54684,-1.90513);(-0.513899,0.692067,0.506917);(-1195.42,-865.738,2.8848);(429.557,-589.073,1283.05);(-0.513789,0.692637,0.506251);(0.0,0.05117,-0.018889);(0.001504,0.020873,-0.009439);2.0;0.0","(0.553247,0.54684,-1.90513)",NAVCAM_RIGHT,CAHVORE
16,"(0.7156,0.0208675,-0.000370714,0.698199)",ZL3_0016_0668361576_536FDR_T0030386ZCAM03002_048300J,"NASA's Mars Perseverance rover acquired this image using its Left Mastcam-Z camera. Mastcam-Z is a pair of cameras located high on the rover's mast.  

This image was acquired on Mar. 7, 2021 (Sol 16) at the local mean solar time of 12:42:46.",Thumbnail,Sol-00016M12:42:46.599,NASA/JPL-Caltech/ASU,2021-03-07T07:35:38.000,https://mars.nasa.gov/rss/api/?feed=raw_images&category=mars2020&feedtype=json&id=ZL3_0016_0668361576_536FDR_T0030386ZCAM03002_048300J,https://mars.nasa.gov/mars2020/multimedia/raw-images/?id=ZL3_0016_0668361576_536FDR_T0030386ZCAM03002_048300J,386,Mars Perseverance Sol 16: Left Mastcam-Z Camera,3,2021-03-07T12:10:24Z,188.673,-29.7143,668361582.107,8,"(31.2262,8.12755,0.398731)","(1,1,206,150)","(192,144)",https://mars.nasa.gov/mars2020-raw-images/pub/ods/surface/sol/00016/ids/fdr/browse/zcam/ZL3_0016_0668361576_536FDR_T0030386ZCAM03002_048300J01_800.jpg,https://mars.nasa.gov/mars2020-raw-images/pub/ods/surface/sol/00016/ids/fdr/browse/zcam/ZL3_0016_0668361576_536FDR_T0030386ZCAM03002_048300J01_320.jpg,https://mars.nasa.gov/mars2020-raw-images/pub/ods/surface/sol/00016/ids/fdr/browse/zcam/ZL3_0016_0668361576_536FDR_T0030386ZCAM03002_048300J01.png,https://mars.nasa.gov/mars2020-raw-images/pub/ods/surface/sol/00016/ids/fdr/browse/zcam/ZL3_0016_0668361576_536FDR_T0030386ZCAM03002_048300J01_1200.jpg,ZCAM_L3_677NM,"(-0.9046500696259128,-0.02803936543041173,0.4252317550608034)","(0.741973,0.676653,-1.96782);(-0.862444,-0.142159,0.485796);(29.3997,-833.201,37.6035);(343.437,37.1867,754.933);(-0.862495,-0.143794,0.485223);(-0.000239634,-0.466106,1.47808)","(0.741973,0.676653,-1.96782)",MCZ_LEFT,CAHVOR
16,"(0.7156,0.0208675,-0.000370714,0.698199)",ZR6_0016_0668361429_542FDR_T0030386ZCAM03002_048300J,"NASA's Mars Perseverance rover acquired this image using its Right Mastcam-Z camera. Mastcam-Z is a pair of cameras located high on the rover's mast.  

This image was acquired on Mar. 7, 2021 (Sol 16) at the local mean solar time of 12:41:58.",Thumbnail,Sol-00016M12:41:58.910,NASA/JPL-Caltech/ASU,2021-03-07T07:35:37.000,https://mars.nasa.gov/rss/api/?feed=raw_images&category=mars2020&feedtype=json&id=ZR6_0016_0668361429_542FDR_T0030386ZCAM03002_048300J,https://mars.nasa.gov/mars2020/multimedia/raw-images/?id=ZR6_0016_0668361429_542FDR_T0030386ZCAM03002_048300J,386,Mars Perseverance Sol 16: Right Mastcam-Z Camera,3,2021-03-07T12:10:24Z,185.996,-29.5448,668361533.439,8,"(31.2262,8.12755,0.398731)","(1,1,206,150)","(192,144)",https://mars.nasa.gov/mars2020-raw-images/pub/ods/surface/sol/00016/ids/fdr/browse/zcam/ZR6_0016_0668361429_542FDR_T0030386ZCAM03002_048300J01_800.jpg,https://mars.nasa.gov/mars2020-raw-images/pub/ods/surface/sol/00016/ids/fdr/browse/zcam/ZR6_0016_0668361429_542FDR_T0030386ZCAM03002_048300J01_320.jpg,https://mars.nasa.gov/mars2020-raw-images/pub/ods/surface/sol/00016/ids/fdr/browse/zcam/ZR6_0016_0668361429_542FDR_T0030386ZCAM03002_048300J01.png,https://mars.nasa.gov/mars2020-raw-images/pub/ods/surface/sol/00016/ids/fdr/browse/zcam/ZR6_0016_0668361429_542FDR_T0030386ZCAM03002_048300J01_1200.jpg,ZCAM_R6_1022NM,"(-0.907805630561563,0.011507578013355627,0.4192332438738484)","(0.769708,0.434056,-1.96689);(-0.869191,-0.0955925,0.485166);(4.10357,-830.218,62.1199);(338.983,49.7304,754.836);(-0.866449,-0.0965001,0.489866);(-5.29857e-05,-0.474744,0.782138)","(0.769708,0.434056,-1.96689)",MCZ_RIGHT,CAHVOR
16,"(0.7156,0.0208675,-0.000370714,0.698199)",ZR1_0016_0668361609_545FDR_T0030386ZCAM03002_048300J,"NASA's Mars Perseverance rover acquired this image using its Right Mastcam-Z camera. Mastcam-Z is a pair of cameras located high on the rover's mast.  

This image was acquired on Mar. 7, 2021 (Sol 16) at the local mean solar time of 12:43:18.",Thumbnail,Sol-00016M12:43:18.717,NASA/JPL-Caltech/ASU,2021-03-07T07:35:33.000,https://mars.nasa.gov/rss/api/?feed=raw_images&category=mars2020&feedtype=json&id=ZR1_0016_0668361609_545FDR_T0030386ZCAM03002_048300J,https://mars.nasa.gov/mars2020/multimedia/raw-images/?id=ZR1_0016_0668361609_545FDR_T0030386ZCAM03002_048300J,386,Mars Perseverance Sol 16: Right Mastcam-Z Camera,3,2021-03-07T12:10:24Z,185.996,-29.5448,668361615.128,8,"(31.2262,8.12755,0.398731)","(1,1,206,150)","(192,144)",https://mars.nasa.gov/mars2020-raw-images/pub/ods/surface/sol/00016/ids/fdr/browse/zcam/ZR1_0016_0668361609_545FDR_T0030386ZCAM03002_048300J01_800.jpg,https://mars.nasa.gov/mars2020-raw-images/pub/ods/surface/sol/00016/ids/fdr/browse/zcam/ZR1_0016_0668361609_545FDR_T0030386ZCAM03002_048300J01_320.jpg,https://mars.nasa.gov/mars2020-raw-images/pub/ods/surface/sol/00016/ids/fdr/browse/zcam/ZR1_0016_0668361609_545FDR_T0030386ZCAM03002_048300J01.png,https://mars.nasa.gov/mars2020-raw-images/pub/ods/surface/sol/00016/ids/fdr/browse/zcam/ZR1_0016_0668361609_545FDR_T0030386ZCAM03002_048300J01_1200.jpg,ZCAM_R1_800NM,"(-0.907805630561563,0.011507578013355627,0.4192332438738484)","(0.769708,0.434056,-1.96689);(-0.869191,-0.0955925,0.485166);(4.10357,-830.218,62.1199);(338.983,49.7304,754.836);(-0.866449,-0.0965001,0.489866);(-5.29857e-05,-0.474744,0.782138)","(0.769708,0.434056,-1.96689)",MCZ_RIGHT,CAHVOR
16,"(0.8129,-0.0120277,0.0123195,0.582148)",NRF_0016_0668370075_696ECM_N0030578NCAM03016_13_195J,"NASA's Mars Perseverance rover acquired this image using its onboard Right Navigation Camera (Navcam). The camera is located high on the rover's mast and aids in driving. 

This image was acquired on Mar. 7, 2021 (Sol 16) at the local mean solar time of 15:00:33.",Full,Sol-00016M15:00:33.113,NASA/JPL-Caltech,2021-03-07T07:35:33.000,https://mars.nasa.gov/rss/api/?feed=raw_images&category=mars2020&feedtype=json&id=NRF_0016_0668370075_696ECM_N0030578NCAM03016_13_195J,https://mars.nasa.gov/mars2020/multimedia/raw-images/?id=NRF_0016_0668370075_696ECM_N0030578NCAM03016_13_195J,578,Mars Perseverance Sol 16: Right Navigation Camera (Navcam),3,2021-03-07T09:18:43Z,19.0055,-31.7343,668370077.416,2,"(39.3213,34.1703,-0.00444177)","(2545,1905,2576,1936)","(1288,968)",https://mars.nasa.gov/mars2020-raw-images/pub/ods/surface/sol/00016/ids/edr/browse/ncam/NRF_0016_0668370075_696ECM_N0030578NCAM03016_13_195J01_800.jpg,https://mars.nasa.gov/mars2020-raw-images/pub/ods/surface/sol/00016/ids/edr/browse/ncam/NRF_0016_0668370075_696ECM_N0030578NCAM03016_13_195J01_320.jpg,https://mars.nasa.gov/mars2020-raw-images/pub/ods/surface/sol/00016/ids/edr/browse/ncam/NRF_0016_0668370075_696ECM_N0030578NCAM03016_13_195J01.png,https://mars.nasa.gov/mars2020-raw-images/pub/ods/surface/sol/00016/ids/edr/browse/ncam/NRF_0016_0668370075_696ECM_N0030578NCAM03016_13_195J01_1200.jpg,UNK,"(0.440675253395125,0.5547777712977408,0.7057102418975185)","(0.866546,0.803519,-1.90036);(0.797191,0.281115,0.5343);(-475.542,1397.27,5.50811);(-727.279,-252.351,1259.02);(0.797723,0.28085,0.533646);(0.0,0.05117,-0.018889);(0.001504,0.020873,-0.009439);2.0;0.0","(0.866546,0.803519,-1.90036)",NAVCAM_RIGHT,CAHVORE
16,"(0.7156,0.0208675,-0.000370714,0.698199)",ZL4_0016_0668361369_053FDR_T0030386ZCAM03101_063300J,"NASA's Mars Perseverance rover acquired this image using its Left Mastcam-Z camera. Mastcam-Z is a pair of cameras located high on the rover's mast.  

This image was acquired on Mar. 7, 2021 (Sol 16) at the local mean solar time of 12:39:25.",Thumbnail,Sol-00016M12:39:25.135,NASA/JPL-Caltech/ASU,2021-03-07T07:35:28.000,https://mars.nasa.gov/rss/api/?feed=raw_images&category=mars2020&feedtype=json&id=ZL4_0016_0668361369_053FDR_T0030386ZCAM03101_063300J,https://mars.nasa.gov/mars2020/multimedia/raw-images/?id=ZL4_0016_0668361369_053FDR_T0030386ZCAM03101_063300J,386,Mars Perseverance Sol 16: Left Mastcam-Z Camera,3,2021-03-07T12:10:24Z,331.003,-32.3991,668361375.077,8,"(31.2262,8.12755,0.398731)","(1,1,206,150)","(192,144)",https://mars.nasa.gov/mars2020-raw-images/pub/ods/surface/sol/00016/ids/fdr/browse/zcam/ZL4_0016_0668361369_053FDR_T0030386ZCAM03101_063300J01_800.jpg,https://mars.nasa.gov/mars2020-raw-images/pub/ods/surface/sol/00016/ids/fdr/browse/zcam/ZL4_0016_0668361369_053FDR_T0030386ZCAM03101_063300J01_320.jpg,https://mars.nasa.gov/mars2020-raw-images/pub/ods/surface/sol/00016/ids/fdr/browse/zcam/ZL4_0016_0668361369_053FDR_T0030386ZCAM03101_063300J01.png,https://mars.nasa.gov/mars2020-raw-images/pub/ods/surface/sol/00016/ids/fdr/browse/zcam/ZL4_0016_0668361369_053FDR_T0030386ZCAM03101_063300J01_1200.jpg,ZCAM_L4_605NM,"(0.7214746916543769,-0.4959319970464296,0.48324499336026405)","(0.777457,0.431545,-1.97178);(0.748044,-0.404285,0.526307);(605.375,892.734,38.8564);(-438.546,264.649,945.631);(0.751851,-0.398217,0.525508);(-0.000371109,-0.332914,-2.02135)","(0.777457,0.431545,-1.97178)",MCZ_LEFT,CAHVOR
16,"(0.7156,0.0208675,-0.000370714,0.698199)",ZR4_0016_0668361559_545FDR_T0030386ZCAM03002_048300J,"NASA's Mars Perseverance rover acquired this image using its Right Mastcam-Z camera. Mastcam-Z is a pair of cameras located high on the rover's mast.  

This image was acquired on Mar. 7, 2021 (Sol 16) at the local mean solar time of 12:42:32.",Thumbnail,Sol-00016M12:42:32.973,NASA/JPL-Caltech/ASU,2021-03-07T07:35:28.000,https://mars.nasa.gov/rss/api/?feed=raw_images&category=mars2020&feedtype=json&id=ZR4_0016_0668361559_545FDR_T0030386ZCAM03002_048300J,https://mars.nasa.gov/mars2020/multimedia/raw-images/?id=ZR4_0016_0668361559_545FDR_T0030386ZCAM03002_048300J,386,Mars Perseverance Sol 16: Right Mastcam-Z Camera,3,2021-03-07T12:10:24Z,185.996,-29.5448,668361568.162,8,"(31.2262,8.12755,0.398731)","(1,1,206,150)","(192,144)",https://mars.nasa.gov/mars2020-raw-images/pub/ods/surface/sol/00016/ids/fdr/browse/zcam/ZR4_0016_0668361559_545FDR_T0030386ZCAM03002_048300J01_800.jpg,https://mars.nasa.gov/mars2020-raw-images/pub/ods/surface/sol/00016/ids/fdr/browse/zcam/ZR4_0016_0668361559_545FDR_T0030386ZCAM03002_048300J01_320.jpg,https://mars.nasa.gov/mars2020-raw-images/pub/ods/surface/sol/00016/ids/fdr/browse/zcam/ZR4_0016_0668361559_545FDR_T0030386ZCAM03002_048300J01.png,https://mars.nasa.gov/mars2020-raw-images/pub/ods/surface/sol/00016/ids/fdr/browse/zcam/ZR4_0016_0668361559_545FDR_T0030386ZCAM03002_048300J01_1200.jpg,ZCAM_R4_939NM,"(-0.907805630561563,0.011507578013355627,0.4192332438738484)","(0.769708,0.434056,-1.96689);(-0.869191,-0.0955925,0.485166);(4.10357,-830.218,62.1199);(338.983,49.7304,754.836);(-0.866449,-0.0965001,0.489866);(-5.29857e-05,-0.474744,0.782138)","(0.769708,0.434056,-1.96689)",MCZ_RIGHT,CAHVOR
16,"(0.7156,0.0208675,-0.000370714,0.698199)",ZLF_0016_0668361623_536FDR_T0030386ZCAM03002_048300J,"NASA's Mars Perseverance rover acquired this image using its Left Mastcam-Z camera. Mastcam-Z is a pair of cameras located high on the rover's mast.  

This image was acquired on Mar. 7, 2021 (Sol 16) at the local mean solar time of 12:43:34.",Thumbnail,Sol-00016M12:43:34.289,NASA/JPL-Caltech/ASU,2021-03-07T07:35:23.000,https://mars.nasa.gov/rss/api/?feed=raw_images&category=mars2020&feedtype=json&id=ZLF_0016_0668361623_536FDR_T0030386ZCAM03002_048300J,https://mars.nasa.gov/mars2020/multimedia/raw-images/?id=ZLF_0016_0668361623_536FDR_T0030386ZCAM03002_048300J,386,Mars Perseverance Sol 16: Left Mastcam-Z Camera,3,2021-03-07T12:10:24Z,188.673,-29.7143,668361631.092,8,"(31.2262,8.12755,0.398731)","(1,1,206,150)","(192,144)",https://mars.nasa.gov/mars2020-raw-images/pub/ods/surface/sol/00016/ids/fdr/browse/zcam/ZLF_0016_0668361623_536FDR_T0030386ZCAM03002_048300J01_800.jpg,https://mars.nasa.gov/mars2020-raw-images/pub/ods/surface/sol/00016/ids/fdr/browse/zcam/ZLF_0016_0668361623_536FDR_T0030386ZCAM03002_048300J01_320.jpg,https://mars.nasa.gov/mars2020-raw-images/pub/ods/surface/sol/00016/ids/fdr/browse/zcam/ZLF_0016_0668361623_536FDR_T0030386ZCAM03002_048300J01.png,https://mars.nasa.gov/mars2020-raw-images/pub/ods/surface/sol/00016/ids/fdr/browse/zcam/ZLF_0016_0668361623_536FDR_T0030386ZCAM03002_048300J01_1200.jpg,ZCAM_L0_RGB,"(-0.9046500696259128,-0.02803936543041173,0.4252317550608034)","(0.741973,0.676653,-1.96782);(-0.862444,-0.142159,0.485796);(29.3997,-833.201,37.6035);(343.437,37.1867,754.933);(-0.862495,-0.143794,0.485223);(-0.000239634,-0.466106,1.47808)","(0.741973,0.676653,-1.96782)",MCZ_LEFT,CAHVOR
16,"(0.7156,0.0208675,-0.000370714,0.698199)",ZR3_0016_0668361352_053FDR_T0030386ZCAM03101_063300J,"NASA's Mars Perseverance rover acquired this image using its Right Mastcam-Z camera. Mastcam-Z is a pair of cameras located high on the rover's mast.  

This image was acquired on Mar. 7, 2021 (Sol 16) at the local mean solar time of 12:39:10.",Thumbnail,Sol-00016M12:39:10.537,NASA/JPL-Caltech/ASU,2021-03-07T07:35:23.000,https://mars.nasa.gov/rss/api/?feed=raw_images&category=mars2020&feedtype=json&id=ZR3_0016_0668361352_053FDR_T0030386ZCAM03101_063300J,https://mars.nasa.gov/mars2020/multimedia/raw-images/?id=ZR3_0016_0668361352_053FDR_T0030386ZCAM03101_063300J,386,Mars Perseverance Sol 16: Right Mastcam-Z Camera,3,2021-03-07T12:10:24Z,328.24,-32.2125,668361360.447,8,"(31.2262,8.12755,0.398731)","(1,1,206,150)","(192,144)",https://mars.nasa.gov/mars2020-raw-images/pub/ods/surface/sol/00016/ids/fdr/browse/zcam/ZR3_0016_0668361352_053FDR_T0030386ZCAM03101_063300J01_800.jpg,https://mars.nasa.gov/mars2020-raw-images/pub/ods/surface/sol/00016/ids/fdr/browse/zcam/ZR3_0016_0668361352_053FDR_T0030386ZCAM03101_063300J01_320.jpg,https://mars.nasa.gov/mars2020-raw-images/pub/ods/surface/sol/00016/ids/fdr/browse/zcam/ZR3_0016_0668361352_053FDR_T0030386ZCAM03101_063300J01.png,https://mars.nasa.gov/mars2020-raw-images/pub/ods/surface/sol/00016/ids/fdr/browse/zcam/ZR3_0016_0668361352_053FDR_T0030386ZCAM03101_063300J01_1200.jpg,ZCAM_R3_910NM,"(0.7006011858775305,-0.5300033378882937,0.47775981431495995)","(0.902024,0.641646,-1.96982);(0.726472,-0.441025,0.527022);(629.004,872.625,72.4578);(-443.29,249.741,946.619);(0.725872,-0.435849,0.532129);(3.70435e-05,-0.349347,-0.198246)","(0.902024,0.641646,-1.96982)",MCZ_RIGHT,CAHVOR
16,"(0.7156,0.0208675,-0.000370714,0.698199)",ZRF_0016_0668361623_536FDR_T0030386ZCAM03002_048300J,"NASA's Mars Perseverance rover acquired this image using its Right Mastcam-Z camera. Mastcam-Z is a pair of cameras located high on the rover's mast.  

This image was acquired on Mar. 7, 2021 (Sol 16) at the local mean solar time of 12:43:34.",Thumbnail,Sol-00016M12:43:34.289,NASA/JPL-Caltech/ASU,2021-03-07T07:35:15.000,https://mars.nasa.gov/rss/api/?feed=raw_images&category=mars2020&feedtype=json&id=ZRF_0016_0668361623_536FDR_T0030386ZCAM03002_048300J,https://mars.nasa.gov/mars2020/multimedia/raw-images/?id=ZRF_0016_0668361623_536FDR_T0030386ZCAM03002_048300J,386,Mars Perseverance Sol 16: Right Mastcam-Z Camera,3,2021-03-07T12:10:24Z,185.996,-29.5448,668361631.092,8,"(31.2262,8.12755,0.398731)","(1,1,206,150)","(192,144)",https://mars.nasa.gov/mars2020-raw-images/pub/ods/surface/sol/00016/ids/fdr/browse/zcam/ZRF_0016_0668361623_536FDR_T0030386ZCAM03002_048300J01_800.jpg,https://mars.nasa.gov/mars2020-raw-images/pub/ods/surface/sol/00016/ids/fdr/browse/zcam/ZRF_0016_0668361623_536FDR_T0030386ZCAM03002_048300J01_320.jpg,https://mars.nasa.gov/mars2020-raw-images/pub/ods/surface/sol/00016/ids/fdr/browse/zcam/ZRF_0016_0668361623_536FDR_T0030386ZCAM03002_048300J01.png,https://mars.nasa.gov/mars2020-raw-images/pub/ods/surface/sol/00016/ids/fdr/browse/zcam/ZRF_0016_0668361623_536FDR_T0030386ZCAM03002_048300J01_1200.jpg,ZCAM_R0_RGB,"(-0.907805630561563,0.011507578013355627,0.4192332438738484)","(0.769708,0.434056,-1.96689);(-0.869191,-0.0955925,0.485166);(4.10357,-830.218,62.1199);(338.983,49.7304,754.836);(-0.866449,-0.0965001,0.489866);(-5.29857e-05,-0.474744,0.782138)","(0.769708,0.434056,-1.96689)",MCZ_RIGHT,CAHVOR
16,"(0.7156,0.0208675,-0.000370714,0.698199)",ZL2_0016_0668361335_053FDR_T0030386ZCAM03101_063300J,"NASA's Mars Perseverance rover acquired this image using its Left Mastcam-Z camera. Mastcam-Z is a pair of cameras located high on the rover's mast.  

This image was acquired on Mar. 7, 2021 (Sol 16) at the local mean solar time of 12:38:53.",Thumbnail,Sol-00016M12:38:53.991,NASA/JPL-Caltech/ASU,2021-03-07T07:35:05.000,https://mars.nasa.gov/rss/api/?feed=raw_images&category=mars2020&feedtype=json&id=ZL2_0016_0668361335_053FDR_T0030386ZCAM03101_063300J,https://mars.nasa.gov/mars2020/multimedia/raw-images/?id=ZL2_0016_0668361335_053FDR_T0030386ZCAM03101_063300J,386,Mars Perseverance Sol 16: Left Mastcam-Z Camera,3,2021-03-07T12:10:24Z,331.003,-32.3991,668361343.134,8,"(31.2262,8.12755,0.398731)","(1,1,206,150)","(192,144)",https://mars.nasa.gov/mars2020-raw-images/pub/ods/surface/sol/00016/ids/fdr/browse/zcam/ZL2_0016_0668361335_053FDR_T0030386ZCAM03101_063300J01_800.jpg,https://mars.nasa.gov/mars2020-raw-images/pub/ods/surface/sol/00016/ids/fdr/browse/zcam/ZL2_0016_0668361335_053FDR_T0030386ZCAM03101_063300J01_320.jpg,https://mars.nasa.gov/mars2020-raw-images/pub/ods/surface/sol/00016/ids/fdr/browse/zcam/ZL2_0016_0668361335_053FDR_T0030386ZCAM03101_063300J01.png,https://mars.nasa.gov/mars2020-raw-images/pub/ods/surface/sol/00016/ids/fdr/browse/zcam/ZL2_0016_0668361335_053FDR_T0030386ZCAM03101_063300J01_1200.jpg,ZCAM_L2_754NM,"(0.7214746916543769,-0.4959319970464296,0.48324499336026405)","(0.777457,0.431545,-1.97178);(0.748044,-0.404285,0.526307);(605.375,892.734,38.8564);(-438.546,264.649,945.631);(0.751851,-0.398217,0.525508);(-0.000371109,-0.332914,-2.02135)","(0.777457,0.431545,-1.97178)",MCZ_LEFT,CAHVOR
16,"(0.8129,-0.0120277,0.0123195,0.582148)",NLF_0016_0668370075_696ECM_N0030578NCAM03016_01_295J,"NASA's Mars Perseverance rover acquired this image using its onboard Left Navigation Camera (Navcam). The camera is located high on the rover's mast and aids in driving. 

This image was acquired on Mar. 7, 2021 (Sol 16) at the local mean solar time of 15:00:33.",Full,Sol-00016M15:00:33.113,NASA/JPL-Caltech,2021-03-07T07:35:05.000,https://mars.nasa.gov/rss/api/?feed=raw_images&category=mars2020&feedtype=json&id=NLF_0016_0668370075_696ECM_N0030578NCAM03016_01_295J,https://mars.nasa.gov/mars2020/multimedia/raw-images/?id=NLF_0016_0668370075_696ECM_N0030578NCAM03016_01_295J,578,Mars Perseverance Sol 16: Left Navigation Camera (Navcam),3,2021-03-07T09:18:43Z,18.6128,-31.9366,668370077.375,4,"(39.3213,34.1703,-0.00444177)","(1,1,5120,3840)","(1280,960)",https://mars.nasa.gov/mars2020-raw-images/pub/ods/surface/sol/00016/ids/edr/browse/ncam/NLF_0016_0668370075_696ECM_N0030578NCAM03016_01_295J01_800.jpg,https://mars.nasa.gov/mars2020-raw-images/pub/ods/surface/sol/00016/ids/edr/browse/ncam/NLF_0016_0668370075_696ECM_N0030578NCAM03016_01_295J01_320.jpg,https://mars.nasa.gov/mars2020-raw-images/pub/ods/surface/sol/00016/ids/edr/browse/ncam/NLF_0016_0668370075_696ECM_N0030578NCAM03016_01_295J01.png,https://mars.nasa.gov/mars2020-raw-images/pub/ods/surface/sol/00016/ids/edr/browse/ncam/NLF_0016_0668370075_696ECM_N0030578NCAM03016_01_295J01_1200.jpg,UNK,"(0.8036914370957439,0.2713806996556605,0.5295588633885588)","(1.00778,0.403328,-1.89915);(0.796308,0.28108,0.535633);(271.887,880.345,344.671);(11.9248,7.47715,884.408);(0.795776,0.282402,0.535729);(2e-06,0.049535,-0.015973);(-0.003612,0.013016,-0.023961);2.0;0.0","(1.00778,0.403328,-1.89915)",NAVCAM_LEFT,CAHVORE
16,"(0.8129,-0.0120277,0.0123195,0.582148)",NRF_0016_0668369874_474ECM_N0030578NCAM00304_04_195J,"NASA's Mars Perseverance rover acquired this image using its onboard Right Navigation Camera (Navcam). The camera is located high on the rover's mast and aids in driving. 

This image was acquired on Mar. 7, 2021 (Sol 16) at the local mean solar time of 14:57:17.",Full,Sol-00016M14:57:17.273,NASA/JPL-Caltech,2021-03-07T07:35:05.000,https://mars.nasa.gov/rss/api/?feed=raw_images&category=mars2020&feedtype=json&id=NRF_0016_0668369874_474ECM_N0030578NCAM00304_04_195J,https://mars.nasa.gov/mars2020/multimedia/raw-images/?id=NRF_0016_0668369874_474ECM_N0030578NCAM00304_04_195J,578,Mars Perseverance Sol 16: Right Navigation Camera (Navcam),3,2021-03-07T09:18:43Z,337.041,-44.9256,668369875.375,2,"(39.3213,34.1703,-0.00444177)","(2545,1,2576,1936)","(1288,968)",https://mars.nasa.gov/mars2020-raw-images/pub/ods/surface/sol/00016/ids/edr/browse/ncam/NRF_0016_0668369874_474ECM_N0030578NCAM00304_04_195J01_800.jpg,https://mars.nasa.gov/mars2020-raw-images/pub/ods/surface/sol/00016/ids/edr/browse/ncam/NRF_0016_0668369874_474ECM_N0030578NCAM00304_04_195J01_320.jpg,https://mars.nasa.gov/mars2020-raw-images/pub/ods/surface/sol/00016/ids/edr/browse/ncam/NRF_0016_0668369874_474ECM_N0030578NCAM00304_04_195J01.png,https://mars.nasa.gov/mars2020-raw-images/pub/ods/surface/sol/00016/ids/edr/browse/ncam/NRF_0016_0668369874_474ECM_N0030578NCAM00304_04_195J01_1200.jpg,UNK,"(0.9061368752211657,0.029359235681776747,0.421964451873145)","(1.00646,0.703058,-1.86914);(0.647912,-0.267782,0.713104);(577.435,1358.32,8.75792);(-339.737,145.074,1729.0);(0.648259,-0.268387,0.712562);(0.0,0.05117,-0.018889);(0.001504,0.020873,-0.009439);2.0;0.0","(1.00646,0.703058,-1.86914)",NAVCAM_RIGHT,CAHVORE
16,"(0.7156,0.0208675,-0.000370714,0.698199)",ZR2_0016_0668361592_536FDR_T0030386ZCAM03002_048300J,"NASA's Mars Perseverance rover acquired this image using its Right Mastcam-Z camera. Mastcam-Z is a pair of cameras located high on the rover's mast.  

This image was acquired on Mar. 7, 2021 (Sol 16) at the local mean solar time of 12:43:04.",Thumbnail,Sol-00016M12:43:04.118,NASA/JPL-Caltech/ASU,2021-03-07T07:35:04.000,https://mars.nasa.gov/rss/api/?feed=raw_images&category=mars2020&feedtype=json&id=ZR2_0016_0668361592_536FDR_T0030386ZCAM03002_048300J,https://mars.nasa.gov/mars2020/multimedia/raw-images/?id=ZR2_0016_0668361592_536FDR_T0030386ZCAM03002_048300J,386,Mars Perseverance Sol 16: Right Mastcam-Z Camera,3,2021-03-07T12:10:24Z,185.996,-29.5448,668361600.166,8,"(31.2262,8.12755,0.398731)","(1,1,206,150)","(192,144)",https://mars.nasa.gov/mars2020-raw-images/pub/ods/surface/sol/00016/ids/fdr/browse/zcam/ZR2_0016_0668361592_536FDR_T0030386ZCAM03002_048300J01_800.jpg,https://mars.nasa.gov/mars2020-raw-images/pub/ods/surface/sol/00016/ids/fdr/browse/zcam/ZR2_0016_0668361592_536FDR_T0030386ZCAM03002_048300J01_320.jpg,https://mars.nasa.gov/mars2020-raw-images/pub/ods/surface/sol/00016/ids/fdr/browse/zcam/ZR2_0016_0668361592_536FDR_T0030386ZCAM03002_048300J01.png,https://mars.nasa.gov/mars2020-raw-images/pub/ods/surface/sol/00016/ids/fdr/browse/zcam/ZR2_0016_0668361592_536FDR_T0030386ZCAM03002_048300J01_1200.jpg,ZCAM_R2_866NM,"(-0.907805630561563,0.011507578013355627,0.4192332438738484)","(0.769708,0.434056,-1.96689);(-0.869191,-0.0955925,0.485166);(4.10357,-830.218,62.1199);(338.983,49.7304,754.836);(-0.866449,-0.0965001,0.489866);(-5.29857e-05,-0.474744,0.782138)","(0.769708,0.434056,-1.96689)",MCZ_RIGHT,CAHVOR
16,"(0.7156,0.0208675,-0.000370714,0.698199)",ZL6_0016_0668361429_542FDR_T0030386ZCAM03002_048300J,"NASA's Mars Perseverance rover acquired this image using its Left Mastcam-Z camera. Mastcam-Z is a pair of cameras located high on the rover's mast.  

This image was acquired on Mar. 7, 2021 (Sol 16) at the local mean solar time of 12:41:51.",Thumbnail,Sol-00016M12:41:51.124,NASA/JPL-Caltech/ASU,2021-03-07T07:35:00.000,https://mars.nasa.gov/rss/api/?feed=raw_images&category=mars2020&feedtype=json&id=ZL6_0016_0668361429_542FDR_T0030386ZCAM03002_048300J,https://mars.nasa.gov/mars2020/multimedia/raw-images/?id=ZL6_0016_0668361429_542FDR_T0030386ZCAM03002_048300J,386,Mars Perseverance Sol 16: Left Mastcam-Z Camera,3,2021-03-07T12:10:24Z,188.673,-29.7143,668361525.115,8,"(31.2262,8.12755,0.398731)","(1,1,206,150)","(192,144)",https://mars.nasa.gov/mars2020-raw-images/pub/ods/surface/sol/00016/ids/fdr/browse/zcam/ZL6_0016_0668361429_542FDR_T0030386ZCAM03002_048300J01_800.jpg,https://mars.nasa.gov/mars2020-raw-images/pub/ods/surface/sol/00016/ids/fdr/browse/zcam/ZL6_0016_0668361429_542FDR_T0030386ZCAM03002_048300J01_320.jpg,https://mars.nasa.gov/mars2020-raw-images/pub/ods/surface/sol/00016/ids/fdr/browse/zcam/ZL6_0016_0668361429_542FDR_T0030386ZCAM03002_048300J01.png,https://mars.nasa.gov/mars2020-raw-images/pub/ods/surface/sol/00016/ids/fdr/browse/zcam/ZL6_0016_0668361429_542FDR_T0030386ZCAM03002_048300J01_1200.jpg,ZCAM_L6_442NM,"(-0.9046500696259128,-0.02803936543041173,0.4252317550608034)","(0.741973,0.676653,-1.96782);(-0.862444,-0.142159,0.485796);(29.3997,-833.201,37.6035);(343.437,37.1867,754.933);(-0.862495,-0.143794,0.485223);(-0.000239634,-0.466106,1.47808)","(0.741973,0.676653,-1.96782)",MCZ_LEFT,CAHVOR
16,"(0.7156,0.0208675,-0.000370714,0.698199)",ZL3_0016_0668361352_053FDR_T0030386ZCAM03101_063300J,"NASA's Mars Perseverance rover acquired this image using its Left Mastcam-Z camera. Mastcam-Z is a pair of cameras located high on the rover's mast.  

This image was acquired on Mar. 7, 2021 (Sol 16) at the local mean solar time of 12:39:08.",Thumbnail,Sol-00016M12:39:08.590,NASA/JPL-Caltech/ASU,2021-03-07T07:34:53.000,https://mars.nasa.gov/rss/api/?feed=raw_images&category=mars2020&feedtype=json&id=ZL3_0016_0668361352_053FDR_T0030386ZCAM03101_063300J,https://mars.nasa.gov/mars2020/multimedia/raw-images/?id=ZL3_0016_0668361352_053FDR_T0030386ZCAM03101_063300J,386,Mars Perseverance Sol 16: Left Mastcam-Z Camera,3,2021-03-07T12:10:24Z,331.003,-32.3991,668361358.081,8,"(31.2262,8.12755,0.398731)","(1,1,206,150)","(192,144)",https://mars.nasa.gov/mars2020-raw-images/pub/ods/surface/sol/00016/ids/fdr/browse/zcam/ZL3_0016_0668361352_053FDR_T0030386ZCAM03101_063300J01_800.jpg,https://mars.nasa.gov/mars2020-raw-images/pub/ods/surface/sol/00016/ids/fdr/browse/zcam/ZL3_0016_0668361352_053FDR_T0030386ZCAM03101_063300J01_320.jpg,https://mars.nasa.gov/mars2020-raw-images/pub/ods/surface/sol/00016/ids/fdr/browse/zcam/ZL3_0016_0668361352_053FDR_T0030386ZCAM03101_063300J01.png,https://mars.nasa.gov/mars2020-raw-images/pub/ods/surface/sol/00016/ids/fdr/browse/zcam/ZL3_0016_0668361352_053FDR_T0030386ZCAM03101_063300J01_1200.jpg,ZCAM_L3_677NM,"(0.7214746916543769,-0.4959319970464296,0.48324499336026405)","(0.777457,0.431545,-1.97178);(0.748044,-0.404285,0.526307);(605.375,892.734,38.8564);(-438.546,264.649,945.631);(0.751851,-0.398217,0.525508);(-0.000371109,-0.332914,-2.02135)","(0.777457,0.431545,-1.97178)",MCZ_LEFT,CAHVOR
16,"(0.7156,0.0208675,-0.000370714,0.698199)",ZL4_0016_0668361559_545FDR_T0030386ZCAM03002_048300J,"NASA's Mars Perseverance rover acquired this image using its Left Mastcam-Z camera. Mastcam-Z is a pair of cameras located high on the rover's mast.  

This image was acquired on Mar. 7, 2021 (Sol 16) at the local mean solar time of 12:42:30.",Thumbnail,Sol-00016M12:42:30.054,NASA/JPL-Caltech/ASU,2021-03-07T07:34:48.000,https://mars.nasa.gov/rss/api/?feed=raw_images&category=mars2020&feedtype=json&id=ZL4_0016_0668361559_545FDR_T0030386ZCAM03002_048300J,https://mars.nasa.gov/mars2020/multimedia/raw-images/?id=ZL4_0016_0668361559_545FDR_T0030386ZCAM03002_048300J,386,Mars Perseverance Sol 16: Left Mastcam-Z Camera,3,2021-03-07T12:10:24Z,188.673,-29.7143,668361565.105,8,"(31.2262,8.12755,0.398731)","(1,1,206,150)","(192,144)",https://mars.nasa.gov/mars2020-raw-images/pub/ods/surface/sol/00016/ids/fdr/browse/zcam/ZL4_0016_0668361559_545FDR_T0030386ZCAM03002_048300J01_800.jpg,https://mars.nasa.gov/mars2020-raw-images/pub/ods/surface/sol/00016/ids/fdr/browse/zcam/ZL4_0016_0668361559_545FDR_T0030386ZCAM03002_048300J01_320.jpg,https://mars.nasa.gov/mars2020-raw-images/pub/ods/surface/sol/00016/ids/fdr/browse/zcam/ZL4_0016_0668361559_545FDR_T0030386ZCAM03002_048300J01.png,https://mars.nasa.gov/mars2020-raw-images/pub/ods/surface/sol/00016/ids/fdr/browse/zcam/ZL4_0016_0668361559_545FDR_T0030386ZCAM03002_048300J01_1200.jpg,ZCAM_L4_605NM,"(-0.9046500696259128,-0.02803936543041173,0.4252317550608034)","(0.741973,0.676653,-1.96782);(-0.862444,-0.142159,0.485796);(29.3997,-833.201,37.6035);(343.437,37.1867,754.933);(-0.862495,-0.143794,0.485223);(-0.000239634,-0.466106,1.47808)","(0.741973,0.676653,-1.96782)",MCZ_LEFT,CAHVOR
16,"(0.7156,0.0208675,-0.000370714,0.698199)",ZR6_0016_0668361408_053FDR_T0030386ZCAM03101_063300J,"NASA's Mars Perseverance rover acquired this image using its Right Mastcam-Z camera. Mastcam-Z is a pair of cameras located high on the rover's mast.  

This image was acquired on Mar. 7, 2021 (Sol 16) at the local mean solar time of 12:40:08.",Thumbnail,Sol-00016M12:40:08.932,NASA/JPL-Caltech/ASU,2021-03-07T07:34:47.000,https://mars.nasa.gov/rss/api/?feed=raw_images&category=mars2020&feedtype=json&id=ZR6_0016_0668361408_053FDR_T0030386ZCAM03101_063300J,https://mars.nasa.gov/mars2020/multimedia/raw-images/?id=ZR6_0016_0668361408_053FDR_T0030386ZCAM03101_063300J,386,Mars Perseverance Sol 16: Right Mastcam-Z Camera,3,2021-03-07T12:10:24Z,328.24,-32.2125,668361421.430,8,"(31.2262,8.12755,0.398731)","(1,1,206,150)","(192,144)",https://mars.nasa.gov/mars2020-raw-images/pub/ods/surface/sol/00016/ids/fdr/browse/zcam/ZR6_0016_0668361408_053FDR_T0030386ZCAM03101_063300J01_800.jpg,https://mars.nasa.gov/mars2020-raw-images/pub/ods/surface/sol/00016/ids/fdr/browse/zcam/ZR6_0016_0668361408_053FDR_T0030386ZCAM03101_063300J01_320.jpg,https://mars.nasa.gov/mars2020-raw-images/pub/ods/surface/sol/00016/ids/fdr/browse/zcam/ZR6_0016_0668361408_053FDR_T0030386ZCAM03101_063300J01.png,https://mars.nasa.gov/mars2020-raw-images/pub/ods/surface/sol/00016/ids/fdr/browse/zcam/ZR6_0016_0668361408_053FDR_T0030386ZCAM03101_063300J01_1200.jpg,ZCAM_R6_1022NM,"(0.7006011858775305,-0.5300033378882937,0.47775981431495995)","(0.902024,0.641646,-1.96982);(0.726472,-0.441025,0.527022);(629.004,872.625,72.4578);(-443.29,249.741,946.619);(0.725872,-0.435849,0.532129);(3.70435e-05,-0.349347,-0.198246)","(0.902024,0.641646,-1.96982)",MCZ_RIGHT,CAHVOR
16,"(0.7156,0.0208675,-0.000370714,0.698199)",ZL1_0016_0668361609_545FDR_T0030386ZCAM03002_048300J,"NASA's Mars Perseverance rover acquired this image using its Left Mastcam-Z camera. Mastcam-Z is a pair of cameras located high on the rover's mast.  

This image was acquired on Mar. 7, 2021 (Sol 16) at the local mean solar time of 12:43:18.",Thumbnail,Sol-00016M12:43:18.717,NASA/JPL-Caltech/ASU,2021-03-07T07:34:43.000,https://mars.nasa.gov/rss/api/?feed=raw_images&category=mars2020&feedtype=json&id=ZL1_0016_0668361609_545FDR_T0030386ZCAM03002_048300J,https://mars.nasa.gov/mars2020/multimedia/raw-images/?id=ZL1_0016_0668361609_545FDR_T0030386ZCAM03002_048300J,386,Mars Perseverance Sol 16: Left Mastcam-Z Camera,3,2021-03-07T12:10:24Z,188.673,-29.7143,668361615.128,8,"(31.2262,8.12755,0.398731)","(1,1,206,150)","(192,144)",https://mars.nasa.gov/mars2020-raw-images/pub/ods/surface/sol/00016/ids/fdr/browse/zcam/ZL1_0016_0668361609_545FDR_T0030386ZCAM03002_048300J01_800.jpg,https://mars.nasa.gov/mars2020-raw-images/pub/ods/surface/sol/00016/ids/fdr/browse/zcam/ZL1_0016_0668361609_545FDR_T0030386ZCAM03002_048300J01_320.jpg,https://mars.nasa.gov/mars2020-raw-images/pub/ods/surface/sol/00016/ids/fdr/browse/zcam/ZL1_0016_0668361609_545FDR_T0030386ZCAM03002_048300J01.png,https://mars.nasa.gov/mars2020-raw-images/pub/ods/surface/sol/00016/ids/fdr/browse/zcam/ZL1_0016_0668361609_545FDR_T0030386ZCAM03002_048300J01_1200.jpg,ZCAM_L1_800NM,"(-0.9046500696259128,-0.02803936543041173,0.4252317550608034)","(0.741973,0.676653,-1.96782);(-0.862444,-0.142159,0.485796);(29.3997,-833.201,37.6035);(343.437,37.1867,754.933);(-0.862495,-0.143794,0.485223);(-0.000239634,-0.466106,1.47808)","(0.741973,0.676653,-1.96782)",MCZ_LEFT,CAHVOR
16,"(0.7156,0.0208675,-0.000370714,0.698199)",ZR1_0016_0668361317_053FDR_T0030386ZCAM03101_063300J,"NASA's Mars Perseverance rover acquired this image using its Right Mastcam-Z camera. Mastcam-Z is a pair of cameras located high on the rover's mast.  

This image was acquired on Mar. 7, 2021 (Sol 16) at the local mean solar time of 12:38:36.",Thumbnail,Sol-00016M12:38:36.473,NASA/JPL-Caltech/ASU,2021-03-07T07:34:43.000,https://mars.nasa.gov/rss/api/?feed=raw_images&category=mars2020&feedtype=json&id=ZR1_0016_0668361317_053FDR_T0030386ZCAM03101_063300J,https://mars.nasa.gov/mars2020/multimedia/raw-images/?id=ZR1_0016_0668361317_053FDR_T0030386ZCAM03101_063300J,386,Mars Perseverance Sol 16: Right Mastcam-Z Camera,3,2021-03-07T12:10:24Z,328.24,-32.2125,668361325.215,8,"(31.2262,8.12755,0.398731)","(1,1,206,150)","(192,144)",https://mars.nasa.gov/mars2020-raw-images/pub/ods/surface/sol/00016/ids/fdr/browse/zcam/ZR1_0016_0668361317_053FDR_T0030386ZCAM03101_063300J01_800.jpg,https://mars.nasa.gov/mars2020-raw-images/pub/ods/surface/sol/00016/ids/fdr/browse/zcam/ZR1_0016_0668361317_053FDR_T0030386ZCAM03101_063300J01_320.jpg,https://mars.nasa.gov/mars2020-raw-images/pub/ods/surface/sol/00016/ids/fdr/browse/zcam/ZR1_0016_0668361317_053FDR_T0030386ZCAM03101_063300J01.png,https://mars.nasa.gov/mars2020-raw-images/pub/ods/surface/sol/00016/ids/fdr/browse/zcam/ZR1_0016_0668361317_053FDR_T0030386ZCAM03101_063300J01_1200.jpg,ZCAM_R1_800NM,"(0.7006011858775305,-0.5300033378882937,0.47775981431495995)","(0.902024,0.641646,-1.96982);(0.726472,-0.441025,0.527022);(629.004,872.625,72.4578);(-443.29,249.741,946.619);(0.725872,-0.435849,0.532129);(3.70435e-05,-0.349347,-0.198246)","(0.902024,0.641646,-1.96982)",MCZ_RIGHT,CAHVOR
16,"(0.7156,0.0208675,-0.000370714,0.698199)",ZRF_0016_0668361165_057FDR_T0030386ZCAM03101_063300J,"NASA's Mars Perseverance rover acquired this image using its Right Mastcam-Z camera. Mastcam-Z is a pair of cameras located high on the rover's mast.  

This image was acquired on Mar. 7, 2021 (Sol 16) at the local mean solar time of 12:38:19.",Thumbnail,Sol-00016M12:38:19.927,NASA/JPL-Caltech/ASU,2021-03-07T07:34:40.000,https://mars.nasa.gov/rss/api/?feed=raw_images&category=mars2020&feedtype=json&id=ZRF_0016_0668361165_057FDR_T0030386ZCAM03101_063300J,https://mars.nasa.gov/mars2020/multimedia/raw-images/?id=ZRF_0016_0668361165_057FDR_T0030386ZCAM03101_063300J,386,Mars Perseverance Sol 16: Right Mastcam-Z Camera,3,2021-03-07T12:10:24Z,328.24,-32.2125,668361308.056,8,"(31.2262,8.12755,0.398731)","(1,1,206,150)","(192,144)",https://mars.nasa.gov/mars2020-raw-images/pub/ods/surface/sol/00016/ids/fdr/browse/zcam/ZRF_0016_0668361165_057FDR_T0030386ZCAM03101_063300J01_800.jpg,https://mars.nasa.gov/mars2020-raw-images/pub/ods/surface/sol/00016/ids/fdr/browse/zcam/ZRF_0016_0668361165_057FDR_T0030386ZCAM03101_063300J01_320.jpg,https://mars.nasa.gov/mars2020-raw-images/pub/ods/surface/sol/00016/ids/fdr/browse/zcam/ZRF_0016_0668361165_057FDR_T0030386ZCAM03101_063300J01.png,https://mars.nasa.gov/mars2020-raw-images/pub/ods/surface/sol/00016/ids/fdr/browse/zcam/ZRF_0016_0668361165_057FDR_T0030386ZCAM03101_063300J01_1200.jpg,ZCAM_R0_RGB,"(0.7006011858775305,-0.5300033378882937,0.47775981431495995)","(0.902024,0.641646,-1.96982);(0.726472,-0.441025,0.527022);(629.004,872.625,72.4578);(-443.29,249.741,946.619);(0.725872,-0.435849,0.532129);(3.70435e-05,-0.349347,-0.198246)","(0.902024,0.641646,-1.96982)",MCZ_RIGHT,CAHVOR
16,"(0.7156,0.0208675,-0.000370714,0.698199)",ZL5_0016_0668361386_053FDR_T0030386ZCAM03101_063300J,"NASA's Mars Perseverance rover acquired this image using its Left Mastcam-Z camera. Mastcam-Z is a pair of cameras located high on the rover's mast.  

This image was acquired on Mar. 7, 2021 (Sol 16) at the local mean solar time of 12:39:41.",Thumbnail,Sol-00016M12:39:41.680,NASA/JPL-Caltech/ASU,2021-03-07T07:34:39.000,https://mars.nasa.gov/rss/api/?feed=raw_images&category=mars2020&feedtype=json&id=ZL5_0016_0668361386_053FDR_T0030386ZCAM03101_063300J,https://mars.nasa.gov/mars2020/multimedia/raw-images/?id=ZL5_0016_0668361386_053FDR_T0030386ZCAM03101_063300J,386,Mars Perseverance Sol 16: Left Mastcam-Z Camera,3,2021-03-07T12:10:24Z,331.003,-32.3991,668361392.089,8,"(31.2262,8.12755,0.398731)","(1,1,206,150)","(192,144)",https://mars.nasa.gov/mars2020-raw-images/pub/ods/surface/sol/00016/ids/fdr/browse/zcam/ZL5_0016_0668361386_053FDR_T0030386ZCAM03101_063300J01_800.jpg,https://mars.nasa.gov/mars2020-raw-images/pub/ods/surface/sol/00016/ids/fdr/browse/zcam/ZL5_0016_0668361386_053FDR_T0030386ZCAM03101_063300J01_320.jpg,https://mars.nasa.gov/mars2020-raw-images/pub/ods/surface/sol/00016/ids/fdr/browse/zcam/ZL5_0016_0668361386_053FDR_T0030386ZCAM03101_063300J01.png,https://mars.nasa.gov/mars2020-raw-images/pub/ods/surface/sol/00016/ids/fdr/browse/zcam/ZL5_0016_0668361386_053FDR_T0030386ZCAM03101_063300J01_1200.jpg,ZCAM_L5_528NM,"(0.7214746916543769,-0.4959319970464296,0.48324499336026405)","(0.777457,0.431545,-1.97178);(0.748044,-0.404285,0.526307);(605.375,892.734,38.8564);(-438.546,264.649,945.631);(0.751851,-0.398217,0.525508);(-0.000371109,-0.332914,-2.02135)","(0.777457,0.431545,-1.97178)",MCZ_LEFT,CAHVOR
16,"(0.7156,0.0208675,-0.000370714,0.698199)",ZLF_0016_0668361165_057FDR_T0030386ZCAM03101_063300J,"NASA's Mars Perseverance rover acquired this image using its Left Mastcam-Z camera. Mastcam-Z is a pair of cameras located high on the rover's mast.  

This image was acquired on Mar. 7, 2021 (Sol 16) at the local mean solar time of 12:38:19.",Thumbnail,Sol-00016M12:38:19.927,NASA/JPL-Caltech/ASU,2021-03-07T07:34:39.000,https://mars.nasa.gov/rss/api/?feed=raw_images&category=mars2020&feedtype=json&id=ZLF_0016_0668361165_057FDR_T0030386ZCAM03101_063300J,https://mars.nasa.gov/mars2020/multimedia/raw-images/?id=ZLF_0016_0668361165_057FDR_T0030386ZCAM03101_063300J,386,Mars Perseverance Sol 16: Left Mastcam-Z Camera,3,2021-03-07T12:10:24Z,331.003,-32.3991,668361308.032,8,"(31.2262,8.12755,0.398731)","(1,1,206,150)","(192,144)",https://mars.nasa.gov/mars2020-raw-images/pub/ods/surface/sol/00016/ids/fdr/browse/zcam/ZLF_0016_0668361165_057FDR_T0030386ZCAM03101_063300J01_800.jpg,https://mars.nasa.gov/mars2020-raw-images/pub/ods/surface/sol/00016/ids/fdr/browse/zcam/ZLF_0016_0668361165_057FDR_T0030386ZCAM03101_063300J01_320.jpg,https://mars.nasa.gov/mars2020-raw-images/pub/ods/surface/sol/00016/ids/fdr/browse/zcam/ZLF_0016_0668361165_057FDR_T0030386ZCAM03101_063300J01.png,https://mars.nasa.gov/mars2020-raw-images/pub/ods/surface/sol/00016/ids/fdr/browse/zcam/ZLF_0016_0668361165_057FDR_T0030386ZCAM03101_063300J01_1200.jpg,ZCAM_L0_RGB,"(0.7214746916543769,-0.4959319970464296,0.48324499336026405)","(0.777457,0.431545,-1.97178);(0.748044,-0.404285,0.526307);(605.375,892.734,38.8564);(-438.546,264.649,945.631);(0.751851,-0.398217,0.525508);(-0.000371109,-0.332914,-2.02135)","(0.777457,0.431545,-1.97178)",MCZ_LEFT,CAHVOR
16,"(0.8129,-0.0120277,0.0123195,0.582148)",NRF_0016_0668370027_636ECM_N0030578NCAM03016_01_295J,"NASA's Mars Perseverance rover acquired this image using its onboard Right Navigation Camera (Navcam). The camera is located high on the rover's mast and aids in driving. 

This image was acquired on Mar. 7, 2021 (Sol 16) at the local mean solar time of 14:59:46.",Full,Sol-00016M14:59:46.338,NASA/JPL-Caltech,2021-03-07T07:34:34.000,https://mars.nasa.gov/rss/api/?feed=raw_images&category=mars2020&feedtype=json&id=NRF_0016_0668370027_636ECM_N0030578NCAM03016_01_295J,https://mars.nasa.gov/mars2020/multimedia/raw-images/?id=NRF_0016_0668370027_636ECM_N0030578NCAM03016_01_295J,578,Mars Perseverance Sol 16: Right Navigation Camera (Navcam),3,2021-03-07T09:18:43Z,306.143,-30.9988,668370028.269,4,"(39.3213,34.1703,-0.00444177)","(1,1,5120,3840)","(1280,960)",https://mars.nasa.gov/mars2020-raw-images/pub/ods/surface/sol/00016/ids/edr/browse/ncam/NRF_0016_0668370027_636ECM_N0030578NCAM03016_01_295J01_800.jpg,https://mars.nasa.gov/mars2020-raw-images/pub/ods/surface/sol/00016/ids/edr/browse/ncam/NRF_0016_0668370027_636ECM_N0030578NCAM03016_01_295J01_320.jpg,https://mars.nasa.gov/mars2020-raw-images/pub/ods/surface/sol/00016/ids/edr/browse/ncam/NRF_0016_0668370027_636ECM_N0030578NCAM03016_01_295J01.png,https://mars.nasa.gov/mars2020-raw-images/pub/ods/surface/sol/00016/ids/edr/browse/ncam/NRF_0016_0668370027_636ECM_N0030578NCAM03016_01_295J01_1200.jpg,UNK,"(0.50590814560349,-0.691531505454781,0.5155978327878058)","(1.05646,0.572496,-1.90189);(0.507535,-0.684449,0.523405);(919.937,-1.67661,336.319);(17.7253,-22.4504,883.409);(0.507435,-0.685028,0.522746);(0.0,0.05117,-0.018889);(0.001504,0.020873,-0.009439);2.0;0.0","(1.05646,0.572496,-1.90189)",NAVCAM_RIGHT,CAHVORE
16,"(0.8129,-0.0120277,0.0123195,0.582148)",NLF_0016_0668369874_474ECM_N0030578NCAM00304_10_195J,"NASA's Mars Perseverance rover acquired this image using its onboard Left Navigation Camera (Navcam). The camera is located high on the rover's mast and aids in driving. 

This image was acquired on Mar. 7, 2021 (Sol 16) at the local mean solar time of 14:57:17.",Full,Sol-00016M14:57:17.273,NASA/JPL-Caltech,2021-03-07T07:34:31.000,https://mars.nasa.gov/rss/api/?feed=raw_images&category=mars2020&feedtype=json&id=NLF_0016_0668369874_474ECM_N0030578NCAM00304_10_195J,https://mars.nasa.gov/mars2020/multimedia/raw-images/?id=NLF_0016_0668369874_474ECM_N0030578NCAM00304_10_195J,578,Mars Perseverance Sol 16: Left Navigation Camera (Navcam),3,2021-03-07T09:18:43Z,336.568,-45.1269,668369874.909,2,"(39.3213,34.1703,-0.00444177)","(2545,1905,2576,1936)","(1288,968)",https://mars.nasa.gov/mars2020-raw-images/pub/ods/surface/sol/00016/ids/edr/browse/ncam/NLF_0016_0668369874_474ECM_N0030578NCAM00304_10_195J01_800.jpg,https://mars.nasa.gov/mars2020-raw-images/pub/ods/surface/sol/00016/ids/edr/browse/ncam/NLF_0016_0668369874_474ECM_N0030578NCAM00304_10_195J01_320.jpg,https://mars.nasa.gov/mars2020-raw-images/pub/ods/surface/sol/00016/ids/edr/browse/ncam/NLF_0016_0668369874_474ECM_N0030578NCAM00304_10_195J01.png,https://mars.nasa.gov/mars2020-raw-images/pub/ods/surface/sol/00016/ids/edr/browse/ncam/NLF_0016_0668369874_474ECM_N0030578NCAM00304_10_195J01_1200.jpg,UNK,"(0.5323843288510396,0.18236202211106745,0.8266262875600984)","(0.844119,0.310951,-1.86784);(0.646971,-0.267111,0.71421);(585.736,1358.59,13.3841);(-961.404,404.226,1048.84);(0.647439,-0.265763,0.714289);(2e-06,0.049535,-0.015973);(-0.003612,0.013016,-0.023961);2.0;0.0","(0.844119,0.310951,-1.86784)",NAVCAM_LEFT,CAHVORE
16,"(0.8129,-0.0120277,0.0123195,0.582148)",NLF_0016_0668370075_696ECM_N0030578NCAM03016_07_195J,"NASA's Mars Perseverance rover acquired this image using its onboard Left Navigation Camera (Navcam). The camera is located high on the rover's mast and aids in driving. 

This image was acquired on Mar. 7, 2021 (Sol 16) at the local mean solar time of 15:00:33.",Full,Sol-00016M15:00:33.113,NASA/JPL-Caltech,2021-03-07T07:34:31.000,https://mars.nasa.gov/rss/api/?feed=raw_images&category=mars2020&feedtype=json&id=NLF_0016_0668370075_696ECM_N0030578NCAM03016_07_195J,https://mars.nasa.gov/mars2020/multimedia/raw-images/?id=NLF_0016_0668370075_696ECM_N0030578NCAM03016_07_195J,578,Mars Perseverance Sol 16: Left Navigation Camera (Navcam),3,2021-03-07T09:18:43Z,18.6128,-31.9366,668370077.375,2,"(39.3213,34.1703,-0.00444177)","(2545,1,2576,1936)","(1288,968)",https://mars.nasa.gov/mars2020-raw-images/pub/ods/surface/sol/00016/ids/edr/browse/ncam/NLF_0016_0668370075_696ECM_N0030578NCAM03016_07_195J01_800.jpg,https://mars.nasa.gov/mars2020-raw-images/pub/ods/surface/sol/00016/ids/edr/browse/ncam/NLF_0016_0668370075_696ECM_N0030578NCAM03016_07_195J01_320.jpg,https://mars.nasa.gov/mars2020-raw-images/pub/ods/surface/sol/00016/ids/edr/browse/ncam/NLF_0016_0668370075_696ECM_N0030578NCAM03016_07_195J01.png,https://mars.nasa.gov/mars2020-raw-images/pub/ods/surface/sol/00016/ids/edr/browse/ncam/NLF_0016_0668370075_696ECM_N0030578NCAM03016_07_195J01_1200.jpg,UNK,"(0.7281938100055617,0.6470300737456491,0.22602181031547333)","(1.00778,0.403328,-1.89915);(0.796308,0.28108,0.535633);(-468.732,1403.3,8.28539);(24.2477,15.0948,1769.08);(0.795776,0.282402,0.535729);(2e-06,0.049535,-0.015973);(-0.003612,0.013016,-0.023961);2.0;0.0","(1.00778,0.403328,-1.89915)",NAVCAM_LEFT,CAHVORE
16,"(0.8129,-0.0120277,0.0123195,0.582148)",NRF_0016_0668370075_696ECM_T0030578NCAM03016_07_500J,"NASA's Mars Perseverance rover acquired this image using its onboard Right Navigation Camera (Navcam). The camera is located high on the rover's mast and aids in driving. 

This image was acquired on Mar. 7, 2021 (Sol 16) at the local mean solar time of 15:00:33.",Thumbnail,Sol-00016M15:00:33.113,NASA/JPL-Caltech,2021-03-07T07:34:31.000,https://mars.nasa.gov/rss/api/?feed=raw_images&category=mars2020&feedtype=json&id=NRF_0016_0668370075_696ECM_T0030578NCAM03016_07_500J,https://mars.nasa.gov/mars2020/multimedia/raw-images/?id=NRF_0016_0668370075_696ECM_T0030578NCAM03016_07_500J,578,Mars Perseverance Sol 16: Right Navigation Camera (Navcam),3,2021-03-07T09:18:43Z,19.0055,-31.7343,668370077.416,32,"(39.3213,34.1703,-0.00444177)","(2545,1,2576,1936)","(80,60)",https://mars.nasa.gov/mars2020-raw-images/pub/ods/surface/sol/00016/ids/edr/browse/ncam/NRF_0016_0668370075_696ECM_T0030578NCAM03016_07_500J01_800.jpg,https://mars.nasa.gov/mars2020-raw-images/pub/ods/surface/sol/00016/ids/edr/browse/ncam/NRF_0016_0668370075_696ECM_T0030578NCAM03016_07_500J01_320.jpg,https://mars.nasa.gov/mars2020-raw-images/pub/ods/surface/sol/00016/ids/edr/browse/ncam/NRF_0016_0668370075_696ECM_T0030578NCAM03016_07_500J01.png,https://mars.nasa.gov/mars2020-raw-images/pub/ods/surface/sol/00016/ids/edr/browse/ncam/NRF_0016_0668370075_696ECM_T0030578NCAM03016_07_500J01_1200.jpg,UNK,"(0.7212158502959688,0.6547860069043097,0.22605968779101665)","(0.866546,0.803519,-1.90036);(0.797191,0.281115,0.5343);(-30.0951,87.1977,0.0938039);(1.60423,0.82262,110.229);(0.797723,0.28085,0.533646);(0.0,0.05117,-0.018889);(0.001504,0.020873,-0.009439);2.0;0.0","(0.866546,0.803519,-1.90036)",NAVCAM_RIGHT,CAHVORE
16,"(0.8129,-0.0120277,0.0123195,0.582148)",NRF_0016_0668369874_474ECM_T0030578NCAM00304_10_500J,"NASA's Mars Perseverance rover acquired this image using its onboard Right Navigation Camera (Navcam). The camera is located high on the rover's mast and aids in driving. 

This image was acquired on Mar. 7, 2021 (Sol 16) at the local mean solar time of 14:57:17.",Thumbnail,Sol-00016M14:57:17.273,NASA/JPL-Caltech,2021-03-07T07:34:20.000,https://mars.nasa.gov/rss/api/?feed=raw_images&category=mars2020&feedtype=json&id=NRF_0016_0668369874_474ECM_T0030578NCAM00304_10_500J,https://mars.nasa.gov/mars2020/multimedia/raw-images/?id=NRF_0016_0668369874_474ECM_T0030578NCAM00304_10_500J,578,Mars Perseverance Sol 16: Right Navigation Camera (Navcam),3,2021-03-07T09:18:43Z,337.041,-44.9256,668369875.375,32,"(39.3213,34.1703,-0.00444177)","(2545,1905,2576,1936)","(80,60)",https://mars.nasa.gov/mars2020-raw-images/pub/ods/surface/sol/00016/ids/edr/browse/ncam/NRF_0016_0668369874_474ECM_T0030578NCAM00304_10_500J01_800.jpg,https://mars.nasa.gov/mars2020-raw-images/pub/ods/surface/sol/00016/ids/edr/browse/ncam/NRF_0016_0668369874_474ECM_T0030578NCAM00304_10_500J01_320.jpg,https://mars.nasa.gov/mars2020-raw-images/pub/ods/surface/sol/00016/ids/edr/browse/ncam/NRF_0016_0668369874_474ECM_T0030578NCAM00304_10_500J01.png,https://mars.nasa.gov/mars2020-raw-images/pub/ods/surface/sol/00016/ids/edr/browse/ncam/NRF_0016_0668369874_474ECM_T0030578NCAM00304_10_500J01_1200.jpg,UNK,"(0.5322853357930536,0.1913073424492051,0.8246658850860139)","(1.00646,0.703058,-1.86914);(0.647912,-0.267782,0.713104);(35.786,85.0205,0.213102);(-60.088,25.1257,65.2982);(0.648259,-0.268387,0.712562);(0.0,0.05117,-0.018889);(0.001504,0.020873,-0.009439);2.0;0.0","(1.00646,0.703058,-1.86914)",NAVCAM_RIGHT,CAHVORE
16,"(0.8129,-0.0120277,0.0123195,0.582148)",NLM_0016_0668370027_636ECM_T0030578NCAM03016_00_6I1J,"NASA's Mars Perseverance rover acquired this image using its onboard Left Navigation Camera (Navcam). The camera is located high on the rover's mast and aids in driving. 

This image was acquired on Mar. 7, 2021 (Sol 16) at the local mean solar time of 14:59:46.",Thumbnail,Sol-00016M14:59:46.338,NASA/JPL-Caltech,2021-03-07T07:34:15.000,https://mars.nasa.gov/rss/api/?feed=raw_images&category=mars2020&feedtype=json&id=NLM_0016_0668370027_636ECM_T0030578NCAM03016_00_6I1J,https://mars.nasa.gov/mars2020/multimedia/raw-images/?id=NLM_0016_0668370027_636ECM_T0030578NCAM03016_00_6I1J,578,Mars Perseverance Sol 16: Left Navigation Camera (Navcam),3,2021-03-07T09:18:43Z,305.753,-31.2007,668370027.998,64,"(39.3213,34.1703,-0.00444177)","(1,1,5120,3840)","(80,60)",https://mars.nasa.gov/mars2020-raw-images/pub/ods/surface/sol/00016/ids/edr/browse/ncam/NLM_0016_0668370027_636ECM_T0030578NCAM03016_00_6I1J01_800.jpg,https://mars.nasa.gov/mars2020-raw-images/pub/ods/surface/sol/00016/ids/edr/browse/ncam/NLM_0016_0668370027_636ECM_T0030578NCAM03016_00_6I1J01_320.jpg,https://mars.nasa.gov/mars2020-raw-images/pub/ods/surface/sol/00016/ids/edr/browse/ncam/NLM_0016_0668370027_636ECM_T0030578NCAM03016_00_6I1J01.png,https://mars.nasa.gov/mars2020-raw-images/pub/ods/surface/sol/00016/ids/edr/browse/ncam/NLM_0016_0668370027_636ECM_T0030578NCAM03016_00_6I1J01_1200.jpg,UNK,"(0.5051714664329303,-0.6832188876005052,0.5272700836648435)","(0.715839,0.319356,-1.9012);(0.50725,-0.683631,0.52475);(57.4902,0.0995114,20.9109);(0.796841,-0.863931,55.0141);(0.508356,-0.682732,0.524848);(2e-06,0.049535,-0.015973);(-0.003612,0.013016,-0.023961);2.0;0.0","(0.715839,0.319356,-1.9012)",NAVCAM_LEFT,CAHVORE
16,"(0.8129,-0.0120277,0.0123195,0.582148)",NLF_0016_0668370075_696ECM_N0030578NCAM03016_10_195J,"NASA's Mars Perseverance rover acquired this image using its onboard Left Navigation Camera (Navcam). The camera is located high on the rover's mast and aids in driving. 

This image was acquired on Mar. 7, 2021 (Sol 16) at the local mean solar time of 15:00:33.",Full,Sol-00016M15:00:33.113,NASA/JPL-Caltech,2021-03-07T07:34:14.000,https://mars.nasa.gov/rss/api/?feed=raw_images&category=mars2020&feedtype=json&id=NLF_0016_0668370075_696ECM_N0030578NCAM03016_10_195J,https://mars.nasa.gov/mars2020/multimedia/raw-images/?id=NLF_0016_0668370075_696ECM_N0030578NCAM03016_10_195J,578,Mars Perseverance Sol 16: Left Navigation Camera (Navcam),3,2021-03-07T09:18:43Z,18.6128,-31.9366,668370077.375,2,"(39.3213,34.1703,-0.00444177)","(1,1905,2576,1936)","(1288,968)",https://mars.nasa.gov/mars2020-raw-images/pub/ods/surface/sol/00016/ids/edr/browse/ncam/NLF_0016_0668370075_696ECM_N0030578NCAM03016_10_195J01_800.jpg,https://mars.nasa.gov/mars2020-raw-images/pub/ods/surface/sol/00016/ids/edr/browse/ncam/NLF_0016_0668370075_696ECM_N0030578NCAM03016_10_195J01_320.jpg,https://mars.nasa.gov/mars2020-raw-images/pub/ods/surface/sol/00016/ids/edr/browse/ncam/NLF_0016_0668370075_696ECM_N0030578NCAM03016_10_195J01.png,https://mars.nasa.gov/mars2020-raw-images/pub/ods/surface/sol/00016/ids/edr/browse/ncam/NLF_0016_0668370075_696ECM_N0030578NCAM03016_10_195J01_1200.jpg,UNK,"(0.6885274589276467,-0.16759700858775203,0.7055786143407939)","(1.00778,0.403328,-1.89915);(0.796308,0.28108,0.535633);(544.172,1760.83,689.611);(-733.838,-252.493,1259.16);(0.795776,0.282402,0.535729);(2e-06,0.049535,-0.015973);(-0.003612,0.013016,-0.023961);2.0;0.0","(1.00778,0.403328,-1.89915)",NAVCAM_LEFT,CAHVORE
16,"(0.8129,-0.0120277,0.0123195,0.582148)",NLF_0016_0668370453_803ECM_N0030578NCAM00305_04_195J,"NASA's Mars Perseverance rover acquired this image using its onboard Left Navigation Camera (Navcam). The camera is located high on the rover's mast and aids in driving. 

This image was acquired on Mar. 7, 2021 (Sol 16) at the local mean solar time of 15:06:41.",Full,Sol-00016M15:06:41.107,NASA/JPL-Caltech,2021-03-07T07:34:14.000,https://mars.nasa.gov/rss/api/?feed=raw_images&category=mars2020&feedtype=json&id=NLF_0016_0668370453_803ECM_N0030578NCAM00305_04_195J,https://mars.nasa.gov/mars2020/multimedia/raw-images/?id=NLF_0016_0668370453_803ECM_N0030578NCAM00305_04_195J,578,Mars Perseverance Sol 16: Left Navigation Camera (Navcam),3,2021-03-07T09:18:43Z,53.6184,-29.8914,668370455.420,2,"(39.3213,34.1703,-0.00444177)","(2545,1905,2576,1936)","(1288,968)",https://mars.nasa.gov/mars2020-raw-images/pub/ods/surface/sol/00016/ids/edr/browse/ncam/NLF_0016_0668370453_803ECM_N0030578NCAM00305_04_195J01_800.jpg,https://mars.nasa.gov/mars2020-raw-images/pub/ods/surface/sol/00016/ids/edr/browse/ncam/NLF_0016_0668370453_803ECM_N0030578NCAM00305_04_195J01_320.jpg,https://mars.nasa.gov/mars2020-raw-images/pub/ods/surface/sol/00016/ids/edr/browse/ncam/NLF_0016_0668370453_803ECM_N0030578NCAM00305_04_195J01.png,https://mars.nasa.gov/mars2020-raw-images/pub/ods/surface/sol/00016/ids/edr/browse/ncam/NLF_0016_0668370453_803ECM_N0030578NCAM00305_04_195J01_1200.jpg,UNK,"(0.06108636643808,0.7246435578877153,0.6864110793447511)","(1.061,0.548257,-1.90399);(0.502022,0.702011,0.505143);(-1188.2,881.572,6.4281);(-430.886,-590.038,1286.06);(0.500829,0.702793,0.50524);(2e-06,0.049535,-0.015973);(-0.003612,0.013016,-0.023961);2.0;0.0","(1.061,0.548257,-1.90399)",NAVCAM_LEFT,CAHVORE
16,"(0.8129,-0.0120277,0.0123195,0.582148)",NLM_0016_0668370453_803ECM_T0030578NCAM00305_00_6I1J,"NASA's Mars Perseverance rover acquired this image using its onboard Left Navigation Camera (Navcam). The camera is located high on the rover's mast and aids in driving. 

This image was acquired on Mar. 7, 2021 (Sol 16) at the local mean solar time of 15:06:41.",Thumbnail,Sol-00016M15:06:41.107,NASA/JPL-Caltech,2021-03-07T07:34:14.000,https://mars.nasa.gov/rss/api/?feed=raw_images&category=mars2020&feedtype=json&id=NLM_0016_0668370453_803ECM_T0030578NCAM00305_00_6I1J,https://mars.nasa.gov/mars2020/multimedia/raw-images/?id=NLM_0016_0668370453_803ECM_T0030578NCAM00305_00_6I1J,578,Mars Perseverance Sol 16: Left Navigation Camera (Navcam),3,2021-03-07T09:18:43Z,53.6184,-29.8914,668370455.420,64,"(39.3213,34.1703,-0.00444177)","(1,1,5120,3840)","(80,60)",https://mars.nasa.gov/mars2020-raw-images/pub/ods/surface/sol/00016/ids/edr/browse/ncam/NLM_0016_0668370453_803ECM_T0030578NCAM00305_00_6I1J01_800.jpg,https://mars.nasa.gov/mars2020-raw-images/pub/ods/surface/sol/00016/ids/edr/browse/ncam/NLM_0016_0668370453_803ECM_T0030578NCAM00305_00_6I1J01_320.jpg,https://mars.nasa.gov/mars2020-raw-images/pub/ods/surface/sol/00016/ids/edr/browse/ncam/NLM_0016_0668370453_803ECM_T0030578NCAM00305_00_6I1J01.png,https://mars.nasa.gov/mars2020-raw-images/pub/ods/surface/sol/00016/ids/edr/browse/ncam/NLM_0016_0668370453_803ECM_T0030578NCAM00305_00_6I1J01_1200.jpg,UNK,"(0.5022952499071422,0.6999570659743553,0.507700293197959)","(1.061,0.548257,-1.90399);(0.502022,0.702011,0.505143);(-17.4189,55.114,20.0356);(1.22678,2.10613,54.9727);(0.500829,0.702793,0.50524);(2e-06,0.049535,-0.015973);(-0.003612,0.013016,-0.023961);2.0;0.0","(1.061,0.548257,-1.90399)",NAVCAM_LEFT,CAHVORE
16,"(0.8129,-0.0120277,0.0123195,0.582148)",NLF_0016_0668369874_474ECM_N0030578NCAM00304_01_195J,"NASA's Mars Perseverance rover acquired this image using its onboard Left Navigation Camera (Navcam). The camera is located high on the rover's mast and aids in driving. 

This image was acquired on Mar. 7, 2021 (Sol 16) at the local mean solar time of 14:57:17.",Full,Sol-00016M14:57:17.273,NASA/JPL-Caltech,2021-03-07T07:34:12.000,https://mars.nasa.gov/rss/api/?feed=raw_images&category=mars2020&feedtype=json&id=NLF_0016_0668369874_474ECM_N0030578NCAM00304_01_195J,https://mars.nasa.gov/mars2020/multimedia/raw-images/?id=NLF_0016_0668369874_474ECM_N0030578NCAM00304_01_195J,578,Mars Perseverance Sol 16: Left Navigation Camera (Navcam),3,2021-03-07T09:18:43Z,336.568,-45.1269,668369874.909,2,"(39.3213,34.1703,-0.00444177)","(1,1,2576,1936)","(1288,968)",https://mars.nasa.gov/mars2020-raw-images/pub/ods/surface/sol/00016/ids/edr/browse/ncam/NLF_0016_0668369874_474ECM_N0030578NCAM00304_01_195J01_800.jpg,https://mars.nasa.gov/mars2020-raw-images/pub/ods/surface/sol/00016/ids/edr/browse/ncam/NLF_0016_0668369874_474ECM_N0030578NCAM00304_01_195J01_320.jpg,https://mars.nasa.gov/mars2020-raw-images/pub/ods/surface/sol/00016/ids/edr/browse/ncam/NLF_0016_0668369874_474ECM_N0030578NCAM00304_01_195J01.png,https://mars.nasa.gov/mars2020-raw-images/pub/ods/surface/sol/00016/ids/edr/browse/ncam/NLF_0016_0668369874_474ECM_N0030578NCAM00304_01_195J01_1200.jpg,UNK,"(0.6076704892051769,-0.6710077726108143,0.4248354336034301)","(0.844119,0.310951,-1.86784);(0.646971,-0.267111,0.71421);(1408.68,1018.82,921.859);(-345.488,149.936,1728.76);(0.647439,-0.265763,0.714289);(2e-06,0.049535,-0.015973);(-0.003612,0.013016,-0.023961);2.0;0.0","(0.844119,0.310951,-1.86784)",NAVCAM_LEFT,CAHVORE
16,"(0.8129,-0.0120277,0.0123195,0.582148)",NLF_0016_0668370075_696ECM_T0030578NCAM03016_07_500J,"NASA's Mars Perseverance rover acquired this image using its onboard Left Navigation Camera (Navcam). The camera is located high on the rover's mast and aids in driving. 

This image was acquired on Mar. 7, 2021 (Sol 16) at the local mean solar time of 15:00:33.",Thumbnail,Sol-00016M15:00:33.113,NASA/JPL-Caltech,2021-03-07T07:34:12.000,https://mars.nasa.gov/rss/api/?feed=raw_images&category=mars2020&feedtype=json&id=NLF_0016_0668370075_696ECM_T0030578NCAM03016_07_500J,https://mars.nasa.gov/mars2020/multimedia/raw-images/?id=NLF_0016_0668370075_696ECM_T0030578NCAM03016_07_500J,578,Mars Perseverance Sol 16: Left Navigation Camera (Navcam),3,2021-03-07T09:18:43Z,18.6128,-31.9366,668370077.375,32,"(39.3213,34.1703,-0.00444177)","(2545,1,2576,1936)","(80,60)",https://mars.nasa.gov/mars2020-raw-images/pub/ods/surface/sol/00016/ids/edr/browse/ncam/NLF_0016_0668370075_696ECM_T0030578NCAM03016_07_500J01_800.jpg,https://mars.nasa.gov/mars2020-raw-images/pub/ods/surface/sol/00016/ids/edr/browse/ncam/NLF_0016_0668370075_696ECM_T0030578NCAM03016_07_500J01_320.jpg,https://mars.nasa.gov/mars2020-raw-images/pub/ods/surface/sol/00016/ids/edr/browse/ncam/NLF_0016_0668370075_696ECM_T0030578NCAM03016_07_500J01.png,https://mars.nasa.gov/mars2020-raw-images/pub/ods/surface/sol/00016/ids/edr/browse/ncam/NLF_0016_0668370075_696ECM_T0030578NCAM03016_07_500J01_1200.jpg,UNK,"(0.7241776171955716,0.6502343354395609,0.22969999514239597)","(1.00778,0.403328,-1.89915);(0.796308,0.28108,0.535633);(-29.669,87.5743,0.266759);(1.14221,0.811671,110.317);(0.795776,0.282402,0.535729);(2e-06,0.049535,-0.015973);(-0.003612,0.013016,-0.023961);2.0;0.0","(1.00778,0.403328,-1.89915)",NAVCAM_LEFT,CAHVORE
16,"(0.8129,-0.0120277,0.0123195,0.582148)",NLF_0016_0668370453_803ECM_N0030578NCAM00305_01_195J,"NASA's Mars Perseverance rover acquired this image using its onboard Left Navigation Camera (Navcam). The camera is located high on the rover's mast and aids in driving. 

This image was acquired on Mar. 7, 2021 (Sol 16) at the local mean solar time of 15:06:41.",Full,Sol-00016M15:06:41.107,NASA/JPL-Caltech,2021-03-07T07:34:12.000,https://mars.nasa.gov/rss/api/?feed=raw_images&category=mars2020&feedtype=json&id=NLF_0016_0668370453_803ECM_N0030578NCAM00305_01_195J,https://mars.nasa.gov/mars2020/multimedia/raw-images/?id=NLF_0016_0668370453_803ECM_N0030578NCAM00305_01_195J,578,Mars Perseverance Sol 16: Left Navigation Camera (Navcam),3,2021-03-07T09:18:43Z,53.6184,-29.8914,668370455.420,2,"(39.3213,34.1703,-0.00444177)","(1,1905,2576,1936)","(1288,968)",https://mars.nasa.gov/mars2020-raw-images/pub/ods/surface/sol/00016/ids/edr/browse/ncam/NLF_0016_0668370453_803ECM_N0030578NCAM00305_01_195J01_800.jpg,https://mars.nasa.gov/mars2020-raw-images/pub/ods/surface/sol/00016/ids/edr/browse/ncam/NLF_0016_0668370453_803ECM_N0030578NCAM00305_01_195J01_320.jpg,https://mars.nasa.gov/mars2020-raw-images/pub/ods/surface/sol/00016/ids/edr/browse/ncam/NLF_0016_0668370453_803ECM_N0030578NCAM00305_01_195J01.png,https://mars.nasa.gov/mars2020-raw-images/pub/ods/surface/sol/00016/ids/edr/browse/ncam/NLF_0016_0668370453_803ECM_N0030578NCAM00305_01_195J01_1200.jpg,UNK,"(0.6743667473528708,0.2776918250940226,0.6841905731158974)","(1.061,0.548257,-1.90399);(0.502022,0.702011,0.505143);(-549.625,1774.53,648.97);(-430.886,-590.038,1286.06);(0.500829,0.702793,0.50524);(2e-06,0.049535,-0.015973);(-0.003612,0.013016,-0.023961);2.0;0.0","(1.061,0.548257,-1.90399)",NAVCAM_LEFT,CAHVORE
16,"(0.8129,-0.0120277,0.0123195,0.582148)",NLF_0016_0668370536_294ECM_N0030578NCAM00305_04_195J,"NASA's Mars Perseverance rover acquired this image using its onboard Left Navigation Camera (Navcam). The camera is located high on the rover's mast and aids in driving. 

This image was acquired on Mar. 7, 2021 (Sol 16) at the local mean solar time of 15:08:01.",Full,Sol-00016M15:08:01.391,NASA/JPL-Caltech,2021-03-07T07:34:12.000,https://mars.nasa.gov/rss/api/?feed=raw_images&category=mars2020&feedtype=json&id=NLF_0016_0668370536_294ECM_N0030578NCAM00305_04_195J,https://mars.nasa.gov/mars2020/multimedia/raw-images/?id=NLF_0016_0668370536_294ECM_N0030578NCAM00305_04_195J,578,Mars Perseverance Sol 16: Left Navigation Camera (Navcam),3,2021-03-07T09:18:43Z,125.799,-30.1006,668370537.645,2,"(39.3213,34.1703,-0.00444177)","(2545,1905,2576,1936)","(1288,968)",https://mars.nasa.gov/mars2020-raw-images/pub/ods/surface/sol/00016/ids/edr/browse/ncam/NLF_0016_0668370536_294ECM_N0030578NCAM00305_04_195J01_800.jpg,https://mars.nasa.gov/mars2020-raw-images/pub/ods/surface/sol/00016/ids/edr/browse/ncam/NLF_0016_0668370536_294ECM_N0030578NCAM00305_04_195J01_320.jpg,https://mars.nasa.gov/mars2020-raw-images/pub/ods/surface/sol/00016/ids/edr/browse/ncam/NLF_0016_0668370536_294ECM_N0030578NCAM00305_04_195J01.png,https://mars.nasa.gov/mars2020-raw-images/pub/ods/surface/sol/00016/ids/edr/browse/ncam/NLF_0016_0668370536_294ECM_N0030578NCAM00305_04_195J01_1200.jpg,UNK,"(-0.6700037068935001,0.27786781811165856,0.6883926992689818)","(0.894088,0.799678,-1.90332);(-0.513633,0.691268,0.508277);(-1203.24,-860.938,5.38558);(431.618,-595.293,1283.39);(-0.514742,0.690372,0.508373);(2e-06,0.049535,-0.015973);(-0.003612,0.013016,-0.023961);2.0;0.0","(0.894088,0.799678,-1.90332)",NAVCAM_LEFT,CAHVORE
16,"(0.8129,-0.0120277,0.0123195,0.582148)",NRF_0016_0668369874_474ECM_N0030578NCAM00304_10_195J,"NASA's Mars Perseverance rover acquired this image using its onboard Right Navigation Camera (Navcam). The camera is located high on the rover's mast and aids in driving. 

This image was acquired on Mar. 7, 2021 (Sol 16) at the local mean solar time of 14:57:17.",Full,Sol-00016M14:57:17.273,NASA/JPL-Caltech,2021-03-07T07:34:12.000,https://mars.nasa.gov/rss/api/?feed=raw_images&category=mars2020&feedtype=json&id=NRF_0016_0668369874_474ECM_N0030578NCAM00304_10_195J,https://mars.nasa.gov/mars2020/multimedia/raw-images/?id=NRF_0016_0668369874_474ECM_N0030578NCAM00304_10_195J,578,Mars Perseverance Sol 16: Right Navigation Camera (Navcam),3,2021-03-07T09:18:43Z,337.041,-44.9256,668369875.375,2,"(39.3213,34.1703,-0.00444177)","(2545,1905,2576,1936)","(1288,968)",https://mars.nasa.gov/mars2020-raw-images/pub/ods/surface/sol/00016/ids/edr/browse/ncam/NRF_0016_0668369874_474ECM_N0030578NCAM00304_10_195J01_800.jpg,https://mars.nasa.gov/mars2020-raw-images/pub/ods/surface/sol/00016/ids/edr/browse/ncam/NRF_0016_0668369874_474ECM_N0030578NCAM00304_10_195J01_320.jpg,https://mars.nasa.gov/mars2020-raw-images/pub/ods/surface/sol/00016/ids/edr/browse/ncam/NRF_0016_0668369874_474ECM_N0030578NCAM00304_10_195J01.png,https://mars.nasa.gov/mars2020-raw-images/pub/ods/surface/sol/00016/ids/edr/browse/ncam/NRF_0016_0668369874_474ECM_N0030578NCAM00304_10_195J01_1200.jpg,UNK,"(0.5350876773708337,0.18648545275084794,0.823956523997594)","(1.00646,0.703058,-1.86914);(0.647912,-0.267782,0.713104);(577.435,1358.32,8.75792);(-956.549,400.003,1050.12);(0.648259,-0.268387,0.712562);(0.0,0.05117,-0.018889);(0.001504,0.020873,-0.009439);2.0;0.0","(1.00646,0.703058,-1.86914)",NAVCAM_RIGHT,CAHVORE
16,"(0.8129,-0.0120277,0.0123195,0.582148)",NRF_0016_0668370298_745ECM_T0030578NCAM02016_01_600J,"NASA's Mars Perseverance rover acquired this image using its onboard Right Navigation Camera (Navcam). The camera is located high on the rover's mast and aids in driving. 

This image was acquired on Mar. 7, 2021 (Sol 16) at the local mean solar time of 15:04:10.",Thumbnail,Sol-00016M15:04:10.196,NASA/JPL-Caltech,2021-03-07T07:34:12.000,https://mars.nasa.gov/rss/api/?feed=raw_images&category=mars2020&feedtype=json&id=NRF_0016_0668370298_745ECM_T0030578NCAM02016_01_600J,https://mars.nasa.gov/mars2020/multimedia/raw-images/?id=NRF_0016_0668370298_745ECM_T0030578NCAM02016_01_600J,578,Mars Perseverance Sol 16: Right Navigation Camera (Navcam),3,2021-03-07T09:18:43Z,163.448,-28.1234,668370299.195,64,"(39.3213,34.1703,-0.00444177)","(1,1,5120,3840)","(80,60)",https://mars.nasa.gov/mars2020-raw-images/pub/ods/surface/sol/00016/ids/edr/browse/ncam/NRF_0016_0668370298_745ECM_T0030578NCAM02016_01_600J01_800.jpg,https://mars.nasa.gov/mars2020-raw-images/pub/ods/surface/sol/00016/ids/edr/browse/ncam/NRF_0016_0668370298_745ECM_T0030578NCAM02016_01_600J01_320.jpg,https://mars.nasa.gov/mars2020-raw-images/pub/ods/surface/sol/00016/ids/edr/browse/ncam/NRF_0016_0668370298_745ECM_T0030578NCAM02016_01_600J01.png,https://mars.nasa.gov/mars2020-raw-images/pub/ods/surface/sol/00016/ids/edr/browse/ncam/NRF_0016_0668370298_745ECM_T0030578NCAM02016_01_600J01_1200.jpg,UNK,"(-0.8434824520043382,0.23935963842017027,0.48087869224588703)","(0.611951,0.397067,-1.90935);(-0.842674,0.243969,0.479994);(-46.4311,-34.5728,18.9473);(-4.02669,0.992359,54.8286);(-0.842912,0.244483,0.479316);(0.0,0.05117,-0.018889);(0.001504,0.020873,-0.009439);2.0;0.0","(0.611951,0.397067,-1.90935)",NAVCAM_RIGHT,CAHVORE
16,"(0.8129,-0.0120277,0.0123195,0.582148)",NRF_0016_0668370536_294ECM_N0030578NCAM00305_01_195J,"NASA's Mars Perseverance rover acquired this image using its onboard Right Navigation Camera (Navcam). The camera is located high on the rover's mast and aids in driving. 

This image was acquired on Mar. 7, 2021 (Sol 16) at the local mean solar time of 15:08:01.",Full,Sol-00016M15:08:01.391,NASA/JPL-Caltech,2021-03-07T07:34:10.000,https://mars.nasa.gov/rss/api/?feed=raw_images&category=mars2020&feedtype=json&id=NRF_0016_0668370536_294ECM_N0030578NCAM00305_01_195J,https://mars.nasa.gov/mars2020/multimedia/raw-images/?id=NRF_0016_0668370536_294ECM_N0030578NCAM00305_01_195J,578,Mars Perseverance Sol 16: Right Navigation Camera (Navcam),3,2021-03-07T09:18:43Z,126.184,-29.8976,668370536.995,2,"(39.3213,34.1703,-0.00444177)","(1,1905,2576,1936)","(1288,968)",https://mars.nasa.gov/mars2020-raw-images/pub/ods/surface/sol/00016/ids/edr/browse/ncam/NRF_0016_0668370536_294ECM_N0030578NCAM00305_01_195J01_800.jpg,https://mars.nasa.gov/mars2020-raw-images/pub/ods/surface/sol/00016/ids/edr/browse/ncam/NRF_0016_0668370536_294ECM_N0030578NCAM00305_01_195J01_320.jpg,https://mars.nasa.gov/mars2020-raw-images/pub/ods/surface/sol/00016/ids/edr/browse/ncam/NRF_0016_0668370536_294ECM_N0030578NCAM00305_01_195J01.png,https://mars.nasa.gov/mars2020-raw-images/pub/ods/surface/sol/00016/ids/edr/browse/ncam/NRF_0016_0668370536_294ECM_N0030578NCAM00305_01_195J01_1200.jpg,UNK,"(-0.06089311186460784,0.725341552618126,0.6856906452424232)","(0.553247,0.54684,-1.90513);(-0.513899,0.692067,0.506917);(-1849.1,14.5717,647.684);(429.557,-589.073,1283.05);(-0.513789,0.692637,0.506251);(0.0,0.05117,-0.018889);(0.001504,0.020873,-0.009439);2.0;0.0","(0.553247,0.54684,-1.90513)",NAVCAM_RIGHT,CAHVORE
16,"(0.8129,-0.0120277,0.0123195,0.582148)",NRM_0016_0668369874_474ECM_T0030578NCAM00304_00_6I1J,"NASA's Mars Perseverance rover acquired this image using its onboard Right Navigation Camera (Navcam). The camera is located high on the rover's mast and aids in driving. 

This image was acquired on Mar. 7, 2021 (Sol 16) at the local mean solar time of 14:57:17.",Thumbnail,Sol-00016M14:57:17.273,NASA/JPL-Caltech,2021-03-07T07:34:10.000,https://mars.nasa.gov/rss/api/?feed=raw_images&category=mars2020&feedtype=json&id=NRM_0016_0668369874_474ECM_T0030578NCAM00304_00_6I1J,https://mars.nasa.gov/mars2020/multimedia/raw-images/?id=NRM_0016_0668369874_474ECM_T0030578NCAM00304_00_6I1J,578,Mars Perseverance Sol 16: Right Navigation Camera (Navcam),3,2021-03-07T09:18:43Z,337.041,-44.9256,668369875.375,64,"(39.3213,34.1703,-0.00444177)","(1,1,5120,3840)","(80,60)",https://mars.nasa.gov/mars2020-raw-images/pub/ods/surface/sol/00016/ids/edr/browse/ncam/NRM_0016_0668369874_474ECM_T0030578NCAM00304_00_6I1J01_800.jpg,https://mars.nasa.gov/mars2020-raw-images/pub/ods/surface/sol/00016/ids/edr/browse/ncam/NRM_0016_0668369874_474ECM_T0030578NCAM00304_00_6I1J01_320.jpg,https://mars.nasa.gov/mars2020-raw-images/pub/ods/surface/sol/00016/ids/edr/browse/ncam/NRM_0016_0668369874_474ECM_T0030578NCAM00304_00_6I1J01.png,https://mars.nasa.gov/mars2020-raw-images/pub/ods/surface/sol/00016/ids/edr/browse/ncam/NRM_0016_0668369874_474ECM_T0030578NCAM00304_00_6I1J01_1200.jpg,UNK,"(0.6490032091811045,-0.26319950555144167,0.7138072952485874)","(1.00646,0.703058,-1.86914);(0.647912,-0.267782,0.713104);(43.4855,31.9329,28.2742);(-10.9306,4.66328,53.6857);(0.648259,-0.268387,0.712562);(0.0,0.05117,-0.018889);(0.001504,0.020873,-0.009439);2.0;0.0","(1.00646,0.703058,-1.86914)",NAVCAM_RIGHT,CAHVORE
16,"(0.8129,-0.0120277,0.0123195,0.582148)",NRF_0016_0668369874_474ECM_T0030578NCAM00304_04_500J,"NASA's Mars Perseverance rover acquired this image using its onboard Right Navigation Camera (Navcam). The camera is located high on the rover's mast and aids in driving. 

This image was acquired on Mar. 7, 2021 (Sol 16) at the local mean solar time of 14:57:17.",Thumbnail,Sol-00016M14:57:17.273,NASA/JPL-Caltech,2021-03-07T07:34:09.000,https://mars.nasa.gov/rss/api/?feed=raw_images&category=mars2020&feedtype=json&id=NRF_0016_0668369874_474ECM_T0030578NCAM00304_04_500J,https://mars.nasa.gov/mars2020/multimedia/raw-images/?id=NRF_0016_0668369874_474ECM_T0030578NCAM00304_04_500J,578,Mars Perseverance Sol 16: Right Navigation Camera (Navcam),3,2021-03-07T09:18:43Z,337.041,-44.9256,668369875.375,32,"(39.3213,34.1703,-0.00444177)","(2545,1,2576,1936)","(80,60)",https://mars.nasa.gov/mars2020-raw-images/pub/ods/surface/sol/00016/ids/edr/browse/ncam/NRF_0016_0668369874_474ECM_T0030578NCAM00304_04_500J01_800.jpg,https://mars.nasa.gov/mars2020-raw-images/pub/ods/surface/sol/00016/ids/edr/browse/ncam/NRF_0016_0668369874_474ECM_T0030578NCAM00304_04_500J01_320.jpg,https://mars.nasa.gov/mars2020-raw-images/pub/ods/surface/sol/00016/ids/edr/browse/ncam/NRF_0016_0668369874_474ECM_T0030578NCAM00304_04_500J01.png,https://mars.nasa.gov/mars2020-raw-images/pub/ods/surface/sol/00016/ids/edr/browse/ncam/NRF_0016_0668369874_474ECM_T0030578NCAM00304_04_500J01_1200.jpg,UNK,"(0.904561600361455,0.034706564663472626,0.424927953329483)","(1.00646,0.703058,-1.86914);(0.647912,-0.267782,0.713104);(35.786,85.0205,0.213102);(-21.5372,9.19267,107.728);(0.648259,-0.268387,0.712562);(0.0,0.05117,-0.018889);(0.001504,0.020873,-0.009439);2.0;0.0","(1.00646,0.703058,-1.86914)",NAVCAM_RIGHT,CAHVORE
16,"(0.8129,-0.0120277,0.0123195,0.582148)",FLF_0016_0668369736_116ECM_T0030578FHAZ02003_07_600J,"NASA's Mars Perseverance rover acquired this image of the area in front of it using its onboard Front Left Hazard Avoidance Camera A. 

This image was acquired on Mar. 7, 2021 (Sol 16) at the local mean solar time of 14:55:02.",Thumbnail,Sol-00016M14:55:02.615,NASA/JPL-Caltech,2021-03-07T07:34:07.000,https://mars.nasa.gov/rss/api/?feed=raw_images&category=mars2020&feedtype=json&id=FLF_0016_0668369736_116ECM_T0030578FHAZ02003_07_600J,https://mars.nasa.gov/mars2020/multimedia/raw-images/?id=FLF_0016_0668369736_116ECM_T0030578FHAZ02003_07_600J,578,Mars Perseverance Sol 16: Front Left Hazard Avoidance Camera (Hazcam),3,2021-03-07T09:18:43Z,299.598,20.2622,668369737.411,64,"(39.3213,34.1703,-0.00444177)","(1,1,5120,3840)","(80,60)",https://mars.nasa.gov/mars2020-raw-images/pub/ods/surface/sol/00016/ids/edr/browse/fcam/FLF_0016_0668369736_116ECM_T0030578FHAZ02003_07_600J01_800.jpg,https://mars.nasa.gov/mars2020-raw-images/pub/ods/surface/sol/00016/ids/edr/browse/fcam/FLF_0016_0668369736_116ECM_T0030578FHAZ02003_07_600J01_320.jpg,https://mars.nasa.gov/mars2020-raw-images/pub/ods/surface/sol/00016/ids/edr/browse/fcam/FLF_0016_0668369736_116ECM_T0030578FHAZ02003_07_600J01.png,https://mars.nasa.gov/mars2020-raw-images/pub/ods/surface/sol/00016/ids/edr/browse/fcam/FLF_0016_0668369736_116ECM_T0030578FHAZ02003_07_600J01_1200.jpg,UNK,"(0.8780899881639529,-0.16190257427323404,0.4502727274995998)","(1.10353,-0.008945,-0.729124);(0.884935,-0.17181,0.432865);(40.2909,26.2633,19.6861);(11.2491,-5.02325,42.868);(0.885293,-0.171227,0.432363);(1e-06,0.00889,-0.006754);(-0.006127,0.010389,0.004541);2.0;0.0","(1.10353,-0.008945,-0.729124)",FRONT_HAZCAM_LEFT_A,CAHVORE
16,"(0.8129,-0.0120277,0.0123195,0.582148)",NLF_0016_0668370075_696ECM_N0030578NCAM03016_04_195J,"NASA's Mars Perseverance rover acquired this image using its onboard Left Navigation Camera (Navcam). The camera is located high on the rover's mast and aids in driving. 

This image was acquired on Mar. 7, 2021 (Sol 16) at the local mean solar time of 15:00:33.",Full,Sol-00016M15:00:33.113,NASA/JPL-Caltech,2021-03-07T07:34:07.000,https://mars.nasa.gov/rss/api/?feed=raw_images&category=mars2020&feedtype=json&id=NLF_0016_0668370075_696ECM_N0030578NCAM03016_04_195J,https://mars.nasa.gov/mars2020/multimedia/raw-images/?id=NLF_0016_0668370075_696ECM_N0030578NCAM03016_04_195J,578,Mars Perseverance Sol 16: Left Navigation Camera (Navcam),3,2021-03-07T09:18:43Z,18.6128,-31.9366,668370077.375,2,"(39.3213,34.1703,-0.00444177)","(1,1,2576,1936)","(1288,968)",https://mars.nasa.gov/mars2020-raw-images/pub/ods/surface/sol/00016/ids/edr/browse/ncam/NLF_0016_0668370075_696ECM_N0030578NCAM03016_04_195J01_800.jpg,https://mars.nasa.gov/mars2020-raw-images/pub/ods/surface/sol/00016/ids/edr/browse/ncam/NLF_0016_0668370075_696ECM_N0030578NCAM03016_04_195J01_320.jpg,https://mars.nasa.gov/mars2020-raw-images/pub/ods/surface/sol/00016/ids/edr/browse/ncam/NLF_0016_0668370075_696ECM_N0030578NCAM03016_04_195J01.png,https://mars.nasa.gov/mars2020-raw-images/pub/ods/surface/sol/00016/ids/edr/browse/ncam/NLF_0016_0668370075_696ECM_N0030578NCAM03016_04_195J01_1200.jpg,UNK,"(0.9714913504757025,-0.06877583554248572,0.22687979283384577)","(1.00778,0.403328,-1.89915);(0.796308,0.28108,0.535633);(544.172,1760.83,689.611);(24.2477,15.0948,1769.08);(0.795776,0.282402,0.535729);(2e-06,0.049535,-0.015973);(-0.003612,0.013016,-0.023961);2.0;0.0","(1.00778,0.403328,-1.89915)",NAVCAM_LEFT,CAHVORE
16,"(0.8129,-0.0120277,0.0123195,0.582148)",NLF_0016_0668370075_696ECM_T0030578NCAM03016_04_500J,"NASA's Mars Perseverance rover acquired this image using its onboard Left Navigation Camera (Navcam). The camera is located high on the rover's mast and aids in driving. 

This image was acquired on Mar. 7, 2021 (Sol 16) at the local mean solar time of 15:00:33.",Thumbnail,Sol-00016M15:00:33.113,NASA/JPL-Caltech,2021-03-07T07:34:07.000,https://mars.nasa.gov/rss/api/?feed=raw_images&category=mars2020&feedtype=json&id=NLF_0016_0668370075_696ECM_T0030578NCAM03016_04_500J,https://mars.nasa.gov/mars2020/multimedia/raw-images/?id=NLF_0016_0668370075_696ECM_T0030578NCAM03016_04_500J,578,Mars Perseverance Sol 16: Left Navigation Camera (Navcam),3,2021-03-07T09:18:43Z,18.6128,-31.9366,668370077.375,32,"(39.3213,34.1703,-0.00444177)","(1,1,2576,1936)","(80,60)",https://mars.nasa.gov/mars2020-raw-images/pub/ods/surface/sol/00016/ids/edr/browse/ncam/NLF_0016_0668370075_696ECM_T0030578NCAM03016_04_500J01_800.jpg,https://mars.nasa.gov/mars2020-raw-images/pub/ods/surface/sol/00016/ids/edr/browse/ncam/NLF_0016_0668370075_696ECM_T0030578NCAM03016_04_500J01_320.jpg,https://mars.nasa.gov/mars2020-raw-images/pub/ods/surface/sol/00016/ids/edr/browse/ncam/NLF_0016_0668370075_696ECM_T0030578NCAM03016_04_500J01.png,https://mars.nasa.gov/mars2020-raw-images/pub/ods/surface/sol/00016/ids/edr/browse/ncam/NLF_0016_0668370075_696ECM_T0030578NCAM03016_04_500J01_1200.jpg,UNK,"(0.9706705086744324,-0.06555471015515443,0.23130357447776814)","(1.00778,0.403328,-1.89915);(0.796308,0.28108,0.535633);(33.6375,109.92,42.8496);(1.14221,0.811671,110.317);(0.795776,0.282402,0.535729);(2e-06,0.049535,-0.015973);(-0.003612,0.013016,-0.023961);2.0;0.0","(1.00778,0.403328,-1.89915)",NAVCAM_LEFT,CAHVORE
16,"(0.8129,-0.0120277,0.0123195,0.582148)",NLF_0016_0668370239_553ECM_T0030578NCAM03016_01_600J,"NASA's Mars Perseverance rover acquired this image using its onboard Left Navigation Camera (Navcam). The camera is located high on the rover's mast and aids in driving. 

This image was acquired on Mar. 7, 2021 (Sol 16) at the local mean solar time of 15:03:12.",Thumbnail,Sol-00016M15:03:12.588,NASA/JPL-Caltech,2021-03-07T07:34:07.000,https://mars.nasa.gov/rss/api/?feed=raw_images&category=mars2020&feedtype=json&id=NLF_0016_0668370239_553ECM_T0030578NCAM03016_01_600J,https://mars.nasa.gov/mars2020/multimedia/raw-images/?id=NLF_0016_0668370239_553ECM_T0030578NCAM03016_01_600J,578,Mars Perseverance Sol 16: Left Navigation Camera (Navcam),3,2021-03-07T09:18:43Z,91.7173,-30.4572,668370241.242,64,"(39.3213,34.1703,-0.00444177)","(1,1,5120,3840)","(80,60)",https://mars.nasa.gov/mars2020-raw-images/pub/ods/surface/sol/00016/ids/edr/browse/ncam/NLF_0016_0668370239_553ECM_T0030578NCAM03016_01_600J01_800.jpg,https://mars.nasa.gov/mars2020-raw-images/pub/ods/surface/sol/00016/ids/edr/browse/ncam/NLF_0016_0668370239_553ECM_T0030578NCAM03016_01_600J01_320.jpg,https://mars.nasa.gov/mars2020-raw-images/pub/ods/surface/sol/00016/ids/edr/browse/ncam/NLF_0016_0668370239_553ECM_T0030578NCAM03016_01_600J01.png,https://mars.nasa.gov/mars2020-raw-images/pub/ods/surface/sol/00016/ids/edr/browse/ncam/NLF_0016_0668370239_553ECM_T0030578NCAM03016_01_600J01_1200.jpg,UNK,"(-0.036460975977684745,0.8557070696784541,0.5161743970142921)","(1.01339,0.708393,-1.90247);(-0.0379438,0.85718,0.513631);(-47.7089,32.4397,20.3452);(-0.347317,1.87096,54.9938);(-0.0393643,0.857059,0.513727);(2e-06,0.049535,-0.015973);(-0.003612,0.013016,-0.023961);2.0;0.0","(1.01339,0.708393,-1.90247)",NAVCAM_LEFT,CAHVORE
16,"(0.8129,-0.0120277,0.0123195,0.582148)",NLF_0016_0668370453_803ECM_T0030578NCAM00305_01_500J,"NASA's Mars Perseverance rover acquired this image using its onboard Left Navigation Camera (Navcam). The camera is located high on the rover's mast and aids in driving. 

This image was acquired on Mar. 7, 2021 (Sol 16) at the local mean solar time of 15:06:41.",Thumbnail,Sol-00016M15:06:41.107,NASA/JPL-Caltech,2021-03-07T07:34:07.000,https://mars.nasa.gov/rss/api/?feed=raw_images&category=mars2020&feedtype=json&id=NLF_0016_0668370453_803ECM_T0030578NCAM00305_01_500J,https://mars.nasa.gov/mars2020/multimedia/raw-images/?id=NLF_0016_0668370453_803ECM_T0030578NCAM00305_01_500J,578,Mars Perseverance Sol 16: Left Navigation Camera (Navcam),3,2021-03-07T09:18:43Z,53.6184,-29.8914,668370455.420,32,"(39.3213,34.1703,-0.00444177)","(1,1905,2576,1936)","(80,60)",https://mars.nasa.gov/mars2020-raw-images/pub/ods/surface/sol/00016/ids/edr/browse/ncam/NLF_0016_0668370453_803ECM_T0030578NCAM00305_01_500J01_800.jpg,https://mars.nasa.gov/mars2020-raw-images/pub/ods/surface/sol/00016/ids/edr/browse/ncam/NLF_0016_0668370453_803ECM_T0030578NCAM00305_01_500J01_320.jpg,https://mars.nasa.gov/mars2020-raw-images/pub/ods/surface/sol/00016/ids/edr/browse/ncam/NLF_0016_0668370453_803ECM_T0030578NCAM00305_01_500J01.png,https://mars.nasa.gov/mars2020-raw-images/pub/ods/surface/sol/00016/ids/edr/browse/ncam/NLF_0016_0668370453_803ECM_T0030578NCAM00305_01_500J01_1200.jpg,UNK,"(0.6697402412916422,0.2786087577319431,0.6883495981764473)","(1.061,0.548257,-1.90399);(0.502022,0.702011,0.505143);(-34.5869,110.579,40.3238);(-27.1657,-37.2064,80.1419);(0.500829,0.702793,0.50524);(2e-06,0.049535,-0.015973);(-0.003612,0.013016,-0.023961);2.0;0.0","(1.061,0.548257,-1.90399)",NAVCAM_LEFT,CAHVORE
16,"(0.8129,-0.0120277,0.0123195,0.582148)",NRF_0016_0668370386_117ECM_T0030578NCAM02016_01_600J,"NASA's Mars Perseverance rover acquired this image using its onboard Right Navigation Camera (Navcam). The camera is located high on the rover's mast and aids in driving. 

This image was acquired on Mar. 7, 2021 (Sol 16) at the local mean solar time of 15:05:35.",Thumbnail,Sol-00016M15:05:35.231,NASA/JPL-Caltech,2021-03-07T07:34:07.000,https://mars.nasa.gov/rss/api/?feed=raw_images&category=mars2020&feedtype=json&id=NRF_0016_0668370386_117ECM_T0030578NCAM02016_01_600J,https://mars.nasa.gov/mars2020/multimedia/raw-images/?id=NRF_0016_0668370386_117ECM_T0030578NCAM02016_01_600J,578,Mars Perseverance Sol 16: Right Navigation Camera (Navcam),3,2021-03-07T09:18:43Z,234.374,-28.5163,668370386.490,64,"(39.3213,34.1703,-0.00444177)","(1,1,5120,3840)","(80,60)",https://mars.nasa.gov/mars2020-raw-images/pub/ods/surface/sol/00016/ids/edr/browse/ncam/NRF_0016_0668370386_117ECM_T0030578NCAM02016_01_600J01_800.jpg,https://mars.nasa.gov/mars2020-raw-images/pub/ods/surface/sol/00016/ids/edr/browse/ncam/NRF_0016_0668370386_117ECM_T0030578NCAM02016_01_600J01_320.jpg,https://mars.nasa.gov/mars2020-raw-images/pub/ods/surface/sol/00016/ids/edr/browse/ncam/NRF_0016_0668370386_117ECM_T0030578NCAM02016_01_600J01.png,https://mars.nasa.gov/mars2020-raw-images/pub/ods/surface/sol/00016/ids/edr/browse/ncam/NRF_0016_0668370386_117ECM_T0030578NCAM02016_01_600J01_1200.jpg,UNK,"(-0.4999411489834323,-0.716236203733838,0.48689274795797227)","(0.895583,0.324108,-1.90806);(-0.504039,-0.713975,0.486004);(17.6004,-55.0403,19.2592);(-2.10406,-3.12606,54.856);(-0.504604,-0.714036,0.485328);(0.0,0.05117,-0.018889);(0.001504,0.020873,-0.009439);2.0;0.0","(0.895583,0.324108,-1.90806)",NAVCAM_RIGHT,CAHVORE
16,"(0.8129,-0.0120277,0.0123195,0.582148)",NRF_0016_0668370453_803ECM_T0030578NCAM00305_01_500J,"NASA's Mars Perseverance rover acquired this image using its onboard Right Navigation Camera (Navcam). The camera is located high on the rover's mast and aids in driving. 

This image was acquired on Mar. 7, 2021 (Sol 16) at the local mean solar time of 15:06:41.",Thumbnail,Sol-00016M15:06:41.107,NASA/JPL-Caltech,2021-03-07T07:34:04.000,https://mars.nasa.gov/rss/api/?feed=raw_images&category=mars2020&feedtype=json&id=NRF_0016_0668370453_803ECM_T0030578NCAM00305_01_500J,https://mars.nasa.gov/mars2020/multimedia/raw-images/?id=NRF_0016_0668370453_803ECM_T0030578NCAM00305_01_500J,578,Mars Perseverance Sol 16: Right Navigation Camera (Navcam),3,2021-03-07T09:18:43Z,54.0026,-29.6887,668370455.456,32,"(39.3213,34.1703,-0.00444177)","(1,1905,2576,1936)","(80,60)",https://mars.nasa.gov/mars2020-raw-images/pub/ods/surface/sol/00016/ids/edr/browse/ncam/NRF_0016_0668370453_803ECM_T0030578NCAM00305_01_500J01_800.jpg,https://mars.nasa.gov/mars2020-raw-images/pub/ods/surface/sol/00016/ids/edr/browse/ncam/NRF_0016_0668370453_803ECM_T0030578NCAM00305_01_500J01_320.jpg,https://mars.nasa.gov/mars2020-raw-images/pub/ods/surface/sol/00016/ids/edr/browse/ncam/NRF_0016_0668370453_803ECM_T0030578NCAM00305_01_500J01.png,https://mars.nasa.gov/mars2020-raw-images/pub/ods/surface/sol/00016/ids/edr/browse/ncam/NRF_0016_0668370453_803ECM_T0030578NCAM00305_01_500J01_1200.jpg,UNK,"(0.6690193464883984,0.2828536065609849,0.6873186679260791)","(0.715877,0.795226,-1.90548);(0.502697,0.702507,0.503781);(-34.6698,110.061,40.0616);(-26.8355,-36.965,80.1198);(0.503272,0.702575,0.503113);(0.0,0.05117,-0.018889);(0.001504,0.020873,-0.009439);2.0;0.0","(0.715877,0.795226,-1.90548)",NAVCAM_RIGHT,CAHVORE
16,"(0.8129,-0.0120277,0.0123195,0.582148)",NLM_0016_0668370536_294ECM_T0030578NCAM00305_00_6I1J,"NASA's Mars Perseverance rover acquired this image using its onboard Left Navigation Camera (Navcam). The camera is located high on the rover's mast and aids in driving. 

This image was acquired on Mar. 7, 2021 (Sol 16) at the local mean solar time of 15:08:01.",Thumbnail,Sol-00016M15:08:01.391,NASA/JPL-Caltech,2021-03-07T07:34:02.000,https://mars.nasa.gov/rss/api/?feed=raw_images&category=mars2020&feedtype=json&id=NLM_0016_0668370536_294ECM_T0030578NCAM00305_00_6I1J,https://mars.nasa.gov/mars2020/multimedia/raw-images/?id=NLM_0016_0668370536_294ECM_T0030578NCAM00305_00_6I1J,578,Mars Perseverance Sol 16: Left Navigation Camera (Navcam),3,2021-03-07T09:18:43Z,125.799,-30.1006,668370537.645,64,"(39.3213,34.1703,-0.00444177)","(1,1,5120,3840)","(80,60)",https://mars.nasa.gov/mars2020-raw-images/pub/ods/surface/sol/00016/ids/edr/browse/ncam/NLM_0016_0668370536_294ECM_T0030578NCAM00305_00_6I1J01_800.jpg,https://mars.nasa.gov/mars2020-raw-images/pub/ods/surface/sol/00016/ids/edr/browse/ncam/NLM_0016_0668370536_294ECM_T0030578NCAM00305_00_6I1J01_320.jpg,https://mars.nasa.gov/mars2020-raw-images/pub/ods/surface/sol/00016/ids/edr/browse/ncam/NLM_0016_0668370536_294ECM_T0030578NCAM00305_00_6I1J01.png,https://mars.nasa.gov/mars2020-raw-images/pub/ods/surface/sol/00016/ids/edr/browse/ncam/NLM_0016_0668370536_294ECM_T0030578NCAM00305_00_6I1J01_1200.jpg,UNK,"(-0.5115895115513241,0.6908894423317032,0.5108306472259329)","(0.894088,0.799678,-1.90332);(-0.513633,0.691268,0.508277);(-57.7692,0.238756,20.1261);(-1.54372,1.62746,54.9809);(-0.514742,0.690372,0.508373);(2e-06,0.049535,-0.015973);(-0.003612,0.013016,-0.023961);2.0;0.0","(0.894088,0.799678,-1.90332)",NAVCAM_LEFT,CAHVORE
16,"(0.8129,-0.0120277,0.0123195,0.582148)",NLF_0016_0668370075_696ECM_N0030578NCAM03016_13_195J,"NASA's Mars Perseverance rover acquired this image using its onboard Left Navigation Camera (Navcam). The camera is located high on the rover's mast and aids in driving. 

This image was acquired on Mar. 7, 2021 (Sol 16) at the local mean solar time of 15:00:33.",Full,Sol-00016M15:00:33.113,NASA/JPL-Caltech,2021-03-07T07:34:01.000,https://mars.nasa.gov/rss/api/?feed=raw_images&category=mars2020&feedtype=json&id=NLF_0016_0668370075_696ECM_N0030578NCAM03016_13_195J,https://mars.nasa.gov/mars2020/multimedia/raw-images/?id=NLF_0016_0668370075_696ECM_N0030578NCAM03016_13_195J,578,Mars Perseverance Sol 16: Left Navigation Camera (Navcam),3,2021-03-07T09:18:43Z,18.6128,-31.9366,668370077.375,2,"(39.3213,34.1703,-0.00444177)","(2545,1905,2576,1936)","(1288,968)",https://mars.nasa.gov/mars2020-raw-images/pub/ods/surface/sol/00016/ids/edr/browse/ncam/NLF_0016_0668370075_696ECM_N0030578NCAM03016_13_195J01_800.jpg,https://mars.nasa.gov/mars2020-raw-images/pub/ods/surface/sol/00016/ids/edr/browse/ncam/NLF_0016_0668370075_696ECM_N0030578NCAM03016_13_195J01_320.jpg,https://mars.nasa.gov/mars2020-raw-images/pub/ods/surface/sol/00016/ids/edr/browse/ncam/NLF_0016_0668370075_696ECM_N0030578NCAM03016_13_195J01.png,https://mars.nasa.gov/mars2020-raw-images/pub/ods/surface/sol/00016/ids/edr/browse/ncam/NLF_0016_0668370075_696ECM_N0030578NCAM03016_13_195J01_1200.jpg,UNK,"(0.44201247354522777,0.5501107403554601,0.7085218038818544)","(1.00778,0.403328,-1.89915);(0.796308,0.28108,0.535633);(-468.732,1403.3,8.28539);(-733.838,-252.493,1259.16);(0.795776,0.282402,0.535729);(2e-06,0.049535,-0.015973);(-0.003612,0.013016,-0.023961);2.0;0.0","(1.00778,0.403328,-1.89915)",NAVCAM_LEFT,CAHVORE
16,"(0.8129,-0.0120277,0.0123195,0.582148)",NRF_0016_0668370075_696ECM_T0030578NCAM03016_01_600J,"NASA's Mars Perseverance rover acquired this image using its onboard Right Navigation Camera (Navcam). The camera is located high on the rover's mast and aids in driving. 

This image was acquired on Mar. 7, 2021 (Sol 16) at the local mean solar time of 15:00:33.",Thumbnail,Sol-00016M15:00:33.113,NASA/JPL-Caltech,2021-03-07T07:34:01.000,https://mars.nasa.gov/rss/api/?feed=raw_images&category=mars2020&feedtype=json&id=NRF_0016_0668370075_696ECM_T0030578NCAM03016_01_600J,https://mars.nasa.gov/mars2020/multimedia/raw-images/?id=NRF_0016_0668370075_696ECM_T0030578NCAM03016_01_600J,578,Mars Perseverance Sol 16: Right Navigation Camera (Navcam),3,2021-03-07T09:18:43Z,19.0055,-31.7343,668370077.416,64,"(39.3213,34.1703,-0.00444177)","(1,1,5120,3840)","(80,60)",https://mars.nasa.gov/mars2020-raw-images/pub/ods/surface/sol/00016/ids/edr/browse/ncam/NRF_0016_0668370075_696ECM_T0030578NCAM03016_01_600J01_800.jpg,https://mars.nasa.gov/mars2020-raw-images/pub/ods/surface/sol/00016/ids/edr/browse/ncam/NRF_0016_0668370075_696ECM_T0030578NCAM03016_01_600J01_320.jpg,https://mars.nasa.gov/mars2020-raw-images/pub/ods/surface/sol/00016/ids/edr/browse/ncam/NRF_0016_0668370075_696ECM_T0030578NCAM03016_01_600J01.png,https://mars.nasa.gov/mars2020-raw-images/pub/ods/surface/sol/00016/ids/edr/browse/ncam/NRF_0016_0668370075_696ECM_T0030578NCAM03016_01_600J01_1200.jpg,UNK,"(0.7951129488881826,0.28531535984840395,0.5351546916031982)","(0.866546,0.803519,-1.90036);(0.797191,0.281115,0.5343);(16.4415,54.7029,21.1517);(0.602815,0.341031,54.9809);(0.797723,0.28085,0.533646);(0.0,0.05117,-0.018889);(0.001504,0.020873,-0.009439);2.0;0.0","(0.866546,0.803519,-1.90036)",NAVCAM_RIGHT,CAHVORE
16,"(0.8129,-0.0120277,0.0123195,0.582148)",NRM_0016_0668370298_745ECM_T0030578NCAM02016_00_6I1J,"NASA's Mars Perseverance rover acquired this image using its onboard Right Navigation Camera (Navcam). The camera is located high on the rover's mast and aids in driving. 

This image was acquired on Mar. 7, 2021 (Sol 16) at the local mean solar time of 15:04:10.",Thumbnail,Sol-00016M15:04:10.196,NASA/JPL-Caltech,2021-03-07T07:34:01.000,https://mars.nasa.gov/rss/api/?feed=raw_images&category=mars2020&feedtype=json&id=NRM_0016_0668370298_745ECM_T0030578NCAM02016_00_6I1J,https://mars.nasa.gov/mars2020/multimedia/raw-images/?id=NRM_0016_0668370298_745ECM_T0030578NCAM02016_00_6I1J,578,Mars Perseverance Sol 16: Right Navigation Camera (Navcam),3,2021-03-07T09:18:43Z,163.448,-28.1234,668370299.195,64,"(39.3213,34.1703,-0.00444177)","(1,1,5120,3840)","(80,60)",https://mars.nasa.gov/mars2020-raw-images/pub/ods/surface/sol/00016/ids/edr/browse/ncam/NRM_0016_0668370298_745ECM_T0030578NCAM02016_00_6I1J01_800.jpg,https://mars.nasa.gov/mars2020-raw-images/pub/ods/surface/sol/00016/ids/edr/browse/ncam/NRM_0016_0668370298_745ECM_T0030578NCAM02016_00_6I1J01_320.jpg,https://mars.nasa.gov/mars2020-raw-images/pub/ods/surface/sol/00016/ids/edr/browse/ncam/NRM_0016_0668370298_745ECM_T0030578NCAM02016_00_6I1J01.png,https://mars.nasa.gov/mars2020-raw-images/pub/ods/surface/sol/00016/ids/edr/browse/ncam/NRM_0016_0668370298_745ECM_T0030578NCAM02016_00_6I1J01_1200.jpg,UNK,"(-0.8434824520043382,0.23935963842017027,0.48087869224588703)","(0.611951,0.397067,-1.90935);(-0.842674,0.243969,0.479994);(-46.4311,-34.5728,18.9473);(-4.02669,0.992359,54.8286);(-0.842912,0.244483,0.479316);(0.0,0.05117,-0.018889);(0.001504,0.020873,-0.009439);2.0;0.0","(0.611951,0.397067,-1.90935)",NAVCAM_RIGHT,CAHVORE
16,"(0.8129,-0.0120277,0.0123195,0.582148)",NRM_0016_0668370386_117ECM_T0030578NCAM02016_00_6I1J,"NASA's Mars Perseverance rover acquired this image using its onboard Right Navigation Camera (Navcam). The camera is located high on the rover's mast and aids in driving. 

This image was acquired on Mar. 7, 2021 (Sol 16) at the local mean solar time of 15:05:35.",Thumbnail,Sol-00016M15:05:35.231,NASA/JPL-Caltech,2021-03-07T07:34:01.000,https://mars.nasa.gov/rss/api/?feed=raw_images&category=mars2020&feedtype=json&id=NRM_0016_0668370386_117ECM_T0030578NCAM02016_00_6I1J,https://mars.nasa.gov/mars2020/multimedia/raw-images/?id=NRM_0016_0668370386_117ECM_T0030578NCAM02016_00_6I1J,578,Mars Perseverance Sol 16: Right Navigation Camera (Navcam),3,2021-03-07T09:18:43Z,234.374,-28.5163,668370386.490,64,"(39.3213,34.1703,-0.00444177)","(1,1,5120,3840)","(80,60)",https://mars.nasa.gov/mars2020-raw-images/pub/ods/surface/sol/00016/ids/edr/browse/ncam/NRM_0016_0668370386_117ECM_T0030578NCAM02016_00_6I1J01_800.jpg,https://mars.nasa.gov/mars2020-raw-images/pub/ods/surface/sol/00016/ids/edr/browse/ncam/NRM_0016_0668370386_117ECM_T0030578NCAM02016_00_6I1J01_320.jpg,https://mars.nasa.gov/mars2020-raw-images/pub/ods/surface/sol/00016/ids/edr/browse/ncam/NRM_0016_0668370386_117ECM_T0030578NCAM02016_00_6I1J01.png,https://mars.nasa.gov/mars2020-raw-images/pub/ods/surface/sol/00016/ids/edr/browse/ncam/NRM_0016_0668370386_117ECM_T0030578NCAM02016_00_6I1J01_1200.jpg,UNK,"(-0.4999411489834323,-0.716236203733838,0.48689274795797227)","(0.895583,0.324108,-1.90806);(-0.504039,-0.713975,0.486004);(17.6004,-55.0403,19.2592);(-2.10406,-3.12606,54.856);(-0.504604,-0.714036,0.485328);(0.0,0.05117,-0.018889);(0.001504,0.020873,-0.009439);2.0;0.0","(0.895583,0.324108,-1.90806)",NAVCAM_RIGHT,CAHVORE
16,"(0.811139,-0.00892614,0.00713858,0.584742)",NRF_0016_0668366769_902ECM_N0030548NCAM00301_01_295J,"NASA's Mars Perseverance rover acquired this image using its onboard Right Navigation Camera (Navcam). The camera is located high on the rover's mast and aids in driving. 

This image was acquired on Mar. 7, 2021 (Sol 16) at the local mean solar time of 14:06:55.",Full,Sol-00016M14:06:55.740,NASA/JPL-Caltech,2021-03-07T07:34:00.000,https://mars.nasa.gov/rss/api/?feed=raw_images&category=mars2020&feedtype=json&id=NRF_0016_0668366769_902ECM_N0030548NCAM00301_01_295J,https://mars.nasa.gov/mars2020/multimedia/raw-images/?id=NRF_0016_0668366769_902ECM_N0030548NCAM00301_01_295J,548,Mars Perseverance Sol 16: Right Navigation Camera (Navcam),3,2021-03-07T09:18:43Z,0.188018,-30.1004,668366771.458,4,"(37.7344,29.4266,0.0676307)","(1,1,5120,3840)","(1280,960)",https://mars.nasa.gov/mars2020-raw-images/pub/ods/surface/sol/00016/ids/edr/browse/ncam/NRF_0016_0668366769_902ECM_N0030548NCAM00301_01_295J01_800.jpg,https://mars.nasa.gov/mars2020-raw-images/pub/ods/surface/sol/00016/ids/edr/browse/ncam/NRF_0016_0668366769_902ECM_N0030548NCAM00301_01_295J01_320.jpg,https://mars.nasa.gov/mars2020-raw-images/pub/ods/surface/sol/00016/ids/edr/browse/ncam/NRF_0016_0668366769_902ECM_N0030548NCAM00301_01_295J01.png,https://mars.nasa.gov/mars2020-raw-images/pub/ods/surface/sol/00016/ids/edr/browse/ncam/NRF_0016_0668366769_902ECM_N0030548NCAM00301_01_295J01_1200.jpg,UNK,"(0.8647997330582851,0.003514970682086776,0.5021046371857395)","(0.942414,0.770636,-1.90422);(0.860147,0.00899966,0.509982);(547.045,743.71,327.163);(42.421,1.89434,882.852);(0.860546,0.00857759,0.509316);(0.0,0.05117,-0.018889);(0.001504,0.020873,-0.009439);2.0;0.0","(0.942414,0.770636,-1.90422)",NAVCAM_RIGHT,CAHVORE
16,"(0.811139,-0.00892614,0.00713858,0.584742)",NLM_0016_0668366769_902ECM_T0030548NCAM00301_00_6I1J,"NASA's Mars Perseverance rover acquired this image using its onboard Left Navigation Camera (Navcam). The camera is located high on the rover's mast and aids in driving. 

This image was acquired on Mar. 7, 2021 (Sol 16) at the local mean solar time of 14:06:55.",Thumbnail,Sol-00016M14:06:55.740,NASA/JPL-Caltech,2021-03-07T07:33:59.000,https://mars.nasa.gov/rss/api/?feed=raw_images&category=mars2020&feedtype=json&id=NLM_0016_0668366769_902ECM_T0030548NCAM00301_00_6I1J,https://mars.nasa.gov/mars2020/multimedia/raw-images/?id=NLM_0016_0668366769_902ECM_T0030548NCAM00301_00_6I1J,548,Mars Perseverance Sol 16: Left Navigation Camera (Navcam),3,2021-03-07T09:18:43Z,359.802,-30.3026,668366771.432,64,"(37.7344,29.4266,0.0676307)","(1,1,5120,3840)","(80,60)",https://mars.nasa.gov/mars2020-raw-images/pub/ods/surface/sol/00016/ids/edr/browse/ncam/NLM_0016_0668366769_902ECM_T0030548NCAM00301_00_6I1J01_800.jpg,https://mars.nasa.gov/mars2020-raw-images/pub/ods/surface/sol/00016/ids/edr/browse/ncam/NLM_0016_0668366769_902ECM_T0030548NCAM00301_00_6I1J01_320.jpg,https://mars.nasa.gov/mars2020-raw-images/pub/ods/surface/sol/00016/ids/edr/browse/ncam/NLM_0016_0668366769_902ECM_T0030548NCAM00301_00_6I1J01.png,https://mars.nasa.gov/mars2020-raw-images/pub/ods/surface/sol/00016/ids/edr/browse/ncam/NLM_0016_0668366769_902ECM_T0030548NCAM00301_00_6I1J01_1200.jpg,UNK,"(0.857824128097636,0.0078110866206540265,0.513883987082041)","(0.947143,0.346278,-1.90325);(0.859338,0.00925035,0.511339);(34.0199,46.5971,20.3412);(2.02922,0.183386,54.9889);(0.859263,0.0106738,0.511437);(2e-06,0.049535,-0.015973);(-0.003612,0.013016,-0.023961);2.0;0.0","(0.947143,0.346278,-1.90325)",NAVCAM_LEFT,CAHVORE
16,"(0.8129,-0.0120277,0.0123195,0.582148)",NLM_0016_0668370298_745ECM_T0030578NCAM02016_00_6I1J,"NASA's Mars Perseverance rover acquired this image using its onboard Left Navigation Camera (Navcam). The camera is located high on the rover's mast and aids in driving. 

This image was acquired on Mar. 7, 2021 (Sol 16) at the local mean solar time of 15:04:10.",Thumbnail,Sol-00016M15:04:10.196,NASA/JPL-Caltech,2021-03-07T07:33:59.000,https://mars.nasa.gov/rss/api/?feed=raw_images&category=mars2020&feedtype=json&id=NLM_0016_0668370298_745ECM_T0030578NCAM02016_00_6I1J,https://mars.nasa.gov/mars2020/multimedia/raw-images/?id=NLM_0016_0668370298_745ECM_T0030578NCAM02016_00_6I1J,578,Mars Perseverance Sol 16: Left Navigation Camera (Navcam),3,2021-03-07T09:18:43Z,163.07,-28.3263,668370299.349,64,"(39.3213,34.1703,-0.00444177)","(1,1,5120,3840)","(80,60)",https://mars.nasa.gov/mars2020-raw-images/pub/ods/surface/sol/00016/ids/edr/browse/ncam/NLM_0016_0668370298_745ECM_T0030578NCAM02016_00_6I1J01_800.jpg,https://mars.nasa.gov/mars2020-raw-images/pub/ods/surface/sol/00016/ids/edr/browse/ncam/NLM_0016_0668370298_745ECM_T0030578NCAM02016_00_6I1J01_320.jpg,https://mars.nasa.gov/mars2020-raw-images/pub/ods/surface/sol/00016/ids/edr/browse/ncam/NLM_0016_0668370298_745ECM_T0030578NCAM02016_00_6I1J01.png,https://mars.nasa.gov/mars2020-raw-images/pub/ods/surface/sol/00016/ids/edr/browse/ncam/NLM_0016_0668370298_745ECM_T0030578NCAM02016_00_6I1J01_1200.jpg,UNK,"(-0.840239752005882,0.24446766052537414,0.4839759519917747)","(0.729983,0.804705,-1.90777);(-0.842019,0.243507,0.481377);(-46.6928,-34.6189,19.0715);(-3.83892,0.8633,54.8858);(-0.842361,0.242123,0.481476);(2e-06,0.049535,-0.015973);(-0.003612,0.013016,-0.023961);2.0;0.0","(0.729983,0.804705,-1.90777)",NAVCAM_LEFT,CAHVORE
16,"(0.8129,-0.0120277,0.0123195,0.582148)",NRF_0016_0668370027_636ECM_T0030578NCAM03016_01_600J,"NASA's Mars Perseverance rover acquired this image using its onboard Right Navigation Camera (Navcam). The camera is located high on the rover's mast and aids in driving. 

This image was acquired on Mar. 7, 2021 (Sol 16) at the local mean solar time of 14:59:46.",Thumbnail,Sol-00016M14:59:46.338,NASA/JPL-Caltech,2021-03-07T07:33:59.000,https://mars.nasa.gov/rss/api/?feed=raw_images&category=mars2020&feedtype=json&id=NRF_0016_0668370027_636ECM_T0030578NCAM03016_01_600J,https://mars.nasa.gov/mars2020/multimedia/raw-images/?id=NRF_0016_0668370027_636ECM_T0030578NCAM03016_01_600J,578,Mars Perseverance Sol 16: Right Navigation Camera (Navcam),3,2021-03-07T09:18:43Z,306.143,-30.9988,668370028.269,64,"(39.3213,34.1703,-0.00444177)","(1,1,5120,3840)","(80,60)",https://mars.nasa.gov/mars2020-raw-images/pub/ods/surface/sol/00016/ids/edr/browse/ncam/NRF_0016_0668370027_636ECM_T0030578NCAM03016_01_600J01_800.jpg,https://mars.nasa.gov/mars2020-raw-images/pub/ods/surface/sol/00016/ids/edr/browse/ncam/NRF_0016_0668370027_636ECM_T0030578NCAM03016_01_600J01_320.jpg,https://mars.nasa.gov/mars2020-raw-images/pub/ods/surface/sol/00016/ids/edr/browse/ncam/NRF_0016_0668370027_636ECM_T0030578NCAM03016_01_600J01.png,https://mars.nasa.gov/mars2020-raw-images/pub/ods/surface/sol/00016/ids/edr/browse/ncam/NRF_0016_0668370027_636ECM_T0030578NCAM03016_01_600J01_1200.jpg,UNK,"(0.5109391338766599,-0.6812331679614028,0.5242733755805647)","(1.05646,0.572496,-1.90189);(0.507535,-0.684449,0.523405);(57.2582,0.216047,20.7746);(0.869923,-1.08231,54.9677);(0.507435,-0.685028,0.522746);(0.0,0.05117,-0.018889);(0.001504,0.020873,-0.009439);2.0;0.0","(1.05646,0.572496,-1.90189)",NAVCAM_RIGHT,CAHVORE
16,"(0.8129,-0.0120277,0.0123195,0.582148)",FRF_0016_0668369736_116ECM_N0030578FHAZ02003_07_295J,"NASA's Mars Perseverance rover acquired this image of the area in front of it using its onboard Front Right Hazard Avoidance Camera A. 

This image was acquired on Mar. 7, 2021 (Sol 16) at the local mean solar time of 14:55:02.",Full,Sol-00016M14:55:02.615,NASA/JPL-Caltech,2021-03-07T07:33:58.000,https://mars.nasa.gov/rss/api/?feed=raw_images&category=mars2020&feedtype=json&id=FRF_0016_0668369736_116ECM_N0030578FHAZ02003_07_295J,https://mars.nasa.gov/mars2020/multimedia/raw-images/?id=FRF_0016_0668369736_116ECM_N0030578FHAZ02003_07_295J,578,Mars Perseverance Sol 16: Front Right Hazard Avoidance Camera (Hazcam),3,2021-03-07T09:18:43Z,315.813,13.856,668369737.472,4,"(39.3213,34.1703,-0.00444177)","(1,1,5120,3840)","(1280,960)",https://mars.nasa.gov/mars2020-raw-images/pub/ods/surface/sol/00016/ids/edr/browse/fcam/FRF_0016_0668369736_116ECM_N0030578FHAZ02003_07_295J01_800.jpg,https://mars.nasa.gov/mars2020-raw-images/pub/ods/surface/sol/00016/ids/edr/browse/fcam/FRF_0016_0668369736_116ECM_N0030578FHAZ02003_07_295J01_320.jpg,https://mars.nasa.gov/mars2020-raw-images/pub/ods/surface/sol/00016/ids/edr/browse/fcam/FRF_0016_0668369736_116ECM_N0030578FHAZ02003_07_295J01.png,https://mars.nasa.gov/mars2020-raw-images/pub/ods/surface/sol/00016/ids/edr/browse/fcam/FRF_0016_0668369736_116ECM_N0030578FHAZ02003_07_295J01_1200.jpg,UNK,"(0.8865390191310518,0.17173156118530097,0.42960078963034015)","(1.08961,0.239014,-0.73578);(0.88539,0.173117,0.43141);(484.104,639.718,235.011);(190.844,83.9887,689.906);(0.884739,0.174294,0.432271);(3e-06,0.007003,-0.00533);(0.014078,0.007511,-0.004607);2.0;0.0","(1.08961,0.239014,-0.73578)",FRONT_HAZCAM_RIGHT_A,CAHVORE
16,"(0.8129,-0.0120277,0.0123195,0.582148)",NLF_0016_0668370239_553ECM_N0030578NCAM03016_01_295J,"NASA's Mars Perseverance rover acquired this image using its onboard Left Navigation Camera (Navcam). The camera is located high on the rover's mast and aids in driving. 

This image was acquired on Mar. 7, 2021 (Sol 16) at the local mean solar time of 15:03:12.",Full,Sol-00016M15:03:12.588,NASA/JPL-Caltech,2021-03-07T07:33:58.000,https://mars.nasa.gov/rss/api/?feed=raw_images&category=mars2020&feedtype=json&id=NLF_0016_0668370239_553ECM_N0030578NCAM03016_01_295J,https://mars.nasa.gov/mars2020/multimedia/raw-images/?id=NLF_0016_0668370239_553ECM_N0030578NCAM03016_01_295J,578,Mars Perseverance Sol 16: Left Navigation Camera (Navcam),3,2021-03-07T09:18:43Z,91.7173,-30.4572,668370241.242,4,"(39.3213,34.1703,-0.00444177)","(1,1,5120,3840)","(1280,960)",https://mars.nasa.gov/mars2020-raw-images/pub/ods/surface/sol/00016/ids/edr/browse/ncam/NLF_0016_0668370239_553ECM_N0030578NCAM03016_01_295J01_800.jpg,https://mars.nasa.gov/mars2020-raw-images/pub/ods/surface/sol/00016/ids/edr/browse/ncam/NLF_0016_0668370239_553ECM_N0030578NCAM03016_01_295J01_320.jpg,https://mars.nasa.gov/mars2020-raw-images/pub/ods/surface/sol/00016/ids/edr/browse/ncam/NLF_0016_0668370239_553ECM_N0030578NCAM03016_01_295J01.png,https://mars.nasa.gov/mars2020-raw-images/pub/ods/surface/sol/00016/ids/edr/browse/ncam/NLF_0016_0668370239_553ECM_N0030578NCAM03016_01_295J01_1200.jpg,UNK,"(-0.026498478116562273,0.8612572104444571,0.5074779286973358)","(1.01339,0.708393,-1.90247);(-0.0379438,0.85718,0.513631);(-763.627,525.464,329.375);(-5.84165,36.3642,883.753);(-0.0393643,0.857059,0.513727);(2e-06,0.049535,-0.015973);(-0.003612,0.013016,-0.023961);2.0;0.0","(1.01339,0.708393,-1.90247)",NAVCAM_LEFT,CAHVORE
16,"(0.8129,-0.0120277,0.0123195,0.582148)",NRF_0016_0668370453_803ECM_N0030578NCAM00305_04_195J,"NASA's Mars Perseverance rover acquired this image using its onboard Right Navigation Camera (Navcam). The camera is located high on the rover's mast and aids in driving. 

This image was acquired on Mar. 7, 2021 (Sol 16) at the local mean solar time of 15:06:41.",Full,Sol-00016M15:06:41.107,NASA/JPL-Caltech,2021-03-07T07:33:57.000,https://mars.nasa.gov/rss/api/?feed=raw_images&category=mars2020&feedtype=json&id=NRF_0016_0668370453_803ECM_N0030578NCAM00305_04_195J,https://mars.nasa.gov/mars2020/multimedia/raw-images/?id=NRF_0016_0668370453_803ECM_N0030578NCAM00305_04_195J,578,Mars Perseverance Sol 16: Right Navigation Camera (Navcam),3,2021-03-07T09:18:43Z,54.0026,-29.6887,668370455.456,2,"(39.3213,34.1703,-0.00444177)","(2545,1905,2576,1936)","(1288,968)",https://mars.nasa.gov/mars2020-raw-images/pub/ods/surface/sol/00016/ids/edr/browse/ncam/NRF_0016_0668370453_803ECM_N0030578NCAM00305_04_195J01_800.jpg,https://mars.nasa.gov/mars2020-raw-images/pub/ods/surface/sol/00016/ids/edr/browse/ncam/NRF_0016_0668370453_803ECM_N0030578NCAM00305_04_195J01_320.jpg,https://mars.nasa.gov/mars2020-raw-images/pub/ods/surface/sol/00016/ids/edr/browse/ncam/NRF_0016_0668370453_803ECM_N0030578NCAM00305_04_195J01.png,https://mars.nasa.gov/mars2020-raw-images/pub/ods/surface/sol/00016/ids/edr/browse/ncam/NRF_0016_0668370453_803ECM_N0030578NCAM00305_04_195J01_1200.jpg,UNK,"(0.057258959718084784,0.7276156736147656,0.6835911373343964)","(0.715877,0.795226,-1.90548);(0.502697,0.702507,0.503781);(-1190.38,872.655,3.95566);(-425.598,-586.17,1285.69);(0.503272,0.702575,0.503113);(0.0,0.05117,-0.018889);(0.001504,0.020873,-0.009439);2.0;0.0","(0.715877,0.795226,-1.90548)",NAVCAM_RIGHT,CAHVORE
16,"(0.8129,-0.0120277,0.0123195,0.582148)",NLF_0016_0668370027_636ECM_N0030578NCAM03016_01_295J,"NASA's Mars Perseverance rover acquired this image using its onboard Left Navigation Camera (Navcam). The camera is located high on the rover's mast and aids in driving. 

This image was acquired on Mar. 7, 2021 (Sol 16) at the local mean solar time of 14:59:46.",Full,Sol-00016M14:59:46.338,NASA/JPL-Caltech,2021-03-07T07:33:56.000,https://mars.nasa.gov/rss/api/?feed=raw_images&category=mars2020&feedtype=json&id=NLF_0016_0668370027_636ECM_N0030578NCAM03016_01_295J,https://mars.nasa.gov/mars2020/multimedia/raw-images/?id=NLF_0016_0668370027_636ECM_N0030578NCAM03016_01_295J,578,Mars Perseverance Sol 16: Left Navigation Camera (Navcam),3,2021-03-07T09:18:43Z,305.753,-31.2007,668370027.998,4,"(39.3213,34.1703,-0.00444177)","(1,1,5120,3840)","(1280,960)",https://mars.nasa.gov/mars2020-raw-images/pub/ods/surface/sol/00016/ids/edr/browse/ncam/NLF_0016_0668370027_636ECM_N0030578NCAM03016_01_295J01_800.jpg,https://mars.nasa.gov/mars2020-raw-images/pub/ods/surface/sol/00016/ids/edr/browse/ncam/NLF_0016_0668370027_636ECM_N0030578NCAM03016_01_295J01_320.jpg,https://mars.nasa.gov/mars2020-raw-images/pub/ods/surface/sol/00016/ids/edr/browse/ncam/NLF_0016_0668370027_636ECM_N0030578NCAM03016_01_295J01.png,https://mars.nasa.gov/mars2020-raw-images/pub/ods/surface/sol/00016/ids/edr/browse/ncam/NLF_0016_0668370027_636ECM_N0030578NCAM03016_01_295J01_1200.jpg,UNK,"(0.5001237977549742,-0.6934807135354234,0.5186141984881841)","(0.715839,0.319356,-1.9012);(0.50725,-0.683631,0.52475);(923.648,-3.53505,338.51);(16.5538,-18.9501,884.162);(0.508356,-0.682732,0.524848);(2e-06,0.049535,-0.015973);(-0.003612,0.013016,-0.023961);2.0;0.0","(0.715839,0.319356,-1.9012)",NAVCAM_LEFT,CAHVORE
16,"(0.8129,-0.0120277,0.0123195,0.582148)",NLF_0016_0668370453_803ECM_T0030578NCAM00305_04_500J,"NASA's Mars Perseverance rover acquired this image using its onboard Left Navigation Camera (Navcam). The camera is located high on the rover's mast and aids in driving. 

This image was acquired on Mar. 7, 2021 (Sol 16) at the local mean solar time of 15:06:41.",Thumbnail,Sol-00016M15:06:41.107,NASA/JPL-Caltech,2021-03-07T07:33:56.000,https://mars.nasa.gov/rss/api/?feed=raw_images&category=mars2020&feedtype=json&id=NLF_0016_0668370453_803ECM_T0030578NCAM00305_04_500J,https://mars.nasa.gov/mars2020/multimedia/raw-images/?id=NLF_0016_0668370453_803ECM_T0030578NCAM00305_04_500J,578,Mars Perseverance Sol 16: Left Navigation Camera (Navcam),3,2021-03-07T09:18:43Z,53.6184,-29.8914,668370455.420,32,"(39.3213,34.1703,-0.00444177)","(2545,1905,2576,1936)","(80,60)",https://mars.nasa.gov/mars2020-raw-images/pub/ods/surface/sol/00016/ids/edr/browse/ncam/NLF_0016_0668370453_803ECM_T0030578NCAM00305_04_500J01_800.jpg,https://mars.nasa.gov/mars2020-raw-images/pub/ods/surface/sol/00016/ids/edr/browse/ncam/NLF_0016_0668370453_803ECM_T0030578NCAM00305_04_500J01_320.jpg,https://mars.nasa.gov/mars2020-raw-images/pub/ods/surface/sol/00016/ids/edr/browse/ncam/NLF_0016_0668370453_803ECM_T0030578NCAM00305_04_500J01.png,https://mars.nasa.gov/mars2020-raw-images/pub/ods/surface/sol/00016/ids/edr/browse/ncam/NLF_0016_0668370453_803ECM_T0030578NCAM00305_04_500J01_1200.jpg,UNK,"(0.055935844983985336,0.72331188929703,0.6882522009027567)","(1.061,0.548257,-1.90399);(0.502022,0.702011,0.505143);(-74.4976,54.7692,0.16497);(-27.1657,-37.2064,80.1419);(0.500829,0.702793,0.50524);(2e-06,0.049535,-0.015973);(-0.003612,0.013016,-0.023961);2.0;0.0","(1.061,0.548257,-1.90399)",NAVCAM_LEFT,CAHVORE
16,"(0.8129,-0.0120277,0.0123195,0.582148)",NLF_0016_0668370536_294ECM_N0030578NCAM00305_01_195J,"NASA's Mars Perseverance rover acquired this image using its onboard Left Navigation Camera (Navcam). The camera is located high on the rover's mast and aids in driving. 

This image was acquired on Mar. 7, 2021 (Sol 16) at the local mean solar time of 15:08:01.",Full,Sol-00016M15:08:01.391,NASA/JPL-Caltech,2021-03-07T07:33:55.000,https://mars.nasa.gov/rss/api/?feed=raw_images&category=mars2020&feedtype=json&id=NLF_0016_0668370536_294ECM_N0030578NCAM00305_01_195J,https://mars.nasa.gov/mars2020/multimedia/raw-images/?id=NLF_0016_0668370536_294ECM_N0030578NCAM00305_01_195J,578,Mars Perseverance Sol 16: Left Navigation Camera (Navcam),3,2021-03-07T09:18:43Z,125.799,-30.1006,668370537.645,2,"(39.3213,34.1703,-0.00444177)","(1,1905,2576,1936)","(1288,968)",https://mars.nasa.gov/mars2020-raw-images/pub/ods/surface/sol/00016/ids/edr/browse/ncam/NLF_0016_0668370536_294ECM_N0030578NCAM00305_01_195J01_800.jpg,https://mars.nasa.gov/mars2020-raw-images/pub/ods/surface/sol/00016/ids/edr/browse/ncam/NLF_0016_0668370536_294ECM_N0030578NCAM00305_01_195J01_320.jpg,https://mars.nasa.gov/mars2020-raw-images/pub/ods/surface/sol/00016/ids/edr/browse/ncam/NLF_0016_0668370536_294ECM_N0030578NCAM00305_01_195J01.png,https://mars.nasa.gov/mars2020-raw-images/pub/ods/surface/sol/00016/ids/edr/browse/ncam/NLF_0016_0668370536_294ECM_N0030578NCAM00305_01_195J01_1200.jpg,UNK,"(-0.05663754884030793,0.7247027158659014,0.6867300500764099)","(0.894088,0.799678,-1.90332);(-0.513633,0.691268,0.508277);(-1856.58,18.3548,651.914);(431.618,-595.293,1283.39);(-0.514742,0.690372,0.508373);(2e-06,0.049535,-0.015973);(-0.003612,0.013016,-0.023961);2.0;0.0","(0.894088,0.799678,-1.90332)",NAVCAM_LEFT,CAHVORE
16,"(0.8129,-0.0120277,0.0123195,0.582148)",NRF_0016_0668370075_696ECM_N0030578NCAM03016_07_195J,"NASA's Mars Perseverance rover acquired this image using its onboard Right Navigation Camera (Navcam). The camera is located high on the rover's mast and aids in driving. 

This image was acquired on Mar. 7, 2021 (Sol 16) at the local mean solar time of 15:00:33.",Full,Sol-00016M15:00:33.113,NASA/JPL-Caltech,2021-03-07T07:33:55.000,https://mars.nasa.gov/rss/api/?feed=raw_images&category=mars2020&feedtype=json&id=NRF_0016_0668370075_696ECM_N0030578NCAM03016_07_195J,https://mars.nasa.gov/mars2020/multimedia/raw-images/?id=NRF_0016_0668370075_696ECM_N0030578NCAM03016_07_195J,578,Mars Perseverance Sol 16: Right Navigation Camera (Navcam),3,2021-03-07T09:18:43Z,19.0055,-31.7343,668370077.416,2,"(39.3213,34.1703,-0.00444177)","(2545,1,2576,1936)","(1288,968)",https://mars.nasa.gov/mars2020-raw-images/pub/ods/surface/sol/00016/ids/edr/browse/ncam/NRF_0016_0668370075_696ECM_N0030578NCAM03016_07_195J01_800.jpg,https://mars.nasa.gov/mars2020-raw-images/pub/ods/surface/sol/00016/ids/edr/browse/ncam/NRF_0016_0668370075_696ECM_N0030578NCAM03016_07_195J01_320.jpg,https://mars.nasa.gov/mars2020-raw-images/pub/ods/surface/sol/00016/ids/edr/browse/ncam/NRF_0016_0668370075_696ECM_N0030578NCAM03016_07_195J01.png,https://mars.nasa.gov/mars2020-raw-images/pub/ods/surface/sol/00016/ids/edr/browse/ncam/NRF_0016_0668370075_696ECM_N0030578NCAM03016_07_195J01_1200.jpg,UNK,"(0.7252335133941735,0.6516022610455862,0.2223754582912039)","(0.866546,0.803519,-1.90036);(0.797191,0.281115,0.5343);(-475.542,1397.27,5.50811);(31.6466,15.2703,1767.67);(0.797723,0.28085,0.533646);(0.0,0.05117,-0.018889);(0.001504,0.020873,-0.009439);2.0;0.0","(0.866546,0.803519,-1.90036)",NAVCAM_RIGHT,CAHVORE
16,"(0.8129,-0.0120277,0.0123195,0.582148)",NRF_0016_0668370075_696ECM_N0030578NCAM03016_10_195J,"NASA's Mars Perseverance rover acquired this image using its onboard Right Navigation Camera (Navcam). The camera is located high on the rover's mast and aids in driving. 

This image was acquired on Mar. 7, 2021 (Sol 16) at the local mean solar time of 15:00:33.",Full,Sol-00016M15:00:33.113,NASA/JPL-Caltech,2021-03-07T07:33:55.000,https://mars.nasa.gov/rss/api/?feed=raw_images&category=mars2020&feedtype=json&id=NRF_0016_0668370075_696ECM_N0030578NCAM03016_10_195J,https://mars.nasa.gov/mars2020/multimedia/raw-images/?id=NRF_0016_0668370075_696ECM_N0030578NCAM03016_10_195J,578,Mars Perseverance Sol 16: Right Navigation Camera (Navcam),3,2021-03-07T09:18:43Z,19.0055,-31.7343,668370077.416,2,"(39.3213,34.1703,-0.00444177)","(1,1905,2576,1936)","(1288,968)",https://mars.nasa.gov/mars2020-raw-images/pub/ods/surface/sol/00016/ids/edr/browse/ncam/NRF_0016_0668370075_696ECM_N0030578NCAM03016_10_195J01_800.jpg,https://mars.nasa.gov/mars2020-raw-images/pub/ods/surface/sol/00016/ids/edr/browse/ncam/NRF_0016_0668370075_696ECM_N0030578NCAM03016_10_195J01_320.jpg,https://mars.nasa.gov/mars2020-raw-images/pub/ods/surface/sol/00016/ids/edr/browse/ncam/NRF_0016_0668370075_696ECM_N0030578NCAM03016_10_195J01.png,https://mars.nasa.gov/mars2020-raw-images/pub/ods/surface/sol/00016/ids/edr/browse/ncam/NRF_0016_0668370075_696ECM_N0030578NCAM03016_10_195J01_1200.jpg,UNK,"(0.69042115517265,-0.16370554000568963,0.7046411318263427)","(0.866546,0.803519,-1.90036);(0.797191,0.281115,0.5343);(538.485,1754.85,685.137);(-727.279,-252.351,1259.02);(0.797723,0.28085,0.533646);(0.0,0.05117,-0.018889);(0.001504,0.020873,-0.009439);2.0;0.0","(0.866546,0.803519,-1.90036)",NAVCAM_RIGHT,CAHVORE
16,"(0.8129,-0.0120277,0.0123195,0.582148)",NRF_0016_0668370239_553ECM_N0030578NCAM03016_01_295J,"NASA's Mars Perseverance rover acquired this image using its onboard Right Navigation Camera (Navcam). The camera is located high on the rover's mast and aids in driving. 

This image was acquired on Mar. 7, 2021 (Sol 16) at the local mean solar time of 15:03:12.",Full,Sol-00016M15:03:12.588,NASA/JPL-Caltech,2021-03-07T07:33:53.000,https://mars.nasa.gov/rss/api/?feed=raw_images&category=mars2020&feedtype=json&id=NRF_0016_0668370239_553ECM_N0030578NCAM03016_01_295J,https://mars.nasa.gov/mars2020/multimedia/raw-images/?id=NRF_0016_0668370239_553ECM_N0030578NCAM03016_01_295J,578,Mars Perseverance Sol 16: Right Navigation Camera (Navcam),3,2021-03-07T09:18:43Z,92.1035,-30.2543,668370240.239,4,"(39.3213,34.1703,-0.00444177)","(1,1,5120,3840)","(1280,960)",https://mars.nasa.gov/mars2020-raw-images/pub/ods/surface/sol/00016/ids/edr/browse/ncam/NRF_0016_0668370239_553ECM_N0030578NCAM03016_01_295J01_800.jpg,https://mars.nasa.gov/mars2020-raw-images/pub/ods/surface/sol/00016/ids/edr/browse/ncam/NRF_0016_0668370239_553ECM_N0030578NCAM03016_01_295J01_320.jpg,https://mars.nasa.gov/mars2020-raw-images/pub/ods/surface/sol/00016/ids/edr/browse/ncam/NRF_0016_0668370239_553ECM_N0030578NCAM03016_01_295J01.png,https://mars.nasa.gov/mars2020-raw-images/pub/ods/surface/sol/00016/ids/edr/browse/ncam/NRF_0016_0668370239_553ECM_N0030578NCAM03016_01_295J01_1200.jpg,UNK,"(-0.03237178438133346,0.8628493007601744,0.5044235836612385)","(0.589412,0.689951,-1.90424);(-0.037717,0.858001,0.512277);(-761.592,521.816,327.237);(-4.84501,39.9089,882.957);(-0.0373069,0.858415,0.511613);(0.0,0.05117,-0.018889);(0.001504,0.020873,-0.009439);2.0;0.0","(0.589412,0.689951,-1.90424)",NAVCAM_RIGHT,CAHVORE
16,"(0.8129,-0.0120277,0.0123195,0.582148)",NLF_0016_0668369874_474ECM_N0030578NCAM00304_04_195J,"NASA's Mars Perseverance rover acquired this image using its onboard Left Navigation Camera (Navcam). The camera is located high on the rover's mast and aids in driving. 

This image was acquired on Mar. 7, 2021 (Sol 16) at the local mean solar time of 14:57:17.",Full,Sol-00016M14:57:17.273,NASA/JPL-Caltech,2021-03-07T07:33:52.000,https://mars.nasa.gov/rss/api/?feed=raw_images&category=mars2020&feedtype=json&id=NLF_0016_0668369874_474ECM_N0030578NCAM00304_04_195J,https://mars.nasa.gov/mars2020/multimedia/raw-images/?id=NLF_0016_0668369874_474ECM_N0030578NCAM00304_04_195J,578,Mars Perseverance Sol 16: Left Navigation Camera (Navcam),3,2021-03-07T09:18:43Z,336.568,-45.1269,668369874.909,2,"(39.3213,34.1703,-0.00444177)","(2545,1,2576,1936)","(1288,968)",https://mars.nasa.gov/mars2020-raw-images/pub/ods/surface/sol/00016/ids/edr/browse/ncam/NLF_0016_0668369874_474ECM_N0030578NCAM00304_04_195J01_800.jpg,https://mars.nasa.gov/mars2020-raw-images/pub/ods/surface/sol/00016/ids/edr/browse/ncam/NLF_0016_0668369874_474ECM_N0030578NCAM00304_04_195J01_320.jpg,https://mars.nasa.gov/mars2020-raw-images/pub/ods/surface/sol/00016/ids/edr/browse/ncam/NLF_0016_0668369874_474ECM_N0030578NCAM00304_04_195J01.png,https://mars.nasa.gov/mars2020-raw-images/pub/ods/surface/sol/00016/ids/edr/browse/ncam/NLF_0016_0668369874_474ECM_N0030578NCAM00304_04_195J01_1200.jpg,UNK,"(0.9044872180470889,0.024313672726698456,0.4258071367508731)","(0.844119,0.310951,-1.86784);(0.646971,-0.267111,0.71421);(585.736,1358.59,13.3841);(-345.488,149.936,1728.76);(0.647439,-0.265763,0.714289);(2e-06,0.049535,-0.015973);(-0.003612,0.013016,-0.023961);2.0;0.0","(0.844119,0.310951,-1.86784)",NAVCAM_LEFT,CAHVORE
16,"(0.8129,-0.0120277,0.0123195,0.582148)",NLM_0016_0668370386_117ECM_T0030578NCAM02016_00_6I1J,"NASA's Mars Perseverance rover acquired this image using its onboard Left Navigation Camera (Navcam). The camera is located high on the rover's mast and aids in driving. 

This image was acquired on Mar. 7, 2021 (Sol 16) at the local mean solar time of 15:05:35.",Thumbnail,Sol-00016M15:05:35.231,NASA/JPL-Caltech,2021-03-07T07:33:52.000,https://mars.nasa.gov/rss/api/?feed=raw_images&category=mars2020&feedtype=json&id=NLM_0016_0668370386_117ECM_T0030578NCAM02016_00_6I1J,https://mars.nasa.gov/mars2020/multimedia/raw-images/?id=NLM_0016_0668370386_117ECM_T0030578NCAM02016_00_6I1J,578,Mars Perseverance Sol 16: Left Navigation Camera (Navcam),3,2021-03-07T09:18:43Z,233.994,-28.7185,668370386.536,64,"(39.3213,34.1703,-0.00444177)","(1,1,5120,3840)","(80,60)",https://mars.nasa.gov/mars2020-raw-images/pub/ods/surface/sol/00016/ids/edr/browse/ncam/NLM_0016_0668370386_117ECM_T0030578NCAM02016_00_6I1J01_800.jpg,https://mars.nasa.gov/mars2020-raw-images/pub/ods/surface/sol/00016/ids/edr/browse/ncam/NLM_0016_0668370386_117ECM_T0030578NCAM02016_00_6I1J01_320.jpg,https://mars.nasa.gov/mars2020-raw-images/pub/ods/surface/sol/00016/ids/edr/browse/ncam/NLM_0016_0668370386_117ECM_T0030578NCAM02016_00_6I1J01.png,https://mars.nasa.gov/mars2020-raw-images/pub/ods/surface/sol/00016/ids/edr/browse/ncam/NLM_0016_0668370386_117ECM_T0030578NCAM02016_00_6I1J01_1200.jpg,UNK,"(-0.5037072624983433,-0.711484051874122,0.4899688129209928)","(0.548688,0.568579,-1.90715);(-0.503384,-0.713496,0.487383);(17.5589,-55.3019,19.3853);(-1.92069,-2.99025,54.9118);(-0.502188,-0.714271,0.487484);(2e-06,0.049535,-0.015973);(-0.003612,0.013016,-0.023961);2.0;0.0","(0.548688,0.568579,-1.90715)",NAVCAM_LEFT,CAHVORE
16,"(0.8129,-0.0120277,0.0123195,0.582148)",NRF_0016_0668370075_696ECM_N0030578NCAM03016_04_195J,"NASA's Mars Perseverance rover acquired this image using its onboard Right Navigation Camera (Navcam). The camera is located high on the rover's mast and aids in driving. 

This image was acquired on Mar. 7, 2021 (Sol 16) at the local mean solar time of 15:00:33.",Full,Sol-00016M15:00:33.113,NASA/JPL-Caltech,2021-03-07T07:33:52.000,https://mars.nasa.gov/rss/api/?feed=raw_images&category=mars2020&feedtype=json&id=NRF_0016_0668370075_696ECM_N0030578NCAM03016_04_195J,https://mars.nasa.gov/mars2020/multimedia/raw-images/?id=NRF_0016_0668370075_696ECM_N0030578NCAM03016_04_195J,578,Mars Perseverance Sol 16: Right Navigation Camera (Navcam),3,2021-03-07T09:18:43Z,19.0055,-31.7343,668370077.416,2,"(39.3213,34.1703,-0.00444177)","(1,1,2576,1936)","(1288,968)",https://mars.nasa.gov/mars2020-raw-images/pub/ods/surface/sol/00016/ids/edr/browse/ncam/NRF_0016_0668370075_696ECM_N0030578NCAM03016_04_195J01_800.jpg,https://mars.nasa.gov/mars2020-raw-images/pub/ods/surface/sol/00016/ids/edr/browse/ncam/NRF_0016_0668370075_696ECM_N0030578NCAM03016_04_195J01_320.jpg,https://mars.nasa.gov/mars2020-raw-images/pub/ods/surface/sol/00016/ids/edr/browse/ncam/NRF_0016_0668370075_696ECM_N0030578NCAM03016_04_195J01.png,https://mars.nasa.gov/mars2020-raw-images/pub/ods/surface/sol/00016/ids/edr/browse/ncam/NRF_0016_0668370075_696ECM_N0030578NCAM03016_04_195J01_1200.jpg,UNK,"(0.9726810090375675,-0.0638738281584725,0.22318554777144875)","(0.866546,0.803519,-1.90036);(0.797191,0.281115,0.5343);(538.485,1754.85,685.137);(31.6466,15.2703,1767.67);(0.797723,0.28085,0.533646);(0.0,0.05117,-0.018889);(0.001504,0.020873,-0.009439);2.0;0.0","(0.866546,0.803519,-1.90036)",NAVCAM_RIGHT,CAHVORE
16,"(0.8129,-0.0120277,0.0123195,0.582148)",NRF_0016_0668370075_696ECM_T0030578NCAM03016_04_500J,"NASA's Mars Perseverance rover acquired this image using its onboard Right Navigation Camera (Navcam). The camera is located high on the rover's mast and aids in driving. 

This image was acquired on Mar. 7, 2021 (Sol 16) at the local mean solar time of 15:00:33.",Thumbnail,Sol-00016M15:00:33.113,NASA/JPL-Caltech,2021-03-07T07:33:52.000,https://mars.nasa.gov/rss/api/?feed=raw_images&category=mars2020&feedtype=json&id=NRF_0016_0668370075_696ECM_T0030578NCAM03016_04_500J,https://mars.nasa.gov/mars2020/multimedia/raw-images/?id=NRF_0016_0668370075_696ECM_T0030578NCAM03016_04_500J,578,Mars Perseverance Sol 16: Right Navigation Camera (Navcam),3,2021-03-07T09:18:43Z,19.0055,-31.7343,668370077.416,32,"(39.3213,34.1703,-0.00444177)","(1,1,2576,1936)","(80,60)",https://mars.nasa.gov/mars2020-raw-images/pub/ods/surface/sol/00016/ids/edr/browse/ncam/NRF_0016_0668370075_696ECM_T0030578NCAM03016_04_500J01_800.jpg,https://mars.nasa.gov/mars2020-raw-images/pub/ods/surface/sol/00016/ids/edr/browse/ncam/NRF_0016_0668370075_696ECM_T0030578NCAM03016_04_500J01_320.jpg,https://mars.nasa.gov/mars2020-raw-images/pub/ods/surface/sol/00016/ids/edr/browse/ncam/NRF_0016_0668370075_696ECM_T0030578NCAM03016_04_500J01.png,https://mars.nasa.gov/mars2020-raw-images/pub/ods/surface/sol/00016/ids/edr/browse/ncam/NRF_0016_0668370075_696ECM_T0030578NCAM03016_04_500J01_1200.jpg,UNK,"(0.9718599925301251,-0.06063166033696318,0.22762239934621603)","(0.866546,0.803519,-1.90036);(0.797191,0.281115,0.5343);(33.2816,109.546,42.5706);(1.60423,0.82262,110.229);(0.797723,0.28085,0.533646);(0.0,0.05117,-0.018889);(0.001504,0.020873,-0.009439);2.0;0.0","(0.866546,0.803519,-1.90036)",NAVCAM_RIGHT,CAHVORE
16,"(0.8129,-0.0120277,0.0123195,0.582148)",NRF_0016_0668369874_474ECM_N0030578NCAM00304_07_195J,"NASA's Mars Perseverance rover acquired this image using its onboard Right Navigation Camera (Navcam). The camera is located high on the rover's mast and aids in driving. 

This image was acquired on Mar. 7, 2021 (Sol 16) at the local mean solar time of 14:57:17.",Full,Sol-00016M14:57:17.273,NASA/JPL-Caltech,2021-03-07T07:33:51.000,https://mars.nasa.gov/rss/api/?feed=raw_images&category=mars2020&feedtype=json&id=NRF_0016_0668369874_474ECM_N0030578NCAM00304_07_195J,https://mars.nasa.gov/mars2020/multimedia/raw-images/?id=NRF_0016_0668369874_474ECM_N0030578NCAM00304_07_195J,578,Mars Perseverance Sol 16: Right Navigation Camera (Navcam),3,2021-03-07T09:18:43Z,337.041,-44.9256,668369875.375,2,"(39.3213,34.1703,-0.00444177)","(1,1905,2576,1936)","(1288,968)",https://mars.nasa.gov/mars2020-raw-images/pub/ods/surface/sol/00016/ids/edr/browse/ncam/NRF_0016_0668369874_474ECM_N0030578NCAM00304_07_195J01_800.jpg,https://mars.nasa.gov/mars2020-raw-images/pub/ods/surface/sol/00016/ids/edr/browse/ncam/NRF_0016_0668369874_474ECM_N0030578NCAM00304_07_195J01_320.jpg,https://mars.nasa.gov/mars2020-raw-images/pub/ods/surface/sol/00016/ids/edr/browse/ncam/NRF_0016_0668369874_474ECM_N0030578NCAM00304_07_195J01.png,https://mars.nasa.gov/mars2020-raw-images/pub/ods/surface/sol/00016/ids/edr/browse/ncam/NRF_0016_0668369874_474ECM_N0030578NCAM00304_07_195J01_1200.jpg,UNK,"(0.24156214201709753,-0.5152492732820488,0.8222930851748861)","(1.00646,0.703058,-1.86914);(0.647912,-0.267782,0.713104);(1401.58,1017.7,915.827);(-956.549,400.003,1050.12);(0.648259,-0.268387,0.712562);(0.0,0.05117,-0.018889);(0.001504,0.020873,-0.009439);2.0;0.0","(1.00646,0.703058,-1.86914)",NAVCAM_RIGHT,CAHVORE
16,"(0.8129,-0.0120277,0.0123195,0.582148)",NRF_0016_0668370453_803ECM_N0030578NCAM00305_01_195J,"NASA's Mars Perseverance rover acquired this image using its onboard Right Navigation Camera (Navcam). The camera is located high on the rover's mast and aids in driving. 

This image was acquired on Mar. 7, 2021 (Sol 16) at the local mean solar time of 15:06:41.",Full,Sol-00016M15:06:41.107,NASA/JPL-Caltech,2021-03-07T07:33:51.000,https://mars.nasa.gov/rss/api/?feed=raw_images&category=mars2020&feedtype=json&id=NRF_0016_0668370453_803ECM_N0030578NCAM00305_01_195J,https://mars.nasa.gov/mars2020/multimedia/raw-images/?id=NRF_0016_0668370453_803ECM_N0030578NCAM00305_01_195J,578,Mars Perseverance Sol 16: Right Navigation Camera (Navcam),3,2021-03-07T09:18:43Z,54.0026,-29.6887,668370455.456,2,"(39.3213,34.1703,-0.00444177)","(1,1905,2576,1936)","(1288,968)",https://mars.nasa.gov/mars2020-raw-images/pub/ods/surface/sol/00016/ids/edr/browse/ncam/NRF_0016_0668370453_803ECM_N0030578NCAM00305_01_195J01_800.jpg,https://mars.nasa.gov/mars2020-raw-images/pub/ods/surface/sol/00016/ids/edr/browse/ncam/NRF_0016_0668370453_803ECM_N0030578NCAM00305_01_195J01_320.jpg,https://mars.nasa.gov/mars2020-raw-images/pub/ods/surface/sol/00016/ids/edr/browse/ncam/NRF_0016_0668370453_803ECM_N0030578NCAM00305_01_195J01.png,https://mars.nasa.gov/mars2020-raw-images/pub/ods/surface/sol/00016/ids/edr/browse/ncam/NRF_0016_0668370453_803ECM_N0030578NCAM00305_01_195J01_1200.jpg,UNK,"(0.6736664826951254,0.28193458101123847,0.6831444665099731)","(0.715877,0.795226,-1.90548);(0.502697,0.702507,0.503781);(-550.946,1766.24,644.765);(-425.598,-586.17,1285.69);(0.503272,0.702575,0.503113);(0.0,0.05117,-0.018889);(0.001504,0.020873,-0.009439);2.0;0.0","(0.715877,0.795226,-1.90548)",NAVCAM_RIGHT,CAHVORE
16,"(0.811139,-0.00892614,0.00713858,0.584742)",NLF_0016_0668366769_902ECM_N0030548NCAM00301_01_295J,"NASA's Mars Perseverance rover acquired this image using its onboard Left Navigation Camera (Navcam). The camera is located high on the rover's mast and aids in driving. 

This image was acquired on Mar. 7, 2021 (Sol 16) at the local mean solar time of 14:06:55.",Full,Sol-00016M14:06:55.740,NASA/JPL-Caltech,2021-03-07T07:33:49.000,https://mars.nasa.gov/rss/api/?feed=raw_images&category=mars2020&feedtype=json&id=NLF_0016_0668366769_902ECM_N0030548NCAM00301_01_295J,https://mars.nasa.gov/mars2020/multimedia/raw-images/?id=NLF_0016_0668366769_902ECM_N0030548NCAM00301_01_295J,548,Mars Perseverance Sol 16: Left Navigation Camera (Navcam),3,2021-03-07T09:18:43Z,359.802,-30.3026,668366771.432,4,"(37.7344,29.4266,0.0676307)","(1,1,5120,3840)","(1280,960)",https://mars.nasa.gov/mars2020-raw-images/pub/ods/surface/sol/00016/ids/edr/browse/ncam/NLF_0016_0668366769_902ECM_N0030548NCAM00301_01_295J01_800.jpg,https://mars.nasa.gov/mars2020-raw-images/pub/ods/surface/sol/00016/ids/edr/browse/ncam/NLF_0016_0668366769_902ECM_N0030548NCAM00301_01_295J01_320.jpg,https://mars.nasa.gov/mars2020-raw-images/pub/ods/surface/sol/00016/ids/edr/browse/ncam/NLF_0016_0668366769_902ECM_N0030548NCAM00301_01_295J01.png,https://mars.nasa.gov/mars2020-raw-images/pub/ods/surface/sol/00016/ids/edr/browse/ncam/NLF_0016_0668366769_902ECM_N0030548NCAM00301_01_295J01_1200.jpg,UNK,"(0.8630261029672854,-0.0023089634717897113,0.5051540500528393)","(0.947143,0.346278,-1.90325);(0.859338,0.00925035,0.511339);(550.763,745.622,329.294);(38.9126,3.00355,883.658);(0.859263,0.0106738,0.511437);(2e-06,0.049535,-0.015973);(-0.003612,0.013016,-0.023961);2.0;0.0","(0.947143,0.346278,-1.90325)",NAVCAM_LEFT,CAHVORE
16,"(0.8129,-0.0120277,0.0123195,0.582148)",NLF_0016_0668369874_474ECM_N0030578NCAM00304_07_195J,"NASA's Mars Perseverance rover acquired this image using its onboard Left Navigation Camera (Navcam). The camera is located high on the rover's mast and aids in driving. 

This image was acquired on Mar. 7, 2021 (Sol 16) at the local mean solar time of 14:57:17.",Full,Sol-00016M14:57:17.273,NASA/JPL-Caltech,2021-03-07T07:33:49.000,https://mars.nasa.gov/rss/api/?feed=raw_images&category=mars2020&feedtype=json&id=NLF_0016_0668369874_474ECM_N0030578NCAM00304_07_195J,https://mars.nasa.gov/mars2020/multimedia/raw-images/?id=NLF_0016_0668369874_474ECM_N0030578NCAM00304_07_195J,578,Mars Perseverance Sol 16: Left Navigation Camera (Navcam),3,2021-03-07T09:18:43Z,336.568,-45.1269,668369874.909,2,"(39.3213,34.1703,-0.00444177)","(1,1905,2576,1936)","(1288,968)",https://mars.nasa.gov/mars2020-raw-images/pub/ods/surface/sol/00016/ids/edr/browse/ncam/NLF_0016_0668369874_474ECM_N0030578NCAM00304_07_195J01_800.jpg,https://mars.nasa.gov/mars2020-raw-images/pub/ods/surface/sol/00016/ids/edr/browse/ncam/NLF_0016_0668369874_474ECM_N0030578NCAM00304_07_195J01_320.jpg,https://mars.nasa.gov/mars2020-raw-images/pub/ods/surface/sol/00016/ids/edr/browse/ncam/NLF_0016_0668369874_474ECM_N0030578NCAM00304_07_195J01.png,https://mars.nasa.gov/mars2020-raw-images/pub/ods/surface/sol/00016/ids/edr/browse/ncam/NLF_0016_0668369874_474ECM_N0030578NCAM00304_07_195J01_1200.jpg,UNK,"(0.23743466916074782,-0.5168310261029841,0.8225025643351287)","(0.844119,0.310951,-1.86784);(0.646971,-0.267111,0.71421);(1408.68,1018.82,921.859);(-961.404,404.226,1048.84);(0.647439,-0.265763,0.714289);(2e-06,0.049535,-0.015973);(-0.003612,0.013016,-0.023961);2.0;0.0","(0.844119,0.310951,-1.86784)",NAVCAM_LEFT,CAHVORE
16,"(0.8129,-0.0120277,0.0123195,0.582148)",NRF_0016_0668369874_474ECM_N0030578NCAM00304_01_195J,"NASA's Mars Perseverance rover acquired this image using its onboard Right Navigation Camera (Navcam). The camera is located high on the rover's mast and aids in driving. 

This image was acquired on Mar. 7, 2021 (Sol 16) at the local mean solar time of 14:57:17.",Full,Sol-00016M14:57:17.273,NASA/JPL-Caltech,2021-03-07T07:33:49.000,https://mars.nasa.gov/rss/api/?feed=raw_images&category=mars2020&feedtype=json&id=NRF_0016_0668369874_474ECM_N0030578NCAM00304_01_195J,https://mars.nasa.gov/mars2020/multimedia/raw-images/?id=NRF_0016_0668369874_474ECM_N0030578NCAM00304_01_195J,578,Mars Perseverance Sol 16: Right Navigation Camera (Navcam),3,2021-03-07T09:18:43Z,337.041,-44.9256,668369875.375,2,"(39.3213,34.1703,-0.00444177)","(1,1,2576,1936)","(1288,968)",https://mars.nasa.gov/mars2020-raw-images/pub/ods/surface/sol/00016/ids/edr/browse/ncam/NRF_0016_0668369874_474ECM_N0030578NCAM00304_01_195J01_800.jpg,https://mars.nasa.gov/mars2020-raw-images/pub/ods/surface/sol/00016/ids/edr/browse/ncam/NRF_0016_0668369874_474ECM_N0030578NCAM00304_01_195J01_320.jpg,https://mars.nasa.gov/mars2020-raw-images/pub/ods/surface/sol/00016/ids/edr/browse/ncam/NRF_0016_0668369874_474ECM_N0030578NCAM00304_01_195J01.png,https://mars.nasa.gov/mars2020-raw-images/pub/ods/surface/sol/00016/ids/edr/browse/ncam/NRF_0016_0668369874_474ECM_N0030578NCAM00304_01_195J01_1200.jpg,UNK,"(0.6125405925811093,-0.6684498396224589,0.4218635257391806)","(1.00646,0.703058,-1.86914);(0.647912,-0.267782,0.713104);(1401.58,1017.7,915.827);(-339.737,145.074,1729.0);(0.648259,-0.268387,0.712562);(0.0,0.05117,-0.018889);(0.001504,0.020873,-0.009439);2.0;0.0","(1.00646,0.703058,-1.86914)",NAVCAM_RIGHT,CAHVORE
16,"(0.8129,-0.0120277,0.0123195,0.582148)",NRF_0016_0668370536_294ECM_T0030578NCAM00305_01_500J,"NASA's Mars Perseverance rover acquired this image using its onboard Right Navigation Camera (Navcam). The camera is located high on the rover's mast and aids in driving. 

This image was acquired on Mar. 7, 2021 (Sol 16) at the local mean solar time of 15:08:01.",Thumbnail,Sol-00016M15:08:01.391,NASA/JPL-Caltech,2021-03-07T07:33:49.000,https://mars.nasa.gov/rss/api/?feed=raw_images&category=mars2020&feedtype=json&id=NRF_0016_0668370536_294ECM_T0030578NCAM00305_01_500J,https://mars.nasa.gov/mars2020/multimedia/raw-images/?id=NRF_0016_0668370536_294ECM_T0030578NCAM00305_01_500J,578,Mars Perseverance Sol 16: Right Navigation Camera (Navcam),3,2021-03-07T09:18:43Z,126.184,-29.8976,668370536.995,32,"(39.3213,34.1703,-0.00444177)","(1,1905,2576,1936)","(80,60)",https://mars.nasa.gov/mars2020-raw-images/pub/ods/surface/sol/00016/ids/edr/browse/ncam/NRF_0016_0668370536_294ECM_T0030578NCAM00305_01_500J01_800.jpg,https://mars.nasa.gov/mars2020-raw-images/pub/ods/surface/sol/00016/ids/edr/browse/ncam/NRF_0016_0668370536_294ECM_T0030578NCAM00305_01_500J01_320.jpg,https://mars.nasa.gov/mars2020-raw-images/pub/ods/surface/sol/00016/ids/edr/browse/ncam/NRF_0016_0668370536_294ECM_T0030578NCAM00305_01_500J01.png,https://mars.nasa.gov/mars2020-raw-images/pub/ods/surface/sol/00016/ids/edr/browse/ncam/NRF_0016_0668370536_294ECM_T0030578NCAM00305_01_500J01_1200.jpg,UNK,"(-0.063184629402139,0.7211833615613468,0.6898566964336796)","(0.553247,0.54684,-1.90513);(-0.513899,0.692067,0.506917);(-115.328,0.586325,40.2426);(27.0882,-37.1415,79.9529);(-0.513789,0.692637,0.506251);(0.0,0.05117,-0.018889);(0.001504,0.020873,-0.009439);2.0;0.0","(0.553247,0.54684,-1.90513)",NAVCAM_RIGHT,CAHVORE
16,"(0.8129,-0.0120277,0.0123195,0.582148)",RLM_0016_0668369973_730ECM_T0030578RHAZ02002_00_6I1J,"NASA's Mars Perseverance rover acquired this image of the area in back of it using its onboard Rear Left Hazard Avoidance Camera. 

This image was acquired on Mar. 7, 2021 (Sol 16) at the local mean solar time of 14:58:53.",Thumbnail,Sol-00016M14:58:53.874,NASA/JPL-Caltech,2021-03-07T07:33:49.000,https://mars.nasa.gov/rss/api/?feed=raw_images&category=mars2020&feedtype=json&id=RLM_0016_0668369973_730ECM_T0030578RHAZ02002_00_6I1J,https://mars.nasa.gov/mars2020/multimedia/raw-images/?id=RLM_0016_0668369973_730ECM_T0030578RHAZ02002_00_6I1J,578,Mars Perseverance Sol 16: Rear Left Hazard Avoidance Camera (Hazcam),3,2021-03-07T09:18:43Z,179.284,-44.8684,668369975.341,64,"(39.3213,34.1703,-0.00444177)","(1,1,5120,3840)","(80,60)",https://mars.nasa.gov/mars2020-raw-images/pub/ods/surface/sol/00016/ids/edr/browse/rcam/RLM_0016_0668369973_730ECM_T0030578RHAZ02002_00_6I1J01_800.jpg,https://mars.nasa.gov/mars2020-raw-images/pub/ods/surface/sol/00016/ids/edr/browse/rcam/RLM_0016_0668369973_730ECM_T0030578RHAZ02002_00_6I1J01_320.jpg,https://mars.nasa.gov/mars2020-raw-images/pub/ods/surface/sol/00016/ids/edr/browse/rcam/RLM_0016_0668369973_730ECM_T0030578RHAZ02002_00_6I1J01.png,https://mars.nasa.gov/mars2020-raw-images/pub/ods/surface/sol/00016/ids/edr/browse/rcam/RLM_0016_0668369973_730ECM_T0030578RHAZ02002_00_6I1J01_1200.jpg,UNK,"(-0.698172180768971,-0.006120712176380815,0.7159037245906413)","(-1.04711,0.466977,-0.730608);(-0.703458,0.00398837,0.710725);(-28.0812,-33.3513,28.1982);(3.03239,0.0407037,44.8594);(-0.700545,0.00407406,0.713597);(1.668e-05,0.0220681,-0.0108751);(0.0032911,0.00694844,0.00616767);2.0;0.0","(-1.04711,0.466977,-0.730608)",REAR_HAZCAM_LEFT,CAHVORE
16,"(0.8129,-0.0120277,0.0123195,0.582148)",NLF_0016_0668370386_117ECM_T0030578NCAM02016_01_600J,"NASA's Mars Perseverance rover acquired this image using its onboard Left Navigation Camera (Navcam). The camera is located high on the rover's mast and aids in driving. 

This image was acquired on Mar. 7, 2021 (Sol 16) at the local mean solar time of 15:05:35.",Thumbnail,Sol-00016M15:05:35.231,NASA/JPL-Caltech,2021-03-07T07:33:48.000,https://mars.nasa.gov/rss/api/?feed=raw_images&category=mars2020&feedtype=json&id=NLF_0016_0668370386_117ECM_T0030578NCAM02016_01_600J,https://mars.nasa.gov/mars2020/multimedia/raw-images/?id=NLF_0016_0668370386_117ECM_T0030578NCAM02016_01_600J,578,Mars Perseverance Sol 16: Left Navigation Camera (Navcam),3,2021-03-07T09:18:43Z,233.994,-28.7185,668370386.536,64,"(39.3213,34.1703,-0.00444177)","(1,1,5120,3840)","(80,60)",https://mars.nasa.gov/mars2020-raw-images/pub/ods/surface/sol/00016/ids/edr/browse/ncam/NLF_0016_0668370386_117ECM_T0030578NCAM02016_01_600J01_800.jpg,https://mars.nasa.gov/mars2020-raw-images/pub/ods/surface/sol/00016/ids/edr/browse/ncam/NLF_0016_0668370386_117ECM_T0030578NCAM02016_01_600J01_320.jpg,https://mars.nasa.gov/mars2020-raw-images/pub/ods/surface/sol/00016/ids/edr/browse/ncam/NLF_0016_0668370386_117ECM_T0030578NCAM02016_01_600J01.png,https://mars.nasa.gov/mars2020-raw-images/pub/ods/surface/sol/00016/ids/edr/browse/ncam/NLF_0016_0668370386_117ECM_T0030578NCAM02016_01_600J01_1200.jpg,UNK,"(-0.5037072624983433,-0.711484051874122,0.4899688129209928)","(0.548688,0.568579,-1.90715);(-0.503384,-0.713496,0.487383);(17.5589,-55.3019,19.3853);(-1.92069,-2.99025,54.9118);(-0.502188,-0.714271,0.487484);(2e-06,0.049535,-0.015973);(-0.003612,0.013016,-0.023961);2.0;0.0","(0.548688,0.568579,-1.90715)",NAVCAM_LEFT,CAHVORE
16,"(0.8129,-0.0120277,0.0123195,0.582148)",NLF_0016_0668370536_294ECM_T0030578NCAM00305_04_500J,"NASA's Mars Perseverance rover acquired this image using its onboard Left Navigation Camera (Navcam). The camera is located high on the rover's mast and aids in driving. 

This image was acquired on Mar. 7, 2021 (Sol 16) at the local mean solar time of 15:08:01.",Thumbnail,Sol-00016M15:08:01.391,NASA/JPL-Caltech,2021-03-07T07:33:48.000,https://mars.nasa.gov/rss/api/?feed=raw_images&category=mars2020&feedtype=json&id=NLF_0016_0668370536_294ECM_T0030578NCAM00305_04_500J,https://mars.nasa.gov/mars2020/multimedia/raw-images/?id=NLF_0016_0668370536_294ECM_T0030578NCAM00305_04_500J,578,Mars Perseverance Sol 16: Left Navigation Camera (Navcam),3,2021-03-07T09:18:43Z,125.799,-30.1006,668370537.645,32,"(39.3213,34.1703,-0.00444177)","(2545,1905,2576,1936)","(80,60)",https://mars.nasa.gov/mars2020-raw-images/pub/ods/surface/sol/00016/ids/edr/browse/ncam/NLF_0016_0668370536_294ECM_T0030578NCAM00305_04_500J01_800.jpg,https://mars.nasa.gov/mars2020-raw-images/pub/ods/surface/sol/00016/ids/edr/browse/ncam/NLF_0016_0668370536_294ECM_T0030578NCAM00305_04_500J01_320.jpg,https://mars.nasa.gov/mars2020-raw-images/pub/ods/surface/sol/00016/ids/edr/browse/ncam/NLF_0016_0668370536_294ECM_T0030578NCAM00305_04_500J01.png,https://mars.nasa.gov/mars2020-raw-images/pub/ods/surface/sol/00016/ids/edr/browse/ncam/NLF_0016_0668370536_294ECM_T0030578NCAM00305_04_500J01_1200.jpg,UNK,"(-0.6703119657083519,0.27254906723139,0.6902165418037332)","(0.894088,0.799678,-1.90332);(-0.513633,0.691268,0.508277);(-74.9615,-54.1326,0.0983441);(27.2169,-37.5299,79.9735);(-0.514742,0.690372,0.508373);(2e-06,0.049535,-0.015973);(-0.003612,0.013016,-0.023961);2.0;0.0","(0.894088,0.799678,-1.90332)",NAVCAM_LEFT,CAHVORE
16,"(0.8129,-0.0120277,0.0123195,0.582148)",NLF_0016_0668369874_474ECM_T0030578NCAM00304_07_500J,"NASA's Mars Perseverance rover acquired this image using its onboard Left Navigation Camera (Navcam). The camera is located high on the rover's mast and aids in driving. 

This image was acquired on Mar. 7, 2021 (Sol 16) at the local mean solar time of 14:57:17.",Thumbnail,Sol-00016M14:57:17.273,NASA/JPL-Caltech,2021-03-07T07:33:47.000,https://mars.nasa.gov/rss/api/?feed=raw_images&category=mars2020&feedtype=json&id=NLF_0016_0668369874_474ECM_T0030578NCAM00304_07_500J,https://mars.nasa.gov/mars2020/multimedia/raw-images/?id=NLF_0016_0668369874_474ECM_T0030578NCAM00304_07_500J,578,Mars Perseverance Sol 16: Left Navigation Camera (Navcam),3,2021-03-07T09:18:43Z,336.568,-45.1269,668369874.909,32,"(39.3213,34.1703,-0.00444177)","(1,1905,2576,1936)","(80,60)",https://mars.nasa.gov/mars2020-raw-images/pub/ods/surface/sol/00016/ids/edr/browse/ncam/NLF_0016_0668369874_474ECM_T0030578NCAM00304_07_500J01_800.jpg,https://mars.nasa.gov/mars2020-raw-images/pub/ods/surface/sol/00016/ids/edr/browse/ncam/NLF_0016_0668369874_474ECM_T0030578NCAM00304_07_500J01_320.jpg,https://mars.nasa.gov/mars2020-raw-images/pub/ods/surface/sol/00016/ids/edr/browse/ncam/NLF_0016_0668369874_474ECM_T0030578NCAM00304_07_500J01.png,https://mars.nasa.gov/mars2020-raw-images/pub/ods/surface/sol/00016/ids/edr/browse/ncam/NLF_0016_0668369874_474ECM_T0030578NCAM00304_07_500J01_1200.jpg,UNK,"(0.23632615211326263,-0.5117272379216992,0.8260055591800626)","(0.844119,0.310951,-1.86784);(0.646971,-0.267111,0.71421);(87.7394,63.8015,57.2814);(-60.391,25.3893,65.2175);(0.647439,-0.265763,0.714289);(2e-06,0.049535,-0.015973);(-0.003612,0.013016,-0.023961);2.0;0.0","(0.844119,0.310951,-1.86784)",NAVCAM_LEFT,CAHVORE
16,"(0.8129,-0.0120277,0.0123195,0.582148)",NRF_0016_0668369874_474ECM_T0030578NCAM00304_01_500J,"NASA's Mars Perseverance rover acquired this image using its onboard Right Navigation Camera (Navcam). The camera is located high on the rover's mast and aids in driving. 

This image was acquired on Mar. 7, 2021 (Sol 16) at the local mean solar time of 14:57:17.",Thumbnail,Sol-00016M14:57:17.273,NASA/JPL-Caltech,2021-03-07T07:33:47.000,https://mars.nasa.gov/rss/api/?feed=raw_images&category=mars2020&feedtype=json&id=NRF_0016_0668369874_474ECM_T0030578NCAM00304_01_500J,https://mars.nasa.gov/mars2020/multimedia/raw-images/?id=NRF_0016_0668369874_474ECM_T0030578NCAM00304_01_500J,578,Mars Perseverance Sol 16: Right Navigation Camera (Navcam),3,2021-03-07T09:18:43Z,337.041,-44.9256,668369875.375,32,"(39.3213,34.1703,-0.00444177)","(1,1,2576,1936)","(80,60)",https://mars.nasa.gov/mars2020-raw-images/pub/ods/surface/sol/00016/ids/edr/browse/ncam/NRF_0016_0668369874_474ECM_T0030578NCAM00304_01_500J01_800.jpg,https://mars.nasa.gov/mars2020-raw-images/pub/ods/surface/sol/00016/ids/edr/browse/ncam/NRF_0016_0668369874_474ECM_T0030578NCAM00304_01_500J01_320.jpg,https://mars.nasa.gov/mars2020-raw-images/pub/ods/surface/sol/00016/ids/edr/browse/ncam/NRF_0016_0668369874_474ECM_T0030578NCAM00304_01_500J01.png,https://mars.nasa.gov/mars2020-raw-images/pub/ods/surface/sol/00016/ids/edr/browse/ncam/NRF_0016_0668369874_474ECM_T0030578NCAM00304_01_500J01_1200.jpg,UNK,"(0.6131513868510261,-0.665096910519085,0.4262528315690486)","(1.00646,0.703058,-1.86914);(0.647912,-0.267782,0.713104);(87.295,63.7318,56.9049);(-21.5372,9.19267,107.728);(0.648259,-0.268387,0.712562);(0.0,0.05117,-0.018889);(0.001504,0.020873,-0.009439);2.0;0.0","(1.00646,0.703058,-1.86914)",NAVCAM_RIGHT,CAHVORE
16,"(0.8129,-0.0120277,0.0123195,0.582148)",NLF_0016_0668370075_696ECM_T0030578NCAM03016_01_600J,"NASA's Mars Perseverance rover acquired this image using its onboard Left Navigation Camera (Navcam). The camera is located high on the rover's mast and aids in driving. 

This image was acquired on Mar. 7, 2021 (Sol 16) at the local mean solar time of 15:00:33.",Thumbnail,Sol-00016M15:00:33.113,NASA/JPL-Caltech,2021-03-07T07:33:46.000,https://mars.nasa.gov/rss/api/?feed=raw_images&category=mars2020&feedtype=json&id=NLF_0016_0668370075_696ECM_T0030578NCAM03016_01_600J,https://mars.nasa.gov/mars2020/multimedia/raw-images/?id=NLF_0016_0668370075_696ECM_T0030578NCAM03016_01_600J,578,Mars Perseverance Sol 16: Left Navigation Camera (Navcam),3,2021-03-07T09:18:43Z,18.6128,-31.9366,668370077.375,64,"(39.3213,34.1703,-0.00444177)","(1,1,5120,3840)","(80,60)",https://mars.nasa.gov/mars2020-raw-images/pub/ods/surface/sol/00016/ids/edr/browse/ncam/NLF_0016_0668370075_696ECM_T0030578NCAM03016_01_600J01_800.jpg,https://mars.nasa.gov/mars2020-raw-images/pub/ods/surface/sol/00016/ids/edr/browse/ncam/NLF_0016_0668370075_696ECM_T0030578NCAM03016_01_600J01_320.jpg,https://mars.nasa.gov/mars2020-raw-images/pub/ods/surface/sol/00016/ids/edr/browse/ncam/NLF_0016_0668370075_696ECM_T0030578NCAM03016_01_600J01.png,https://mars.nasa.gov/mars2020-raw-images/pub/ods/surface/sol/00016/ids/edr/browse/ncam/NLF_0016_0668370075_696ECM_T0030578NCAM03016_01_600J01_1200.jpg,UNK,"(0.7952707891064843,0.27920602568079683,0.5381341535504731)","(1.00778,0.403328,-1.89915);(0.796308,0.28108,0.535633);(16.6197,54.8898,21.2909);(0.372028,0.335566,55.0244);(0.795776,0.282402,0.535729);(2e-06,0.049535,-0.015973);(-0.003612,0.013016,-0.023961);2.0;0.0","(1.00778,0.403328,-1.89915)",NAVCAM_LEFT,CAHVORE
16,"(0.8129,-0.0120277,0.0123195,0.582148)",FLF_0016_0668369736_116ECM_T0030578FHAZ02003_01_500J,"NASA's Mars Perseverance rover acquired this image of the area in front of it using its onboard Front Left Hazard Avoidance Camera A. 

This image was acquired on Mar. 7, 2021 (Sol 16) at the local mean solar time of 14:55:02.",Thumbnail,Sol-00016M14:55:02.615,NASA/JPL-Caltech,2021-03-07T07:33:45.000,https://mars.nasa.gov/rss/api/?feed=raw_images&category=mars2020&feedtype=json&id=FLF_0016_0668369736_116ECM_T0030578FHAZ02003_01_500J,https://mars.nasa.gov/mars2020/multimedia/raw-images/?id=FLF_0016_0668369736_116ECM_T0030578FHAZ02003_01_500J,578,Mars Perseverance Sol 16: Front Left Hazard Avoidance Camera (Hazcam),3,2021-03-07T09:18:43Z,299.598,20.2622,668369737.411,32,"(39.3213,34.1703,-0.00444177)","(1,1457,2576,1952)","(80,61)",https://mars.nasa.gov/mars2020-raw-images/pub/ods/surface/sol/00016/ids/edr/browse/fcam/FLF_0016_0668369736_116ECM_T0030578FHAZ02003_01_500J01_800.jpg,https://mars.nasa.gov/mars2020-raw-images/pub/ods/surface/sol/00016/ids/edr/browse/fcam/FLF_0016_0668369736_116ECM_T0030578FHAZ02003_01_500J01_320.jpg,https://mars.nasa.gov/mars2020-raw-images/pub/ods/surface/sol/00016/ids/edr/browse/fcam/FLF_0016_0668369736_116ECM_T0030578FHAZ02003_01_500J01.png,https://mars.nasa.gov/mars2020-raw-images/pub/ods/surface/sol/00016/ids/edr/browse/fcam/FLF_0016_0668369736_116ECM_T0030578FHAZ02003_01_500J01_1200.jpg,UNK,"(0.5762418296263411,-0.6335918929710703,0.5162428371902344)","(1.10353,-0.008945,-0.729124);(0.884935,-0.17181,0.432865);(81.0242,52.4407,39.5886);(-17.3238,-2.31505,66.2571);(0.885293,-0.171227,0.432363);(1e-06,0.00889,-0.006754);(-0.006127,0.010389,0.004541);2.0;0.0","(1.10353,-0.008945,-0.729124)",FRONT_HAZCAM_LEFT_A,CAHVORE
16,"(0.8129,-0.0120277,0.0123195,0.582148)",NLF_0016_0668370536_294ECM_T0030578NCAM00305_01_500J,"NASA's Mars Perseverance rover acquired this image using its onboard Left Navigation Camera (Navcam). The camera is located high on the rover's mast and aids in driving. 

This image was acquired on Mar. 7, 2021 (Sol 16) at the local mean solar time of 15:08:01.",Thumbnail,Sol-00016M15:08:01.391,NASA/JPL-Caltech,2021-03-07T07:33:44.000,https://mars.nasa.gov/rss/api/?feed=raw_images&category=mars2020&feedtype=json&id=NLF_0016_0668370536_294ECM_T0030578NCAM00305_01_500J,https://mars.nasa.gov/mars2020/multimedia/raw-images/?id=NLF_0016_0668370536_294ECM_T0030578NCAM00305_01_500J,578,Mars Perseverance Sol 16: Left Navigation Camera (Navcam),3,2021-03-07T09:18:43Z,125.799,-30.1006,668370537.645,32,"(39.3213,34.1703,-0.00444177)","(1,1905,2576,1936)","(80,60)",https://mars.nasa.gov/mars2020-raw-images/pub/ods/surface/sol/00016/ids/edr/browse/ncam/NLF_0016_0668370536_294ECM_T0030578NCAM00305_01_500J01_800.jpg,https://mars.nasa.gov/mars2020-raw-images/pub/ods/surface/sol/00016/ids/edr/browse/ncam/NLF_0016_0668370536_294ECM_T0030578NCAM00305_01_500J01_320.jpg,https://mars.nasa.gov/mars2020-raw-images/pub/ods/surface/sol/00016/ids/edr/browse/ncam/NLF_0016_0668370536_294ECM_T0030578NCAM00305_01_500J01.png,https://mars.nasa.gov/mars2020-raw-images/pub/ods/surface/sol/00016/ids/edr/browse/ncam/NLF_0016_0668370536_294ECM_T0030578NCAM00305_01_500J01_1200.jpg,UNK,"(-0.05892082949804036,0.7205652499882862,0.6908791908579832)","(0.894088,0.799678,-1.90332);(-0.513633,0.691268,0.508277);(-115.795,0.823146,40.5064);(27.2169,-37.5299,79.9735);(-0.514742,0.690372,0.508373);(2e-06,0.049535,-0.015973);(-0.003612,0.013016,-0.023961);2.0;0.0","(0.894088,0.799678,-1.90332)",NAVCAM_LEFT,CAHVORE
16,"(0.8129,-0.0120277,0.0123195,0.582148)",NRF_0016_0668369874_474ECM_T0030578NCAM00304_07_500J,"NASA's Mars Perseverance rover acquired this image using its onboard Right Navigation Camera (Navcam). The camera is located high on the rover's mast and aids in driving. 

This image was acquired on Mar. 7, 2021 (Sol 16) at the local mean solar time of 14:57:17.",Thumbnail,Sol-00016M14:57:17.273,NASA/JPL-Caltech,2021-03-07T07:33:44.000,https://mars.nasa.gov/rss/api/?feed=raw_images&category=mars2020&feedtype=json&id=NRF_0016_0668369874_474ECM_T0030578NCAM00304_07_500J,https://mars.nasa.gov/mars2020/multimedia/raw-images/?id=NRF_0016_0668369874_474ECM_T0030578NCAM00304_07_500J,578,Mars Perseverance Sol 16: Right Navigation Camera (Navcam),3,2021-03-07T09:18:43Z,337.041,-44.9256,668369875.375,32,"(39.3213,34.1703,-0.00444177)","(1,1905,2576,1936)","(80,60)",https://mars.nasa.gov/mars2020-raw-images/pub/ods/surface/sol/00016/ids/edr/browse/ncam/NRF_0016_0668369874_474ECM_T0030578NCAM00304_07_500J01_800.jpg,https://mars.nasa.gov/mars2020-raw-images/pub/ods/surface/sol/00016/ids/edr/browse/ncam/NRF_0016_0668369874_474ECM_T0030578NCAM00304_07_500J01_320.jpg,https://mars.nasa.gov/mars2020-raw-images/pub/ods/surface/sol/00016/ids/edr/browse/ncam/NRF_0016_0668369874_474ECM_T0030578NCAM00304_07_500J01.png,https://mars.nasa.gov/mars2020-raw-images/pub/ods/surface/sol/00016/ids/edr/browse/ncam/NRF_0016_0668369874_474ECM_T0030578NCAM00304_07_500J01_1200.jpg,UNK,"(0.2404474516741978,-0.5101220867581734,0.8258089849262182)","(1.00646,0.703058,-1.86914);(0.647912,-0.267782,0.713104);(87.295,63.7318,56.9049);(-60.088,25.1257,65.2982);(0.648259,-0.268387,0.712562);(0.0,0.05117,-0.018889);(0.001504,0.020873,-0.009439);2.0;0.0","(1.00646,0.703058,-1.86914)",NAVCAM_RIGHT,CAHVORE
16,"(0.8129,-0.0120277,0.0123195,0.582148)",NRM_0016_0668370239_553ECM_T0030578NCAM03016_00_6I1J,"NASA's Mars Perseverance rover acquired this image using its onboard Right Navigation Camera (Navcam). The camera is located high on the rover's mast and aids in driving. 

This image was acquired on Mar. 7, 2021 (Sol 16) at the local mean solar time of 15:03:12.",Thumbnail,Sol-00016M15:03:12.588,NASA/JPL-Caltech,2021-03-07T07:33:44.000,https://mars.nasa.gov/rss/api/?feed=raw_images&category=mars2020&feedtype=json&id=NRM_0016_0668370239_553ECM_T0030578NCAM03016_00_6I1J,https://mars.nasa.gov/mars2020/multimedia/raw-images/?id=NRM_0016_0668370239_553ECM_T0030578NCAM03016_00_6I1J,578,Mars Perseverance Sol 16: Right Navigation Camera (Navcam),3,2021-03-07T09:18:43Z,92.1035,-30.2543,668370240.239,64,"(39.3213,34.1703,-0.00444177)","(1,1,5120,3840)","(80,60)",https://mars.nasa.gov/mars2020-raw-images/pub/ods/surface/sol/00016/ids/edr/browse/ncam/NRM_0016_0668370239_553ECM_T0030578NCAM03016_00_6I1J01_800.jpg,https://mars.nasa.gov/mars2020-raw-images/pub/ods/surface/sol/00016/ids/edr/browse/ncam/NRM_0016_0668370239_553ECM_T0030578NCAM03016_00_6I1J01_320.jpg,https://mars.nasa.gov/mars2020-raw-images/pub/ods/surface/sol/00016/ids/edr/browse/ncam/NRM_0016_0668370239_553ECM_T0030578NCAM03016_00_6I1J01.png,https://mars.nasa.gov/mars2020-raw-images/pub/ods/surface/sol/00016/ids/edr/browse/ncam/NRM_0016_0668370239_553ECM_T0030578NCAM03016_00_6I1J01_1200.jpg,UNK,"(-0.042342311685713355,0.8572597179266324,0.5131402387861047)","(0.589412,0.689951,-1.90424);(-0.037717,0.858001,0.512277);(-47.5818,32.2113,20.2122);(-0.285133,2.09212,54.9447);(-0.0373069,0.858415,0.511613);(0.0,0.05117,-0.018889);(0.001504,0.020873,-0.009439);2.0;0.0","(0.589412,0.689951,-1.90424)",NAVCAM_RIGHT,CAHVORE
16,"(0.8129,-0.0120277,0.0123195,0.582148)",RRM_0016_0668369973_730ECM_T0030578RHAZ02002_00_6I1J,"NASA's Mars Perseverance rover acquired this image of the area in back of it using its onboard Rear Right Hazard Avoidance Camera. 

This image was acquired on Mar. 7, 2021 (Sol 16) at the local mean solar time of 14:58:53.",Thumbnail,Sol-00016M14:58:53.874,NASA/JPL-Caltech,2021-03-07T07:33:44.000,https://mars.nasa.gov/rss/api/?feed=raw_images&category=mars2020&feedtype=json&id=RRM_0016_0668369973_730ECM_T0030578RHAZ02002_00_6I1J,https://mars.nasa.gov/mars2020/multimedia/raw-images/?id=RRM_0016_0668369973_730ECM_T0030578RHAZ02002_00_6I1J,578,Mars Perseverance Sol 16: Rear Right Hazard Avoidance Camera (Hazcam),3,2021-03-07T09:18:43Z,180.213,-45.2782,668369975.029,64,"(39.3213,34.1703,-0.00444177)","(1,1,5120,3840)","(80,60)",https://mars.nasa.gov/mars2020-raw-images/pub/ods/surface/sol/00016/ids/edr/browse/rcam/RRM_0016_0668369973_730ECM_T0030578RHAZ02002_00_6I1J01_800.jpg,https://mars.nasa.gov/mars2020-raw-images/pub/ods/surface/sol/00016/ids/edr/browse/rcam/RRM_0016_0668369973_730ECM_T0030578RHAZ02002_00_6I1J01_320.jpg,https://mars.nasa.gov/mars2020-raw-images/pub/ods/surface/sol/00016/ids/edr/browse/rcam/RRM_0016_0668369973_730ECM_T0030578RHAZ02002_00_6I1J01.png,https://mars.nasa.gov/mars2020-raw-images/pub/ods/surface/sol/00016/ids/edr/browse/rcam/RRM_0016_0668369973_730ECM_T0030578RHAZ02002_00_6I1J01_1200.jpg,UNK,"(-0.6929883374850676,-0.01757977533946847,0.720734427933546)","(-1.05782,-0.466472,-0.724517);(-0.702572,0.0113481,0.711523);(-27.732,-33.0054,28.0014);(3.21533,0.180847,44.6991);(-0.701049,0.00940617,0.713051);(8.39e-06,0.0168764,-0.00743155);(-0.00878744,-0.00869157,-0.00676256);2.0;0.0","(-1.05782,-0.466472,-0.724517)",REAR_HAZCAM_RIGHT,CAHVORE
16,"(0.8129,-0.0120277,0.0123195,0.582148)",NRF_0016_0668370536_294ECM_T0030578NCAM00305_04_500J,"NASA's Mars Perseverance rover acquired this image using its onboard Right Navigation Camera (Navcam). The camera is located high on the rover's mast and aids in driving. 

This image was acquired on Mar. 7, 2021 (Sol 16) at the local mean solar time of 15:08:01.",Thumbnail,Sol-00016M15:08:01.391,NASA/JPL-Caltech,2021-03-07T07:33:43.000,https://mars.nasa.gov/rss/api/?feed=raw_images&category=mars2020&feedtype=json&id=NRF_0016_0668370536_294ECM_T0030578NCAM00305_04_500J,https://mars.nasa.gov/mars2020/multimedia/raw-images/?id=NRF_0016_0668370536_294ECM_T0030578NCAM00305_04_500J,578,Mars Perseverance Sol 16: Right Navigation Camera (Navcam),3,2021-03-07T09:18:43Z,126.184,-29.8976,668370536.995,32,"(39.3213,34.1703,-0.00444177)","(2545,1905,2576,1936)","(80,60)",https://mars.nasa.gov/mars2020-raw-images/pub/ods/surface/sol/00016/ids/edr/browse/ncam/NRF_0016_0668370536_294ECM_T0030578NCAM00305_04_500J01_800.jpg,https://mars.nasa.gov/mars2020-raw-images/pub/ods/surface/sol/00016/ids/edr/browse/ncam/NRF_0016_0668370536_294ECM_T0030578NCAM00305_04_500J01_320.jpg,https://mars.nasa.gov/mars2020-raw-images/pub/ods/surface/sol/00016/ids/edr/browse/ncam/NRF_0016_0668370536_294ECM_T0030578NCAM00305_04_500J01.png,https://mars.nasa.gov/mars2020-raw-images/pub/ods/surface/sol/00016/ids/edr/browse/ncam/NRF_0016_0668370536_294ECM_T0030578NCAM00305_04_500J01_1200.jpg,UNK,"(-0.6742932496914541,0.2698368991323483,0.6873984734396615)","(0.553247,0.54684,-1.90513);(-0.513899,0.692067,0.506917);(-74.4729,-54.433,-0.0573174);(27.0882,-37.1415,79.9529);(-0.513789,0.692637,0.506251);(0.0,0.05117,-0.018889);(0.001504,0.020873,-0.009439);2.0;0.0","(0.553247,0.54684,-1.90513)",NAVCAM_RIGHT,CAHVORE
16,"(0.8129,-0.0120277,0.0123195,0.582148)",NRM_0016_0668370536_294ECM_T0030578NCAM00305_00_6I1J,"NASA's Mars Perseverance rover acquired this image using its onboard Right Navigation Camera (Navcam). The camera is located high on the rover's mast and aids in driving. 

This image was acquired on Mar. 7, 2021 (Sol 16) at the local mean solar time of 15:08:01.",Thumbnail,Sol-00016M15:08:01.391,NASA/JPL-Caltech,2021-03-07T07:33:43.000,https://mars.nasa.gov/rss/api/?feed=raw_images&category=mars2020&feedtype=json&id=NRM_0016_0668370536_294ECM_T0030578NCAM00305_00_6I1J,https://mars.nasa.gov/mars2020/multimedia/raw-images/?id=NRM_0016_0668370536_294ECM_T0030578NCAM00305_00_6I1J,578,Mars Perseverance Sol 16: Right Navigation Camera (Navcam),3,2021-03-07T09:18:43Z,126.184,-29.8976,668370536.995,64,"(39.3213,34.1703,-0.00444177)","(1,1,5120,3840)","(80,60)",https://mars.nasa.gov/mars2020-raw-images/pub/ods/surface/sol/00016/ids/edr/browse/ncam/NRM_0016_0668370536_294ECM_T0030578NCAM00305_00_6I1J01_800.jpg,https://mars.nasa.gov/mars2020-raw-images/pub/ods/surface/sol/00016/ids/edr/browse/ncam/NRM_0016_0668370536_294ECM_T0030578NCAM00305_00_6I1J01_320.jpg,https://mars.nasa.gov/mars2020-raw-images/pub/ods/surface/sol/00016/ids/edr/browse/ncam/NRM_0016_0668370536_294ECM_T0030578NCAM00305_00_6I1J01.png,https://mars.nasa.gov/mars2020-raw-images/pub/ods/surface/sol/00016/ids/edr/browse/ncam/NRM_0016_0668370536_294ECM_T0030578NCAM00305_00_6I1J01_1200.jpg,UNK,"(-0.5173177391175311,0.6888675960469622,0.5077832134984429)","(0.553247,0.54684,-1.90513);(-0.513899,0.692067,0.506917);(-57.5355,0.120146,19.9946);(-1.61594,1.84524,54.9305);(-0.513789,0.692637,0.506251);(0.0,0.05117,-0.018889);(0.001504,0.020873,-0.009439);2.0;0.0","(0.553247,0.54684,-1.90513)",NAVCAM_RIGHT,CAHVORE
16,"(0.8129,-0.0120277,0.0123195,0.582148)",RLF_0016_0668369973_730ECM_T0030578RHAZ02002_01_600J,"NASA's Mars Perseverance rover acquired this image of the area in back of it using its onboard Rear Left Hazard Avoidance Camera. 

This image was acquired on Mar. 7, 2021 (Sol 16) at the local mean solar time of 14:58:53.",Thumbnail,Sol-00016M14:58:53.874,NASA/JPL-Caltech,2021-03-07T07:33:43.000,https://mars.nasa.gov/rss/api/?feed=raw_images&category=mars2020&feedtype=json&id=RLF_0016_0668369973_730ECM_T0030578RHAZ02002_01_600J,https://mars.nasa.gov/mars2020/multimedia/raw-images/?id=RLF_0016_0668369973_730ECM_T0030578RHAZ02002_01_600J,578,Mars Perseverance Sol 16: Rear Left Hazard Avoidance Camera (Hazcam),3,2021-03-07T09:18:43Z,179.284,-44.8684,668369975.341,64,"(39.3213,34.1703,-0.00444177)","(1,1,5120,3840)","(80,60)",https://mars.nasa.gov/mars2020-raw-images/pub/ods/surface/sol/00016/ids/edr/browse/rcam/RLF_0016_0668369973_730ECM_T0030578RHAZ02002_01_600J01_800.jpg,https://mars.nasa.gov/mars2020-raw-images/pub/ods/surface/sol/00016/ids/edr/browse/rcam/RLF_0016_0668369973_730ECM_T0030578RHAZ02002_01_600J01_320.jpg,https://mars.nasa.gov/mars2020-raw-images/pub/ods/surface/sol/00016/ids/edr/browse/rcam/RLF_0016_0668369973_730ECM_T0030578RHAZ02002_01_600J01.png,https://mars.nasa.gov/mars2020-raw-images/pub/ods/surface/sol/00016/ids/edr/browse/rcam/RLF_0016_0668369973_730ECM_T0030578RHAZ02002_01_600J01_1200.jpg,UNK,"(-0.698172180768971,-0.006120712176380815,0.7159037245906413)","(-1.04711,0.466977,-0.730608);(-0.703458,0.00398837,0.710725);(-28.0812,-33.3513,28.1982);(3.03239,0.0407037,44.8594);(-0.700545,0.00407406,0.713597);(1.668e-05,0.0220681,-0.0108751);(0.0032911,0.00694844,0.00616767);2.0;0.0","(-1.04711,0.466977,-0.730608)",REAR_HAZCAM_LEFT,CAHVORE
16,"(0.8129,-0.0120277,0.0123195,0.582148)",NLF_0016_0668370298_745ECM_T0030578NCAM02016_01_600J,"NASA's Mars Perseverance rover acquired this image using its onboard Left Navigation Camera (Navcam). The camera is located high on the rover's mast and aids in driving. 

This image was acquired on Mar. 7, 2021 (Sol 16) at the local mean solar time of 15:04:10.",Thumbnail,Sol-00016M15:04:10.196,NASA/JPL-Caltech,2021-03-07T07:33:42.000,https://mars.nasa.gov/rss/api/?feed=raw_images&category=mars2020&feedtype=json&id=NLF_0016_0668370298_745ECM_T0030578NCAM02016_01_600J,https://mars.nasa.gov/mars2020/multimedia/raw-images/?id=NLF_0016_0668370298_745ECM_T0030578NCAM02016_01_600J,578,Mars Perseverance Sol 16: Left Navigation Camera (Navcam),3,2021-03-07T09:18:43Z,163.07,-28.3263,668370299.349,64,"(39.3213,34.1703,-0.00444177)","(1,1,5120,3840)","(80,60)",https://mars.nasa.gov/mars2020-raw-images/pub/ods/surface/sol/00016/ids/edr/browse/ncam/NLF_0016_0668370298_745ECM_T0030578NCAM02016_01_600J01_800.jpg,https://mars.nasa.gov/mars2020-raw-images/pub/ods/surface/sol/00016/ids/edr/browse/ncam/NLF_0016_0668370298_745ECM_T0030578NCAM02016_01_600J01_320.jpg,https://mars.nasa.gov/mars2020-raw-images/pub/ods/surface/sol/00016/ids/edr/browse/ncam/NLF_0016_0668370298_745ECM_T0030578NCAM02016_01_600J01.png,https://mars.nasa.gov/mars2020-raw-images/pub/ods/surface/sol/00016/ids/edr/browse/ncam/NLF_0016_0668370298_745ECM_T0030578NCAM02016_01_600J01_1200.jpg,UNK,"(-0.840239752005882,0.24446766052537414,0.4839759519917747)","(0.729983,0.804705,-1.90777);(-0.842019,0.243507,0.481377);(-46.6928,-34.6189,19.0715);(-3.83892,0.8633,54.8858);(-0.842361,0.242123,0.481476);(2e-06,0.049535,-0.015973);(-0.003612,0.013016,-0.023961);2.0;0.0","(0.729983,0.804705,-1.90777)",NAVCAM_LEFT,CAHVORE
16,"(0.8129,-0.0120277,0.0123195,0.582148)",NRF_0016_0668370075_696ECM_T0030578NCAM03016_13_500J,"NASA's Mars Perseverance rover acquired this image using its onboard Right Navigation Camera (Navcam). The camera is located high on the rover's mast and aids in driving. 

This image was acquired on Mar. 7, 2021 (Sol 16) at the local mean solar time of 15:00:33.",Thumbnail,Sol-00016M15:00:33.113,NASA/JPL-Caltech,2021-03-07T07:33:42.000,https://mars.nasa.gov/rss/api/?feed=raw_images&category=mars2020&feedtype=json&id=NRF_0016_0668370075_696ECM_T0030578NCAM03016_13_500J,https://mars.nasa.gov/mars2020/multimedia/raw-images/?id=NRF_0016_0668370075_696ECM_T0030578NCAM03016_13_500J,578,Mars Perseverance Sol 16: Right Navigation Camera (Navcam),3,2021-03-07T09:18:43Z,19.0055,-31.7343,668370077.416,32,"(39.3213,34.1703,-0.00444177)","(2545,1905,2576,1936)","(80,60)",https://mars.nasa.gov/mars2020-raw-images/pub/ods/surface/sol/00016/ids/edr/browse/ncam/NRF_0016_0668370075_696ECM_T0030578NCAM03016_13_500J01_800.jpg,https://mars.nasa.gov/mars2020-raw-images/pub/ods/surface/sol/00016/ids/edr/browse/ncam/NRF_0016_0668370075_696ECM_T0030578NCAM03016_13_500J01_320.jpg,https://mars.nasa.gov/mars2020-raw-images/pub/ods/surface/sol/00016/ids/edr/browse/ncam/NRF_0016_0668370075_696ECM_T0030578NCAM03016_13_500J01.png,https://mars.nasa.gov/mars2020-raw-images/pub/ods/surface/sol/00016/ids/edr/browse/ncam/NRF_0016_0668370075_696ECM_T0030578NCAM03016_13_500J01_1200.jpg,UNK,"(0.4356320686083101,0.5565880822619768,0.7074138869742237)","(0.866546,0.803519,-1.90036);(0.797191,0.281115,0.5343);(-30.0951,87.1977,0.0938039);(-45.8286,-15.9037,78.4381);(0.797723,0.28085,0.533646);(0.0,0.05117,-0.018889);(0.001504,0.020873,-0.009439);2.0;0.0","(0.866546,0.803519,-1.90036)",NAVCAM_RIGHT,CAHVORE
16,"(0.8129,-0.0120277,0.0123195,0.582148)",NRF_0016_0668370453_803ECM_T0030578NCAM00305_04_500J,"NASA's Mars Perseverance rover acquired this image using its onboard Right Navigation Camera (Navcam). The camera is located high on the rover's mast and aids in driving. 

This image was acquired on Mar. 7, 2021 (Sol 16) at the local mean solar time of 15:06:41.",Thumbnail,Sol-00016M15:06:41.107,NASA/JPL-Caltech,2021-03-07T07:33:42.000,https://mars.nasa.gov/rss/api/?feed=raw_images&category=mars2020&feedtype=json&id=NRF_0016_0668370453_803ECM_T0030578NCAM00305_04_500J,https://mars.nasa.gov/mars2020/multimedia/raw-images/?id=NRF_0016_0668370453_803ECM_T0030578NCAM00305_04_500J,578,Mars Perseverance Sol 16: Right Navigation Camera (Navcam),3,2021-03-07T09:18:43Z,54.0026,-29.6887,668370455.456,32,"(39.3213,34.1703,-0.00444177)","(2545,1905,2576,1936)","(80,60)",https://mars.nasa.gov/mars2020-raw-images/pub/ods/surface/sol/00016/ids/edr/browse/ncam/NRF_0016_0668370453_803ECM_T0030578NCAM00305_04_500J01_800.jpg,https://mars.nasa.gov/mars2020-raw-images/pub/ods/surface/sol/00016/ids/edr/browse/ncam/NRF_0016_0668370453_803ECM_T0030578NCAM00305_04_500J01_320.jpg,https://mars.nasa.gov/mars2020-raw-images/pub/ods/surface/sol/00016/ids/edr/browse/ncam/NRF_0016_0668370453_803ECM_T0030578NCAM00305_04_500J01.png,https://mars.nasa.gov/mars2020-raw-images/pub/ods/surface/sol/00016/ids/edr/browse/ncam/NRF_0016_0668370453_803ECM_T0030578NCAM00305_04_500J01_1200.jpg,UNK,"(0.05212514159458439,0.7262633148809098,0.6854375004855927)","(0.715877,0.795226,-1.90548);(0.502697,0.702507,0.503781);(-74.6342,54.2116,0.0110816);(-26.8355,-36.965,80.1198);(0.503272,0.702575,0.503113);(0.0,0.05117,-0.018889);(0.001504,0.020873,-0.009439);2.0;0.0","(0.715877,0.795226,-1.90548)",NAVCAM_RIGHT,CAHVORE
16,"(0.8129,-0.0120277,0.0123195,0.582148)",NRM_0016_0668370453_803ECM_T0030578NCAM00305_00_6I1J,"NASA's Mars Perseverance rover acquired this image using its onboard Right Navigation Camera (Navcam). The camera is located high on the rover's mast and aids in driving. 

This image was acquired on Mar. 7, 2021 (Sol 16) at the local mean solar time of 15:06:41.",Thumbnail,Sol-00016M15:06:41.107,NASA/JPL-Caltech,2021-03-07T07:33:42.000,https://mars.nasa.gov/rss/api/?feed=raw_images&category=mars2020&feedtype=json&id=NRM_0016_0668370453_803ECM_T0030578NCAM00305_00_6I1J,https://mars.nasa.gov/mars2020/multimedia/raw-images/?id=NRM_0016_0668370453_803ECM_T0030578NCAM00305_00_6I1J,578,Mars Perseverance Sol 16: Right Navigation Camera (Navcam),3,2021-03-07T09:18:43Z,54.0026,-29.6887,668370455.456,64,"(39.3213,34.1703,-0.00444177)","(1,1,5120,3840)","(80,60)",https://mars.nasa.gov/mars2020-raw-images/pub/ods/surface/sol/00016/ids/edr/browse/ncam/NRM_0016_0668370453_803ECM_T0030578NCAM00305_00_6I1J01_800.jpg,https://mars.nasa.gov/mars2020-raw-images/pub/ods/surface/sol/00016/ids/edr/browse/ncam/NRM_0016_0668370453_803ECM_T0030578NCAM00305_00_6I1J01_320.jpg,https://mars.nasa.gov/mars2020-raw-images/pub/ods/surface/sol/00016/ids/edr/browse/ncam/NRM_0016_0668370453_803ECM_T0030578NCAM00305_00_6I1J01.png,https://mars.nasa.gov/mars2020-raw-images/pub/ods/surface/sol/00016/ids/edr/browse/ncam/NRM_0016_0668370453_803ECM_T0030578NCAM00305_00_6I1J01_1200.jpg,UNK,"(0.49860475179073643,0.7047832912495309,0.5046521711705766)","(0.715877,0.795226,-1.90548);(0.502697,0.702507,0.503781);(-17.4606,54.8548,19.9049);(1.41182,2.24147,54.9214);(0.503272,0.702575,0.503113);(0.0,0.05117,-0.018889);(0.001504,0.020873,-0.009439);2.0;0.0","(0.715877,0.795226,-1.90548)",NAVCAM_RIGHT,CAHVORE
16,"(0.8129,-0.0120277,0.0123195,0.582148)",NLF_0016_0668369874_474ECM_T0030578NCAM00304_10_500J,"NASA's Mars Perseverance rover acquired this image using its onboard Left Navigation Camera (Navcam). The camera is located high on the rover's mast and aids in driving. 

This image was acquired on Mar. 7, 2021 (Sol 16) at the local mean solar time of 14:57:17.",Thumbnail,Sol-00016M14:57:17.273,NASA/JPL-Caltech,2021-03-07T07:33:41.000,https://mars.nasa.gov/rss/api/?feed=raw_images&category=mars2020&feedtype=json&id=NLF_0016_0668369874_474ECM_T0030578NCAM00304_10_500J,https://mars.nasa.gov/mars2020/multimedia/raw-images/?id=NLF_0016_0668369874_474ECM_T0030578NCAM00304_10_500J,578,Mars Perseverance Sol 16: Left Navigation Camera (Navcam),3,2021-03-07T09:18:43Z,336.568,-45.1269,668369874.909,32,"(39.3213,34.1703,-0.00444177)","(2545,1905,2576,1936)","(80,60)",https://mars.nasa.gov/mars2020-raw-images/pub/ods/surface/sol/00016/ids/edr/browse/ncam/NLF_0016_0668369874_474ECM_T0030578NCAM00304_10_500J01_800.jpg,https://mars.nasa.gov/mars2020-raw-images/pub/ods/surface/sol/00016/ids/edr/browse/ncam/NLF_0016_0668369874_474ECM_T0030578NCAM00304_10_500J01_320.jpg,https://mars.nasa.gov/mars2020-raw-images/pub/ods/surface/sol/00016/ids/edr/browse/ncam/NLF_0016_0668369874_474ECM_T0030578NCAM00304_10_500J01.png,https://mars.nasa.gov/mars2020-raw-images/pub/ods/surface/sol/00016/ids/edr/browse/ncam/NLF_0016_0668369874_474ECM_T0030578NCAM00304_10_500J01_1200.jpg,UNK,"(0.5295997129050771,0.1872050162398545,0.8273321134740846)","(0.844119,0.310951,-1.86784);(0.646971,-0.267111,0.71421);(36.3053,85.0368,0.501719);(-60.391,25.3893,65.2175);(0.647439,-0.265763,0.714289);(2e-06,0.049535,-0.015973);(-0.003612,0.013016,-0.023961);2.0;0.0","(0.844119,0.310951,-1.86784)",NAVCAM_LEFT,CAHVORE
16,"(0.8129,-0.0120277,0.0123195,0.582148)",NLF_0016_0668370075_696ECM_T0030578NCAM03016_10_500J,"NASA's Mars Perseverance rover acquired this image using its onboard Left Navigation Camera (Navcam). The camera is located high on the rover's mast and aids in driving. 

This image was acquired on Mar. 7, 2021 (Sol 16) at the local mean solar time of 15:00:33.",Thumbnail,Sol-00016M15:00:33.113,NASA/JPL-Caltech,2021-03-07T07:33:41.000,https://mars.nasa.gov/rss/api/?feed=raw_images&category=mars2020&feedtype=json&id=NLF_0016_0668370075_696ECM_T0030578NCAM03016_10_500J,https://mars.nasa.gov/mars2020/multimedia/raw-images/?id=NLF_0016_0668370075_696ECM_T0030578NCAM03016_10_500J,578,Mars Perseverance Sol 16: Left Navigation Camera (Navcam),3,2021-03-07T09:18:43Z,18.6128,-31.9366,668370077.375,32,"(39.3213,34.1703,-0.00444177)","(1,1905,2576,1936)","(80,60)",https://mars.nasa.gov/mars2020-raw-images/pub/ods/surface/sol/00016/ids/edr/browse/ncam/NLF_0016_0668370075_696ECM_T0030578NCAM03016_10_500J01_800.jpg,https://mars.nasa.gov/mars2020-raw-images/pub/ods/surface/sol/00016/ids/edr/browse/ncam/NLF_0016_0668370075_696ECM_T0030578NCAM03016_10_500J01_320.jpg,https://mars.nasa.gov/mars2020-raw-images/pub/ods/surface/sol/00016/ids/edr/browse/ncam/NLF_0016_0668370075_696ECM_T0030578NCAM03016_10_500J01.png,https://mars.nasa.gov/mars2020-raw-images/pub/ods/surface/sol/00016/ids/edr/browse/ncam/NLF_0016_0668370075_696ECM_T0030578NCAM03016_10_500J01_1200.jpg,UNK,"(0.6851240438639413,-0.16424637765999642,0.7096676489351125)","(1.00778,0.403328,-1.89915);(0.796308,0.28108,0.535633);(33.6375,109.92,42.8496);(-46.2381,-15.9126,78.4464);(0.795776,0.282402,0.535729);(2e-06,0.049535,-0.015973);(-0.003612,0.013016,-0.023961);2.0;0.0","(1.00778,0.403328,-1.89915)",NAVCAM_LEFT,CAHVORE
16,"(0.8129,-0.0120277,0.0123195,0.582148)",NRF_0016_0668370239_553ECM_T0030578NCAM03016_01_600J,"NASA's Mars Perseverance rover acquired this image using its onboard Right Navigation Camera (Navcam). The camera is located high on the rover's mast and aids in driving. 

This image was acquired on Mar. 7, 2021 (Sol 16) at the local mean solar time of 15:03:12.",Thumbnail,Sol-00016M15:03:12.588,NASA/JPL-Caltech,2021-03-07T07:33:41.000,https://mars.nasa.gov/rss/api/?feed=raw_images&category=mars2020&feedtype=json&id=NRF_0016_0668370239_553ECM_T0030578NCAM03016_01_600J,https://mars.nasa.gov/mars2020/multimedia/raw-images/?id=NRF_0016_0668370239_553ECM_T0030578NCAM03016_01_600J,578,Mars Perseverance Sol 16: Right Navigation Camera (Navcam),3,2021-03-07T09:18:43Z,92.1035,-30.2543,668370240.239,64,"(39.3213,34.1703,-0.00444177)","(1,1,5120,3840)","(80,60)",https://mars.nasa.gov/mars2020-raw-images/pub/ods/surface/sol/00016/ids/edr/browse/ncam/NRF_0016_0668370239_553ECM_T0030578NCAM03016_01_600J01_800.jpg,https://mars.nasa.gov/mars2020-raw-images/pub/ods/surface/sol/00016/ids/edr/browse/ncam/NRF_0016_0668370239_553ECM_T0030578NCAM03016_01_600J01_320.jpg,https://mars.nasa.gov/mars2020-raw-images/pub/ods/surface/sol/00016/ids/edr/browse/ncam/NRF_0016_0668370239_553ECM_T0030578NCAM03016_01_600J01.png,https://mars.nasa.gov/mars2020-raw-images/pub/ods/surface/sol/00016/ids/edr/browse/ncam/NRF_0016_0668370239_553ECM_T0030578NCAM03016_01_600J01_1200.jpg,UNK,"(-0.042342311685713355,0.8572597179266324,0.5131402387861047)","(0.589412,0.689951,-1.90424);(-0.037717,0.858001,0.512277);(-47.5818,32.2113,20.2122);(-0.285133,2.09212,54.9447);(-0.0373069,0.858415,0.511613);(0.0,0.05117,-0.018889);(0.001504,0.020873,-0.009439);2.0;0.0","(0.589412,0.689951,-1.90424)",NAVCAM_RIGHT,CAHVORE
16,"(0.8129,-0.0120277,0.0123195,0.582148)",NRM_0016_0668370075_696ECM_T0030578NCAM03016_00_6I1J,"NASA's Mars Perseverance rover acquired this image using its onboard Right Navigation Camera (Navcam). The camera is located high on the rover's mast and aids in driving. 

This image was acquired on Mar. 7, 2021 (Sol 16) at the local mean solar time of 15:00:33.",Thumbnail,Sol-00016M15:00:33.113,NASA/JPL-Caltech,2021-03-07T07:33:41.000,https://mars.nasa.gov/rss/api/?feed=raw_images&category=mars2020&feedtype=json&id=NRM_0016_0668370075_696ECM_T0030578NCAM03016_00_6I1J,https://mars.nasa.gov/mars2020/multimedia/raw-images/?id=NRM_0016_0668370075_696ECM_T0030578NCAM03016_00_6I1J,578,Mars Perseverance Sol 16: Right Navigation Camera (Navcam),3,2021-03-07T09:18:43Z,19.0055,-31.7343,668370077.416,64,"(39.3213,34.1703,-0.00444177)","(1,1,5120,3840)","(80,60)",https://mars.nasa.gov/mars2020-raw-images/pub/ods/surface/sol/00016/ids/edr/browse/ncam/NRM_0016_0668370075_696ECM_T0030578NCAM03016_00_6I1J01_800.jpg,https://mars.nasa.gov/mars2020-raw-images/pub/ods/surface/sol/00016/ids/edr/browse/ncam/NRM_0016_0668370075_696ECM_T0030578NCAM03016_00_6I1J01_320.jpg,https://mars.nasa.gov/mars2020-raw-images/pub/ods/surface/sol/00016/ids/edr/browse/ncam/NRM_0016_0668370075_696ECM_T0030578NCAM03016_00_6I1J01.png,https://mars.nasa.gov/mars2020-raw-images/pub/ods/surface/sol/00016/ids/edr/browse/ncam/NRM_0016_0668370075_696ECM_T0030578NCAM03016_00_6I1J01_1200.jpg,UNK,"(0.7951129488881826,0.28531535984840395,0.5351546916031982)","(0.866546,0.803519,-1.90036);(0.797191,0.281115,0.5343);(16.4415,54.7029,21.1517);(0.602815,0.341031,54.9809);(0.797723,0.28085,0.533646);(0.0,0.05117,-0.018889);(0.001504,0.020873,-0.009439);2.0;0.0","(0.866546,0.803519,-1.90036)",NAVCAM_RIGHT,CAHVORE
16,"(0.8129,-0.0120277,0.0123195,0.582148)",FRF_0016_0668369736_116ECM_N0030578FHAZ02003_04_195J,"NASA's Mars Perseverance rover acquired this image of the area in front of it using its onboard Front Right Hazard Avoidance Camera A. 

This image was acquired on Mar. 7, 2021 (Sol 16) at the local mean solar time of 14:55:02.",Full,Sol-00016M14:55:02.615,NASA/JPL-Caltech,2021-03-07T07:33:40.000,https://mars.nasa.gov/rss/api/?feed=raw_images&category=mars2020&feedtype=json&id=FRF_0016_0668369736_116ECM_N0030578FHAZ02003_04_195J,https://mars.nasa.gov/mars2020/multimedia/raw-images/?id=FRF_0016_0668369736_116ECM_N0030578FHAZ02003_04_195J,578,Mars Perseverance Sol 16: Front Right Hazard Avoidance Camera (Hazcam),3,2021-03-07T09:18:43Z,315.813,13.856,668369737.472,2,"(39.3213,34.1703,-0.00444177)","(2545,1457,2576,1952)","(1288,976)",https://mars.nasa.gov/mars2020-raw-images/pub/ods/surface/sol/00016/ids/edr/browse/fcam/FRF_0016_0668369736_116ECM_N0030578FHAZ02003_04_195J01_800.jpg,https://mars.nasa.gov/mars2020-raw-images/pub/ods/surface/sol/00016/ids/edr/browse/fcam/FRF_0016_0668369736_116ECM_N0030578FHAZ02003_04_195J01_320.jpg,https://mars.nasa.gov/mars2020-raw-images/pub/ods/surface/sol/00016/ids/edr/browse/fcam/FRF_0016_0668369736_116ECM_N0030578FHAZ02003_04_195J01.png,https://mars.nasa.gov/mars2020-raw-images/pub/ods/surface/sol/00016/ids/edr/browse/fcam/FRF_0016_0668369736_116ECM_N0030578FHAZ02003_04_195J01_1200.jpg,UNK,"(0.5826380180440017,0.6370793473576138,0.5046413034028766)","(1.08961,0.239014,-0.73578);(0.88539,0.173117,0.43141);(-157.566,1059.32,-78.5154);(-262.434,42.0348,1065.96);(0.884739,0.174294,0.432271);(3e-06,0.007003,-0.00533);(0.014078,0.007511,-0.004607);2.0;0.0","(1.08961,0.239014,-0.73578)",FRONT_HAZCAM_RIGHT_A,CAHVORE
16,"(0.8129,-0.0120277,0.0123195,0.582148)",NLM_0016_0668370075_696ECM_T0030578NCAM03016_00_6I1J,"NASA's Mars Perseverance rover acquired this image using its onboard Left Navigation Camera (Navcam). The camera is located high on the rover's mast and aids in driving. 

This image was acquired on Mar. 7, 2021 (Sol 16) at the local mean solar time of 15:00:33.",Thumbnail,Sol-00016M15:00:33.113,NASA/JPL-Caltech,2021-03-07T07:33:40.000,https://mars.nasa.gov/rss/api/?feed=raw_images&category=mars2020&feedtype=json&id=NLM_0016_0668370075_696ECM_T0030578NCAM03016_00_6I1J,https://mars.nasa.gov/mars2020/multimedia/raw-images/?id=NLM_0016_0668370075_696ECM_T0030578NCAM03016_00_6I1J,578,Mars Perseverance Sol 16: Left Navigation Camera (Navcam),3,2021-03-07T09:18:43Z,18.6128,-31.9366,668370077.375,64,"(39.3213,34.1703,-0.00444177)","(1,1,5120,3840)","(80,60)",https://mars.nasa.gov/mars2020-raw-images/pub/ods/surface/sol/00016/ids/edr/browse/ncam/NLM_0016_0668370075_696ECM_T0030578NCAM03016_00_6I1J01_800.jpg,https://mars.nasa.gov/mars2020-raw-images/pub/ods/surface/sol/00016/ids/edr/browse/ncam/NLM_0016_0668370075_696ECM_T0030578NCAM03016_00_6I1J01_320.jpg,https://mars.nasa.gov/mars2020-raw-images/pub/ods/surface/sol/00016/ids/edr/browse/ncam/NLM_0016_0668370075_696ECM_T0030578NCAM03016_00_6I1J01.png,https://mars.nasa.gov/mars2020-raw-images/pub/ods/surface/sol/00016/ids/edr/browse/ncam/NLM_0016_0668370075_696ECM_T0030578NCAM03016_00_6I1J01_1200.jpg,UNK,"(0.7952707891064843,0.27920602568079683,0.5381341535504731)","(1.00778,0.403328,-1.89915);(0.796308,0.28108,0.535633);(16.6197,54.8898,21.2909);(0.372028,0.335566,55.0244);(0.795776,0.282402,0.535729);(2e-06,0.049535,-0.015973);(-0.003612,0.013016,-0.023961);2.0;0.0","(1.00778,0.403328,-1.89915)",NAVCAM_LEFT,CAHVORE
16,"(0.8129,-0.0120277,0.0123195,0.582148)",NLM_0016_0668370239_553ECM_T0030578NCAM03016_00_6I1J,"NASA's Mars Perseverance rover acquired this image using its onboard Left Navigation Camera (Navcam). The camera is located high on the rover's mast and aids in driving. 

This image was acquired on Mar. 7, 2021 (Sol 16) at the local mean solar time of 15:03:12.",Thumbnail,Sol-00016M15:03:12.588,NASA/JPL-Caltech,2021-03-07T07:33:40.000,https://mars.nasa.gov/rss/api/?feed=raw_images&category=mars2020&feedtype=json&id=NLM_0016_0668370239_553ECM_T0030578NCAM03016_00_6I1J,https://mars.nasa.gov/mars2020/multimedia/raw-images/?id=NLM_0016_0668370239_553ECM_T0030578NCAM03016_00_6I1J,578,Mars Perseverance Sol 16: Left Navigation Camera (Navcam),3,2021-03-07T09:18:43Z,91.7173,-30.4572,668370241.242,64,"(39.3213,34.1703,-0.00444177)","(1,1,5120,3840)","(80,60)",https://mars.nasa.gov/mars2020-raw-images/pub/ods/surface/sol/00016/ids/edr/browse/ncam/NLM_0016_0668370239_553ECM_T0030578NCAM03016_00_6I1J01_800.jpg,https://mars.nasa.gov/mars2020-raw-images/pub/ods/surface/sol/00016/ids/edr/browse/ncam/NLM_0016_0668370239_553ECM_T0030578NCAM03016_00_6I1J01_320.jpg,https://mars.nasa.gov/mars2020-raw-images/pub/ods/surface/sol/00016/ids/edr/browse/ncam/NLM_0016_0668370239_553ECM_T0030578NCAM03016_00_6I1J01.png,https://mars.nasa.gov/mars2020-raw-images/pub/ods/surface/sol/00016/ids/edr/browse/ncam/NLM_0016_0668370239_553ECM_T0030578NCAM03016_00_6I1J01_1200.jpg,UNK,"(-0.036460975977684745,0.8557070696784541,0.5161743970142921)","(1.01339,0.708393,-1.90247);(-0.0379438,0.85718,0.513631);(-47.7089,32.4397,20.3452);(-0.347317,1.87096,54.9938);(-0.0393643,0.857059,0.513727);(2e-06,0.049535,-0.015973);(-0.003612,0.013016,-0.023961);2.0;0.0","(1.01339,0.708393,-1.90247)",NAVCAM_LEFT,CAHVORE
16,"(0.8129,-0.0120277,0.0123195,0.582148)",NRM_0016_0668370027_636ECM_T0030578NCAM03016_00_6I1J,"NASA's Mars Perseverance rover acquired this image using its onboard Right Navigation Camera (Navcam). The camera is located high on the rover's mast and aids in driving. 

This image was acquired on Mar. 7, 2021 (Sol 16) at the local mean solar time of 14:59:46.",Thumbnail,Sol-00016M14:59:46.338,NASA/JPL-Caltech,2021-03-07T07:33:40.000,https://mars.nasa.gov/rss/api/?feed=raw_images&category=mars2020&feedtype=json&id=NRM_0016_0668370027_636ECM_T0030578NCAM03016_00_6I1J,https://mars.nasa.gov/mars2020/multimedia/raw-images/?id=NRM_0016_0668370027_636ECM_T0030578NCAM03016_00_6I1J,578,Mars Perseverance Sol 16: Right Navigation Camera (Navcam),3,2021-03-07T09:18:43Z,306.143,-30.9988,668370028.269,64,"(39.3213,34.1703,-0.00444177)","(1,1,5120,3840)","(80,60)",https://mars.nasa.gov/mars2020-raw-images/pub/ods/surface/sol/00016/ids/edr/browse/ncam/NRM_0016_0668370027_636ECM_T0030578NCAM03016_00_6I1J01_800.jpg,https://mars.nasa.gov/mars2020-raw-images/pub/ods/surface/sol/00016/ids/edr/browse/ncam/NRM_0016_0668370027_636ECM_T0030578NCAM03016_00_6I1J01_320.jpg,https://mars.nasa.gov/mars2020-raw-images/pub/ods/surface/sol/00016/ids/edr/browse/ncam/NRM_0016_0668370027_636ECM_T0030578NCAM03016_00_6I1J01.png,https://mars.nasa.gov/mars2020-raw-images/pub/ods/surface/sol/00016/ids/edr/browse/ncam/NRM_0016_0668370027_636ECM_T0030578NCAM03016_00_6I1J01_1200.jpg,UNK,"(0.5109391338766599,-0.6812331679614028,0.5242733755805647)","(1.05646,0.572496,-1.90189);(0.507535,-0.684449,0.523405);(57.2582,0.216047,20.7746);(0.869923,-1.08231,54.9677);(0.507435,-0.685028,0.522746);(0.0,0.05117,-0.018889);(0.001504,0.020873,-0.009439);2.0;0.0","(1.05646,0.572496,-1.90189)",NAVCAM_RIGHT,CAHVORE
16,"(0.8129,-0.0120277,0.0123195,0.582148)",FLF_0016_0668369736_116ECM_N0030578FHAZ02003_01_195J,"NASA's Mars Perseverance rover acquired this image of the area in front of it using its onboard Front Left Hazard Avoidance Camera A. 

This image was acquired on Mar. 7, 2021 (Sol 16) at the local mean solar time of 14:55:02.",Full,Sol-00016M14:55:02.615,NASA/JPL-Caltech,2021-03-07T07:33:39.000,https://mars.nasa.gov/rss/api/?feed=raw_images&category=mars2020&feedtype=json&id=FLF_0016_0668369736_116ECM_N0030578FHAZ02003_01_195J,https://mars.nasa.gov/mars2020/multimedia/raw-images/?id=FLF_0016_0668369736_116ECM_N0030578FHAZ02003_01_195J,578,Mars Perseverance Sol 16: Front Left Hazard Avoidance Camera (Hazcam),3,2021-03-07T09:18:43Z,299.598,20.2622,668369737.411,2,"(39.3213,34.1703,-0.00444177)","(1,1457,2576,1952)","(1288,976)",https://mars.nasa.gov/mars2020-raw-images/pub/ods/surface/sol/00016/ids/edr/browse/fcam/FLF_0016_0668369736_116ECM_N0030578FHAZ02003_01_195J01_800.jpg,https://mars.nasa.gov/mars2020-raw-images/pub/ods/surface/sol/00016/ids/edr/browse/fcam/FLF_0016_0668369736_116ECM_N0030578FHAZ02003_01_195J01_320.jpg,https://mars.nasa.gov/mars2020-raw-images/pub/ods/surface/sol/00016/ids/edr/browse/fcam/FLF_0016_0668369736_116ECM_N0030578FHAZ02003_01_195J01.png,https://mars.nasa.gov/mars2020-raw-images/pub/ods/surface/sol/00016/ids/edr/browse/fcam/FLF_0016_0668369736_116ECM_N0030578FHAZ02003_01_195J01_1200.jpg,UNK,"(0.5769275772087956,-0.6382909745758972,0.5096461541412243)","(1.10353,-0.008945,-0.729124);(0.884935,-0.17181,0.432865);(1303.02,837.762,636.664);(-270.544,-38.3293,1063.36);(0.885293,-0.171227,0.432363);(1e-06,0.00889,-0.006754);(-0.006127,0.010389,0.004541);2.0;0.0","(1.10353,-0.008945,-0.729124)",FRONT_HAZCAM_LEFT_A,CAHVORE
16,"(0.8129,-0.0120277,0.0123195,0.582148)",FRF_0016_0668369736_116ECM_T0030578FHAZ02003_01_500J,"NASA's Mars Perseverance rover acquired this image of the area in front of it using its onboard Front Right Hazard Avoidance Camera A. 

This image was acquired on Mar. 7, 2021 (Sol 16) at the local mean solar time of 14:55:02.",Thumbnail,Sol-00016M14:55:02.615,NASA/JPL-Caltech,2021-03-07T07:33:39.000,https://mars.nasa.gov/rss/api/?feed=raw_images&category=mars2020&feedtype=json&id=FRF_0016_0668369736_116ECM_T0030578FHAZ02003_01_500J,https://mars.nasa.gov/mars2020/multimedia/raw-images/?id=FRF_0016_0668369736_116ECM_T0030578FHAZ02003_01_500J,578,Mars Perseverance Sol 16: Front Right Hazard Avoidance Camera (Hazcam),3,2021-03-07T09:18:43Z,315.813,13.856,668369737.472,32,"(39.3213,34.1703,-0.00444177)","(1,1457,2576,1952)","(80,61)",https://mars.nasa.gov/mars2020-raw-images/pub/ods/surface/sol/00016/ids/edr/browse/fcam/FRF_0016_0668369736_116ECM_T0030578FHAZ02003_01_500J01_800.jpg,https://mars.nasa.gov/mars2020-raw-images/pub/ods/surface/sol/00016/ids/edr/browse/fcam/FRF_0016_0668369736_116ECM_T0030578FHAZ02003_01_500J01_320.jpg,https://mars.nasa.gov/mars2020-raw-images/pub/ods/surface/sol/00016/ids/edr/browse/fcam/FRF_0016_0668369736_116ECM_T0030578FHAZ02003_01_500J01.png,https://mars.nasa.gov/mars2020-raw-images/pub/ods/surface/sol/00016/ids/edr/browse/fcam/FRF_0016_0668369736_116ECM_T0030578FHAZ02003_01_500J01_1200.jpg,UNK,"(0.734276683258262,-0.34169647221052785,0.5865844127677838)","(1.08961,0.239014,-0.73578);(0.88539,0.173117,0.43141);(60.1256,79.8891,29.1877);(-16.8171,2.54603,66.4204);(0.884739,0.174294,0.432271);(3e-06,0.007003,-0.00533);(0.014078,0.007511,-0.004607);2.0;0.0","(1.08961,0.239014,-0.73578)",FRONT_HAZCAM_RIGHT_A,CAHVORE
16,"(0.8129,-0.0120277,0.0123195,0.582148)",RRF_0016_0668369973_730ECM_T0030578RHAZ02002_01_600J,"NASA's Mars Perseverance rover acquired this image of the area in back of it using its onboard Rear Right Hazard Avoidance Camera. 

This image was acquired on Mar. 7, 2021 (Sol 16) at the local mean solar time of 14:58:53.",Thumbnail,Sol-00016M14:58:53.874,NASA/JPL-Caltech,2021-03-07T07:33:38.000,https://mars.nasa.gov/rss/api/?feed=raw_images&category=mars2020&feedtype=json&id=RRF_0016_0668369973_730ECM_T0030578RHAZ02002_01_600J,https://mars.nasa.gov/mars2020/multimedia/raw-images/?id=RRF_0016_0668369973_730ECM_T0030578RHAZ02002_01_600J,578,Mars Perseverance Sol 16: Rear Right Hazard Avoidance Camera (Hazcam),3,2021-03-07T09:18:43Z,180.213,-45.2782,668369975.029,64,"(39.3213,34.1703,-0.00444177)","(1,1,5120,3840)","(80,60)",https://mars.nasa.gov/mars2020-raw-images/pub/ods/surface/sol/00016/ids/edr/browse/rcam/RRF_0016_0668369973_730ECM_T0030578RHAZ02002_01_600J01_800.jpg,https://mars.nasa.gov/mars2020-raw-images/pub/ods/surface/sol/00016/ids/edr/browse/rcam/RRF_0016_0668369973_730ECM_T0030578RHAZ02002_01_600J01_320.jpg,https://mars.nasa.gov/mars2020-raw-images/pub/ods/surface/sol/00016/ids/edr/browse/rcam/RRF_0016_0668369973_730ECM_T0030578RHAZ02002_01_600J01.png,https://mars.nasa.gov/mars2020-raw-images/pub/ods/surface/sol/00016/ids/edr/browse/rcam/RRF_0016_0668369973_730ECM_T0030578RHAZ02002_01_600J01_1200.jpg,UNK,"(-0.6929883374850676,-0.01757977533946847,0.720734427933546)","(-1.05782,-0.466472,-0.724517);(-0.702572,0.0113481,0.711523);(-27.732,-33.0054,28.0014);(3.21533,0.180847,44.6991);(-0.701049,0.00940617,0.713051);(8.39e-06,0.0168764,-0.00743155);(-0.00878744,-0.00869157,-0.00676256);2.0;0.0","(-1.05782,-0.466472,-0.724517)",REAR_HAZCAM_RIGHT,CAHVORE
16,"(0.8129,-0.0120277,0.0123195,0.582148)",FLF_0016_0668369736_116ECM_T0030578FHAZ02003_04_500J,"NASA's Mars Perseverance rover acquired this image of the area in front of it using its onboard Front Left Hazard Avoidance Camera A. 

This image was acquired on Mar. 7, 2021 (Sol 16) at the local mean solar time of 14:55:02.",Thumbnail,Sol-00016M14:55:02.615,NASA/JPL-Caltech,2021-03-07T07:33:37.000,https://mars.nasa.gov/rss/api/?feed=raw_images&category=mars2020&feedtype=json&id=FLF_0016_0668369736_116ECM_T0030578FHAZ02003_04_500J,https://mars.nasa.gov/mars2020/multimedia/raw-images/?id=FLF_0016_0668369736_116ECM_T0030578FHAZ02003_04_500J,578,Mars Perseverance Sol 16: Front Left Hazard Avoidance Camera (Hazcam),3,2021-03-07T09:18:43Z,299.598,20.2622,668369737.411,32,"(39.3213,34.1703,-0.00444177)","(2545,1457,2576,1952)","(80,61)",https://mars.nasa.gov/mars2020-raw-images/pub/ods/surface/sol/00016/ids/edr/browse/fcam/FLF_0016_0668369736_116ECM_T0030578FHAZ02003_04_500J01_800.jpg,https://mars.nasa.gov/mars2020-raw-images/pub/ods/surface/sol/00016/ids/edr/browse/fcam/FLF_0016_0668369736_116ECM_T0030578FHAZ02003_04_500J01_320.jpg,https://mars.nasa.gov/mars2020-raw-images/pub/ods/surface/sol/00016/ids/edr/browse/fcam/FLF_0016_0668369736_116ECM_T0030578FHAZ02003_04_500J01.png,https://mars.nasa.gov/mars2020-raw-images/pub/ods/surface/sol/00016/ids/edr/browse/fcam/FLF_0016_0668369736_116ECM_T0030578FHAZ02003_04_500J01_1200.jpg,UNK,"(0.728889815584934,0.34793649049628833,0.5896268610890171)","(1.10353,-0.008945,-0.729124);(0.884935,-0.17181,0.432865);(10.6719,66.0996,5.17584);(-17.3238,-2.31505,66.2571);(0.885293,-0.171227,0.432363);(1e-06,0.00889,-0.006754);(-0.006127,0.010389,0.004541);2.0;0.0","(1.10353,-0.008945,-0.729124)",FRONT_HAZCAM_LEFT_A,CAHVORE
16,"(0.8129,-0.0120277,0.0123195,0.582148)",NLM_0016_0668369874_474ECM_T0030578NCAM00304_00_6I1J,"NASA's Mars Perseverance rover acquired this image using its onboard Left Navigation Camera (Navcam). The camera is located high on the rover's mast and aids in driving. 

This image was acquired on Mar. 7, 2021 (Sol 16) at the local mean solar time of 14:57:17.",Thumbnail,Sol-00016M14:57:17.273,NASA/JPL-Caltech,2021-03-07T07:33:37.000,https://mars.nasa.gov/rss/api/?feed=raw_images&category=mars2020&feedtype=json&id=NLM_0016_0668369874_474ECM_T0030578NCAM00304_00_6I1J,https://mars.nasa.gov/mars2020/multimedia/raw-images/?id=NLM_0016_0668369874_474ECM_T0030578NCAM00304_00_6I1J,578,Mars Perseverance Sol 16: Left Navigation Camera (Navcam),3,2021-03-07T09:18:43Z,336.568,-45.1269,668369874.909,64,"(39.3213,34.1703,-0.00444177)","(1,1,5120,3840)","(80,60)",https://mars.nasa.gov/mars2020-raw-images/pub/ods/surface/sol/00016/ids/edr/browse/ncam/NLM_0016_0668369874_474ECM_T0030578NCAM00304_00_6I1J01_800.jpg,https://mars.nasa.gov/mars2020-raw-images/pub/ods/surface/sol/00016/ids/edr/browse/ncam/NLM_0016_0668369874_474ECM_T0030578NCAM00304_00_6I1J01_320.jpg,https://mars.nasa.gov/mars2020-raw-images/pub/ods/surface/sol/00016/ids/edr/browse/ncam/NLM_0016_0668369874_474ECM_T0030578NCAM00304_00_6I1J01.png,https://mars.nasa.gov/mars2020-raw-images/pub/ods/surface/sol/00016/ids/edr/browse/ncam/NLM_0016_0668369874_474ECM_T0030578NCAM00304_00_6I1J01_1200.jpg,UNK,"(0.6444594222841473,-0.26761036518214537,0.7162797955242503)","(0.844119,0.310951,-1.86784);(0.646971,-0.267111,0.71421);(43.708,31.9675,28.4622);(-11.1099,4.81489,53.678);(0.647439,-0.265763,0.714289);(2e-06,0.049535,-0.015973);(-0.003612,0.013016,-0.023961);2.0;0.0","(0.844119,0.310951,-1.86784)",NAVCAM_LEFT,CAHVORE
16,"(0.8129,-0.0120277,0.0123195,0.582148)",FRF_0016_0668369736_116ECM_T0030578FHAZ02003_07_600J,"NASA's Mars Perseverance rover acquired this image of the area in front of it using its onboard Front Right Hazard Avoidance Camera A. 

This image was acquired on Mar. 7, 2021 (Sol 16) at the local mean solar time of 14:55:02.",Thumbnail,Sol-00016M14:55:02.615,NASA/JPL-Caltech,2021-03-07T07:33:36.000,https://mars.nasa.gov/rss/api/?feed=raw_images&category=mars2020&feedtype=json&id=FRF_0016_0668369736_116ECM_T0030578FHAZ02003_07_600J,https://mars.nasa.gov/mars2020/multimedia/raw-images/?id=FRF_0016_0668369736_116ECM_T0030578FHAZ02003_07_600J,578,Mars Perseverance Sol 16: Front Right Hazard Avoidance Camera (Hazcam),3,2021-03-07T09:18:43Z,315.813,13.856,668369737.472,64,"(39.3213,34.1703,-0.00444177)","(1,1,5120,3840)","(80,60)",https://mars.nasa.gov/mars2020-raw-images/pub/ods/surface/sol/00016/ids/edr/browse/fcam/FRF_0016_0668369736_116ECM_T0030578FHAZ02003_07_600J01_800.jpg,https://mars.nasa.gov/mars2020-raw-images/pub/ods/surface/sol/00016/ids/edr/browse/fcam/FRF_0016_0668369736_116ECM_T0030578FHAZ02003_07_600J01_320.jpg,https://mars.nasa.gov/mars2020-raw-images/pub/ods/surface/sol/00016/ids/edr/browse/fcam/FRF_0016_0668369736_116ECM_T0030578FHAZ02003_07_600J01.png,https://mars.nasa.gov/mars2020-raw-images/pub/ods/surface/sol/00016/ids/edr/browse/fcam/FRF_0016_0668369736_116ECM_T0030578FHAZ02003_07_600J01_1200.jpg,UNK,"(0.878119219282655,0.1854842545102372,0.4410240674330619)","(1.08961,0.239014,-0.73578);(0.88539,0.173117,0.43141);(29.8414,39.9012,14.486);(11.5127,5.16815,42.9169);(0.884739,0.174294,0.432271);(3e-06,0.007003,-0.00533);(0.014078,0.007511,-0.004607);2.0;0.0","(1.08961,0.239014,-0.73578)",FRONT_HAZCAM_RIGHT_A,CAHVORE
16,"(0.8129,-0.0120277,0.0123195,0.582148)",NLF_0016_0668370027_636ECM_T0030578NCAM03016_01_600J,"NASA's Mars Perseverance rover acquired this image using its onboard Left Navigation Camera (Navcam). The camera is located high on the rover's mast and aids in driving. 

This image was acquired on Mar. 7, 2021 (Sol 16) at the local mean solar time of 14:59:46.",Thumbnail,Sol-00016M14:59:46.338,NASA/JPL-Caltech,2021-03-07T07:33:36.000,https://mars.nasa.gov/rss/api/?feed=raw_images&category=mars2020&feedtype=json&id=NLF_0016_0668370027_636ECM_T0030578NCAM03016_01_600J,https://mars.nasa.gov/mars2020/multimedia/raw-images/?id=NLF_0016_0668370027_636ECM_T0030578NCAM03016_01_600J,578,Mars Perseverance Sol 16: Left Navigation Camera (Navcam),3,2021-03-07T09:18:43Z,305.753,-31.2007,668370027.998,64,"(39.3213,34.1703,-0.00444177)","(1,1,5120,3840)","(80,60)",https://mars.nasa.gov/mars2020-raw-images/pub/ods/surface/sol/00016/ids/edr/browse/ncam/NLF_0016_0668370027_636ECM_T0030578NCAM03016_01_600J01_800.jpg,https://mars.nasa.gov/mars2020-raw-images/pub/ods/surface/sol/00016/ids/edr/browse/ncam/NLF_0016_0668370027_636ECM_T0030578NCAM03016_01_600J01_320.jpg,https://mars.nasa.gov/mars2020-raw-images/pub/ods/surface/sol/00016/ids/edr/browse/ncam/NLF_0016_0668370027_636ECM_T0030578NCAM03016_01_600J01.png,https://mars.nasa.gov/mars2020-raw-images/pub/ods/surface/sol/00016/ids/edr/browse/ncam/NLF_0016_0668370027_636ECM_T0030578NCAM03016_01_600J01_1200.jpg,UNK,"(0.5051714664329303,-0.6832188876005052,0.5272700836648435)","(0.715839,0.319356,-1.9012);(0.50725,-0.683631,0.52475);(57.4902,0.0995114,20.9109);(0.796841,-0.863931,55.0141);(0.508356,-0.682732,0.524848);(2e-06,0.049535,-0.015973);(-0.003612,0.013016,-0.023961);2.0;0.0","(0.715839,0.319356,-1.9012)",NAVCAM_LEFT,CAHVORE
16,"(0.8129,-0.0120277,0.0123195,0.582148)",NLF_0016_0668370075_696ECM_T0030578NCAM03016_13_500J,"NASA's Mars Perseverance rover acquired this image using its onboard Left Navigation Camera (Navcam). The camera is located high on the rover's mast and aids in driving. 

This image was acquired on Mar. 7, 2021 (Sol 16) at the local mean solar time of 15:00:33.",Thumbnail,Sol-00016M15:00:33.113,NASA/JPL-Caltech,2021-03-07T07:33:36.000,https://mars.nasa.gov/rss/api/?feed=raw_images&category=mars2020&feedtype=json&id=NLF_0016_0668370075_696ECM_T0030578NCAM03016_13_500J,https://mars.nasa.gov/mars2020/multimedia/raw-images/?id=NLF_0016_0668370075_696ECM_T0030578NCAM03016_13_500J,578,Mars Perseverance Sol 16: Left Navigation Camera (Navcam),3,2021-03-07T09:18:43Z,18.6128,-31.9366,668370077.375,32,"(39.3213,34.1703,-0.00444177)","(2545,1905,2576,1936)","(80,60)",https://mars.nasa.gov/mars2020-raw-images/pub/ods/surface/sol/00016/ids/edr/browse/ncam/NLF_0016_0668370075_696ECM_T0030578NCAM03016_13_500J01_800.jpg,https://mars.nasa.gov/mars2020-raw-images/pub/ods/surface/sol/00016/ids/edr/browse/ncam/NLF_0016_0668370075_696ECM_T0030578NCAM03016_13_500J01_320.jpg,https://mars.nasa.gov/mars2020-raw-images/pub/ods/surface/sol/00016/ids/edr/browse/ncam/NLF_0016_0668370075_696ECM_T0030578NCAM03016_13_500J01.png,https://mars.nasa.gov/mars2020-raw-images/pub/ods/surface/sol/00016/ids/edr/browse/ncam/NLF_0016_0668370075_696ECM_T0030578NCAM03016_13_500J01_1200.jpg,UNK,"(0.4369686543566877,0.5519500905864191,0.7102179191004332)","(1.00778,0.403328,-1.89915);(0.796308,0.28108,0.535633);(-29.669,87.5743,0.266759);(-46.2381,-15.9126,78.4464);(0.795776,0.282402,0.535729);(2e-06,0.049535,-0.015973);(-0.003612,0.013016,-0.023961);2.0;0.0","(1.00778,0.403328,-1.89915)",NAVCAM_LEFT,CAHVORE
16,"(0.8129,-0.0120277,0.0123195,0.582148)",NRF_0016_0668370075_696ECM_T0030578NCAM03016_10_500J,"NASA's Mars Perseverance rover acquired this image using its onboard Right Navigation Camera (Navcam). The camera is located high on the rover's mast and aids in driving. 

This image was acquired on Mar. 7, 2021 (Sol 16) at the local mean solar time of 15:00:33.",Thumbnail,Sol-00016M15:00:33.113,NASA/JPL-Caltech,2021-03-07T07:33:36.000,https://mars.nasa.gov/rss/api/?feed=raw_images&category=mars2020&feedtype=json&id=NRF_0016_0668370075_696ECM_T0030578NCAM03016_10_500J,https://mars.nasa.gov/mars2020/multimedia/raw-images/?id=NRF_0016_0668370075_696ECM_T0030578NCAM03016_10_500J,578,Mars Perseverance Sol 16: Right Navigation Camera (Navcam),3,2021-03-07T09:18:43Z,19.0055,-31.7343,668370077.416,32,"(39.3213,34.1703,-0.00444177)","(1,1905,2576,1936)","(80,60)",https://mars.nasa.gov/mars2020-raw-images/pub/ods/surface/sol/00016/ids/edr/browse/ncam/NRF_0016_0668370075_696ECM_T0030578NCAM03016_10_500J01_800.jpg,https://mars.nasa.gov/mars2020-raw-images/pub/ods/surface/sol/00016/ids/edr/browse/ncam/NRF_0016_0668370075_696ECM_T0030578NCAM03016_10_500J01_320.jpg,https://mars.nasa.gov/mars2020-raw-images/pub/ods/surface/sol/00016/ids/edr/browse/ncam/NRF_0016_0668370075_696ECM_T0030578NCAM03016_10_500J01.png,https://mars.nasa.gov/mars2020-raw-images/pub/ods/surface/sol/00016/ids/edr/browse/ncam/NRF_0016_0668370075_696ECM_T0030578NCAM03016_10_500J01_1200.jpg,UNK,"(0.6869985554460641,-0.16034148233460388,0.7087479057166682)","(0.866546,0.803519,-1.90036);(0.797191,0.281115,0.5343);(33.2816,109.546,42.5706);(-45.8286,-15.9037,78.4381);(0.797723,0.28085,0.533646);(0.0,0.05117,-0.018889);(0.001504,0.020873,-0.009439);2.0;0.0","(0.866546,0.803519,-1.90036)",NAVCAM_RIGHT,CAHVORE
16,"(0.8129,-0.0120277,0.0123195,0.582148)",FLF_0016_0668369736_116ECM_N0030578FHAZ02003_04_195J,"NASA's Mars Perseverance rover acquired this image of the area in front of it using its onboard Front Left Hazard Avoidance Camera A. 

This image was acquired on Mar. 7, 2021 (Sol 16) at the local mean solar time of 14:55:02.",Full,Sol-00016M14:55:02.615,NASA/JPL-Caltech,2021-03-07T07:33:35.000,https://mars.nasa.gov/rss/api/?feed=raw_images&category=mars2020&feedtype=json&id=FLF_0016_0668369736_116ECM_N0030578FHAZ02003_04_195J,https://mars.nasa.gov/mars2020/multimedia/raw-images/?id=FLF_0016_0668369736_116ECM_N0030578FHAZ02003_04_195J,578,Mars Perseverance Sol 16: Front Left Hazard Avoidance Camera (Hazcam),3,2021-03-07T09:18:43Z,299.598,20.2622,668369737.411,2,"(39.3213,34.1703,-0.00444177)","(2545,1457,2576,1952)","(1288,976)",https://mars.nasa.gov/mars2020-raw-images/pub/ods/surface/sol/00016/ids/edr/browse/fcam/FLF_0016_0668369736_116ECM_N0030578FHAZ02003_04_195J01_800.jpg,https://mars.nasa.gov/mars2020-raw-images/pub/ods/surface/sol/00016/ids/edr/browse/fcam/FLF_0016_0668369736_116ECM_N0030578FHAZ02003_04_195J01_320.jpg,https://mars.nasa.gov/mars2020-raw-images/pub/ods/surface/sol/00016/ids/edr/browse/fcam/FLF_0016_0668369736_116ECM_N0030578FHAZ02003_04_195J01.png,https://mars.nasa.gov/mars2020-raw-images/pub/ods/surface/sol/00016/ids/edr/browse/fcam/FLF_0016_0668369736_116ECM_N0030578FHAZ02003_04_195J01_1200.jpg,UNK,"(0.7335942293338822,0.34357611702326857,0.5863403094613575)","(1.10353,-0.008945,-0.729124);(0.884935,-0.17181,0.432865);(177.387,1056.3,86.06);(-270.544,-38.3293,1063.36);(0.885293,-0.171227,0.432363);(1e-06,0.00889,-0.006754);(-0.006127,0.010389,0.004541);2.0;0.0","(1.10353,-0.008945,-0.729124)",FRONT_HAZCAM_LEFT_A,CAHVORE
16,"(0.8129,-0.0120277,0.0123195,0.582148)",FLF_0016_0668369736_116ECM_N0030578FHAZ02003_07_295J,"NASA's Mars Perseverance rover acquired this image of the area in front of it using its onboard Front Left Hazard Avoidance Camera A. 

This image was acquired on Mar. 7, 2021 (Sol 16) at the local mean solar time of 14:55:02.",Full,Sol-00016M14:55:02.615,NASA/JPL-Caltech,2021-03-07T07:33:34.000,https://mars.nasa.gov/rss/api/?feed=raw_images&category=mars2020&feedtype=json&id=FLF_0016_0668369736_116ECM_N0030578FHAZ02003_07_295J,https://mars.nasa.gov/mars2020/multimedia/raw-images/?id=FLF_0016_0668369736_116ECM_N0030578FHAZ02003_07_295J,578,Mars Perseverance Sol 16: Front Left Hazard Avoidance Camera (Hazcam),3,2021-03-07T09:18:43Z,299.598,20.2622,668369737.411,4,"(39.3213,34.1703,-0.00444177)","(1,1,5120,3840)","(1280,960)",https://mars.nasa.gov/mars2020-raw-images/pub/ods/surface/sol/00016/ids/edr/browse/fcam/FLF_0016_0668369736_116ECM_N0030578FHAZ02003_07_295J01_800.jpg,https://mars.nasa.gov/mars2020-raw-images/pub/ods/surface/sol/00016/ids/edr/browse/fcam/FLF_0016_0668369736_116ECM_N0030578FHAZ02003_07_295J01_320.jpg,https://mars.nasa.gov/mars2020-raw-images/pub/ods/surface/sol/00016/ids/edr/browse/fcam/FLF_0016_0668369736_116ECM_N0030578FHAZ02003_07_295J01.png,https://mars.nasa.gov/mars2020-raw-images/pub/ods/surface/sol/00016/ids/edr/browse/fcam/FLF_0016_0668369736_116ECM_N0030578FHAZ02003_07_295J01_1200.jpg,UNK,"(0.8822468704651113,-0.17569579284202788,0.43677390939950644)","(1.10353,-0.008945,-0.729124);(0.884935,-0.17181,0.432865);(651.291,418.924,318.224);(186.623,-81.6605,689.135);(0.885293,-0.171227,0.432363);(1e-06,0.00889,-0.006754);(-0.006127,0.010389,0.004541);2.0;0.0","(1.10353,-0.008945,-0.729124)",FRONT_HAZCAM_LEFT_A,CAHVORE
16,"(0.8129,-0.0120277,0.0123195,0.582148)",NLF_0016_0668369874_474ECM_T0030578NCAM00304_04_500J,"NASA's Mars Perseverance rover acquired this image using its onboard Left Navigation Camera (Navcam). The camera is located high on the rover's mast and aids in driving. 

This image was acquired on Mar. 7, 2021 (Sol 16) at the local mean solar time of 14:57:17.",Thumbnail,Sol-00016M14:57:17.273,NASA/JPL-Caltech,2021-03-07T07:33:34.000,https://mars.nasa.gov/rss/api/?feed=raw_images&category=mars2020&feedtype=json&id=NLF_0016_0668369874_474ECM_T0030578NCAM00304_04_500J,https://mars.nasa.gov/mars2020/multimedia/raw-images/?id=NLF_0016_0668369874_474ECM_T0030578NCAM00304_04_500J,578,Mars Perseverance Sol 16: Left Navigation Camera (Navcam),3,2021-03-07T09:18:43Z,336.568,-45.1269,668369874.909,32,"(39.3213,34.1703,-0.00444177)","(2545,1,2576,1936)","(80,60)",https://mars.nasa.gov/mars2020-raw-images/pub/ods/surface/sol/00016/ids/edr/browse/ncam/NLF_0016_0668369874_474ECM_T0030578NCAM00304_04_500J01_800.jpg,https://mars.nasa.gov/mars2020-raw-images/pub/ods/surface/sol/00016/ids/edr/browse/ncam/NLF_0016_0668369874_474ECM_T0030578NCAM00304_04_500J01_320.jpg,https://mars.nasa.gov/mars2020-raw-images/pub/ods/surface/sol/00016/ids/edr/browse/ncam/NLF_0016_0668369874_474ECM_T0030578NCAM00304_04_500J01.png,https://mars.nasa.gov/mars2020-raw-images/pub/ods/surface/sol/00016/ids/edr/browse/ncam/NLF_0016_0668369874_474ECM_T0030578NCAM00304_04_500J01_1200.jpg,UNK,"(0.9029277464820017,0.029673035502894705,0.42876683126960496)","(0.844119,0.310951,-1.86784);(0.646971,-0.267111,0.71421);(36.3053,85.0368,0.501719);(-21.8963,9.49623,107.713);(0.647439,-0.265763,0.714289);(2e-06,0.049535,-0.015973);(-0.003612,0.013016,-0.023961);2.0;0.0","(0.844119,0.310951,-1.86784)",NAVCAM_LEFT,CAHVORE
16,"(0.8129,-0.0120277,0.0123195,0.582148)",FRM_0016_0668369736_116ECM_T0030578FHAZ02003_00_6I1J,"NASA's Mars Perseverance rover acquired this image of the area in front of it using its onboard Front Right Hazard Avoidance Camera A. 

This image was acquired on Mar. 7, 2021 (Sol 16) at the local mean solar time of 14:55:02.",Thumbnail,Sol-00016M14:55:02.615,NASA/JPL-Caltech,2021-03-07T07:33:33.000,https://mars.nasa.gov/rss/api/?feed=raw_images&category=mars2020&feedtype=json&id=FRM_0016_0668369736_116ECM_T0030578FHAZ02003_00_6I1J,https://mars.nasa.gov/mars2020/multimedia/raw-images/?id=FRM_0016_0668369736_116ECM_T0030578FHAZ02003_00_6I1J,578,Mars Perseverance Sol 16: Front Right Hazard Avoidance Camera (Hazcam),3,2021-03-07T09:18:43Z,315.813,13.856,668369737.472,64,"(39.3213,34.1703,-0.00444177)","(1,1,5120,3840)","(80,60)",https://mars.nasa.gov/mars2020-raw-images/pub/ods/surface/sol/00016/ids/edr/browse/fcam/FRM_0016_0668369736_116ECM_T0030578FHAZ02003_00_6I1J01_800.jpg,https://mars.nasa.gov/mars2020-raw-images/pub/ods/surface/sol/00016/ids/edr/browse/fcam/FRM_0016_0668369736_116ECM_T0030578FHAZ02003_00_6I1J01_320.jpg,https://mars.nasa.gov/mars2020-raw-images/pub/ods/surface/sol/00016/ids/edr/browse/fcam/FRM_0016_0668369736_116ECM_T0030578FHAZ02003_00_6I1J01.png,https://mars.nasa.gov/mars2020-raw-images/pub/ods/surface/sol/00016/ids/edr/browse/fcam/FRM_0016_0668369736_116ECM_T0030578FHAZ02003_00_6I1J01_1200.jpg,UNK,"(0.878119219282655,0.1854842545102372,0.4410240674330619)","(1.08961,0.239014,-0.73578);(0.88539,0.173117,0.43141);(29.8414,39.9012,14.486);(11.5127,5.16815,42.9169);(0.884739,0.174294,0.432271);(3e-06,0.007003,-0.00533);(0.014078,0.007511,-0.004607);2.0;0.0","(1.08961,0.239014,-0.73578)",FRONT_HAZCAM_RIGHT_A,CAHVORE
16,"(0.811785,-0.0120512,0.0122964,0.583702)",NLM_0016_0668369717_237ECM_T0030578SAPP00601_00_6I1J,"NASA's Mars Perseverance rover acquired this image using its onboard Left Navigation Camera (Navcam). The camera is located high on the rover's mast and aids in driving. 

This image was acquired on Mar. 7, 2021 (Sol 16) at the local mean solar time of 14:54:44.",Thumbnail,Sol-00016M14:54:44.241,NASA/JPL-Caltech,2021-03-07T07:33:33.000,https://mars.nasa.gov/rss/api/?feed=raw_images&category=mars2020&feedtype=json&id=NLM_0016_0668369717_237ECM_T0030578SAPP00601_00_6I1J,https://mars.nasa.gov/mars2020/multimedia/raw-images/?id=NLM_0016_0668369717_237ECM_T0030578SAPP00601_00_6I1J,578,Mars Perseverance Sol 16: Left Navigation Camera (Navcam),3,2021-03-07T09:18:43Z,181.767,55.8705,668369717.242,64,"(39.3213,34.1703,-0.00444177)","(1921,1441,1280,960)","(80,60)",https://mars.nasa.gov/mars2020-raw-images/pub/ods/surface/sol/00016/ids/edr/browse/ncam/NLM_0016_0668369717_237ECM_T0030578SAPP00601_00_6I1J01_800.jpg,https://mars.nasa.gov/mars2020-raw-images/pub/ods/surface/sol/00016/ids/edr/browse/ncam/NLM_0016_0668369717_237ECM_T0030578SAPP00601_00_6I1J01_320.jpg,https://mars.nasa.gov/mars2020-raw-images/pub/ods/surface/sol/00016/ids/edr/browse/ncam/NLM_0016_0668369717_237ECM_T0030578SAPP00601_00_6I1J01.png,https://mars.nasa.gov/mars2020-raw-images/pub/ods/surface/sol/00016/ids/edr/browse/ncam/NLM_0016_0668369717_237ECM_T0030578SAPP00601_00_6I1J01_1200.jpg,UNK,"(-0.15620786956292396,0.49642143232598857,-0.8539115077184676)","(0.769834,0.772159,-2.05833);(-0.566711,-0.0298553,-0.823385);(-20.4018,-47.3671,-32.9017);(-54.9345,-2.7298,1.63958);(-0.566739,-0.031282,-0.823313);(2e-06,0.049535,-0.015973);(-0.003612,0.013016,-0.023961);2.0;0.0","(0.769834,0.772159,-2.05833)",NAVCAM_LEFT,CAHVORE
16,"(0.811139,-0.00892614,0.00713858,0.584742)",NRF_0016_0668366769_902ECM_T0030548NCAM00301_01_600J,"NASA's Mars Perseverance rover acquired this image using its onboard Right Navigation Camera (Navcam). The camera is located high on the rover's mast and aids in driving. 

This image was acquired on Mar. 7, 2021 (Sol 16) at the local mean solar time of 14:06:55.",Thumbnail,Sol-00016M14:06:55.740,NASA/JPL-Caltech,2021-03-07T07:33:33.000,https://mars.nasa.gov/rss/api/?feed=raw_images&category=mars2020&feedtype=json&id=NRF_0016_0668366769_902ECM_T0030548NCAM00301_01_600J,https://mars.nasa.gov/mars2020/multimedia/raw-images/?id=NRF_0016_0668366769_902ECM_T0030548NCAM00301_01_600J,548,Mars Perseverance Sol 16: Right Navigation Camera (Navcam),3,2021-03-07T09:18:43Z,0.188018,-30.1004,668366771.458,64,"(37.7344,29.4266,0.0676307)","(1,1,5120,3840)","(80,60)",https://mars.nasa.gov/mars2020-raw-images/pub/ods/surface/sol/00016/ids/edr/browse/ncam/NRF_0016_0668366769_902ECM_T0030548NCAM00301_01_600J01_800.jpg,https://mars.nasa.gov/mars2020-raw-images/pub/ods/surface/sol/00016/ids/edr/browse/ncam/NRF_0016_0668366769_902ECM_T0030548NCAM00301_01_600J01_320.jpg,https://mars.nasa.gov/mars2020-raw-images/pub/ods/surface/sol/00016/ids/edr/browse/ncam/NRF_0016_0668366769_902ECM_T0030548NCAM00301_01_600J01.png,https://mars.nasa.gov/mars2020-raw-images/pub/ods/surface/sol/00016/ids/edr/browse/ncam/NRF_0016_0668366769_902ECM_T0030548NCAM00301_01_600J01_1200.jpg,UNK,"(0.8595588347392153,0.013645276079856477,0.5108545938547158)","(0.942414,0.770636,-1.90422);(0.860147,0.00899966,0.509982);(33.7871,46.4776,20.2086);(2.24812,0.114178,54.9392);(0.860546,0.00857759,0.509316);(0.0,0.05117,-0.018889);(0.001504,0.020873,-0.009439);2.0;0.0","(0.942414,0.770636,-1.90422)",NAVCAM_RIGHT,CAHVORE
16,"(0.8129,-0.0120277,0.0123195,0.582148)",FLM_0016_0668369736_116ECM_T0030578FHAZ02003_00_6I1J,"NASA's Mars Perseverance rover acquired this image of the area in front of it using its onboard Front Left Hazard Avoidance Camera A. 

This image was acquired on Mar. 7, 2021 (Sol 16) at the local mean solar time of 14:55:02.",Thumbnail,Sol-00016M14:55:02.615,NASA/JPL-Caltech,2021-03-07T07:33:32.000,https://mars.nasa.gov/rss/api/?feed=raw_images&category=mars2020&feedtype=json&id=FLM_0016_0668369736_116ECM_T0030578FHAZ02003_00_6I1J,https://mars.nasa.gov/mars2020/multimedia/raw-images/?id=FLM_0016_0668369736_116ECM_T0030578FHAZ02003_00_6I1J,578,Mars Perseverance Sol 16: Front Left Hazard Avoidance Camera (Hazcam),3,2021-03-07T09:18:43Z,299.598,20.2622,668369737.411,64,"(39.3213,34.1703,-0.00444177)","(1,1,5120,3840)","(80,60)",https://mars.nasa.gov/mars2020-raw-images/pub/ods/surface/sol/00016/ids/edr/browse/fcam/FLM_0016_0668369736_116ECM_T0030578FHAZ02003_00_6I1J01_800.jpg,https://mars.nasa.gov/mars2020-raw-images/pub/ods/surface/sol/00016/ids/edr/browse/fcam/FLM_0016_0668369736_116ECM_T0030578FHAZ02003_00_6I1J01_320.jpg,https://mars.nasa.gov/mars2020-raw-images/pub/ods/surface/sol/00016/ids/edr/browse/fcam/FLM_0016_0668369736_116ECM_T0030578FHAZ02003_00_6I1J01.png,https://mars.nasa.gov/mars2020-raw-images/pub/ods/surface/sol/00016/ids/edr/browse/fcam/FLM_0016_0668369736_116ECM_T0030578FHAZ02003_00_6I1J01_1200.jpg,UNK,"(0.8780899881639529,-0.16190257427323404,0.4502727274995998)","(1.10353,-0.008945,-0.729124);(0.884935,-0.17181,0.432865);(40.2909,26.2633,19.6861);(11.2491,-5.02325,42.868);(0.885293,-0.171227,0.432363);(1e-06,0.00889,-0.006754);(-0.006127,0.010389,0.004541);2.0;0.0","(1.10353,-0.008945,-0.729124)",FRONT_HAZCAM_LEFT_A,CAHVORE
16,"(0.8129,-0.0120277,0.0123195,0.582148)",FRF_0016_0668369736_116ECM_N0030578FHAZ02003_01_195J,"NASA's Mars Perseverance rover acquired this image of the area in front of it using its onboard Front Right Hazard Avoidance Camera A. 

This image was acquired on Mar. 7, 2021 (Sol 16) at the local mean solar time of 14:55:02.",Full,Sol-00016M14:55:02.615,NASA/JPL-Caltech,2021-03-07T07:33:32.000,https://mars.nasa.gov/rss/api/?feed=raw_images&category=mars2020&feedtype=json&id=FRF_0016_0668369736_116ECM_N0030578FHAZ02003_01_195J,https://mars.nasa.gov/mars2020/multimedia/raw-images/?id=FRF_0016_0668369736_116ECM_N0030578FHAZ02003_01_195J,578,Mars Perseverance Sol 16: Front Right Hazard Avoidance Camera (Hazcam),3,2021-03-07T09:18:43Z,315.813,13.856,668369737.472,2,"(39.3213,34.1703,-0.00444177)","(1,1457,2576,1952)","(1288,976)",https://mars.nasa.gov/mars2020-raw-images/pub/ods/surface/sol/00016/ids/edr/browse/fcam/FRF_0016_0668369736_116ECM_N0030578FHAZ02003_01_195J01_800.jpg,https://mars.nasa.gov/mars2020-raw-images/pub/ods/surface/sol/00016/ids/edr/browse/fcam/FRF_0016_0668369736_116ECM_N0030578FHAZ02003_01_195J01_320.jpg,https://mars.nasa.gov/mars2020-raw-images/pub/ods/surface/sol/00016/ids/edr/browse/fcam/FRF_0016_0668369736_116ECM_N0030578FHAZ02003_01_195J01.png,https://mars.nasa.gov/mars2020-raw-images/pub/ods/surface/sol/00016/ids/edr/browse/fcam/FRF_0016_0668369736_116ECM_N0030578FHAZ02003_01_195J01_1200.jpg,UNK,"(0.7364888737796463,-0.3469060382326891,0.5807239786994235)","(1.08961,0.239014,-0.73578);(0.88539,0.173117,0.43141);(968.65,1279.52,470.238);(-262.434,42.0348,1065.96);(0.884739,0.174294,0.432271);(3e-06,0.007003,-0.00533);(0.014078,0.007511,-0.004607);2.0;0.0","(1.08961,0.239014,-0.73578)",FRONT_HAZCAM_RIGHT_A,CAHVORE
16,"(0.8129,-0.0120277,0.0123195,0.582148)",FRF_0016_0668369736_116ECM_T0030578FHAZ02003_04_500J,"NASA's Mars Perseverance rover acquired this image of the area in front of it using its onboard Front Right Hazard Avoidance Camera A. 

This image was acquired on Mar. 7, 2021 (Sol 16) at the local mean solar time of 14:55:02.",Thumbnail,Sol-00016M14:55:02.615,NASA/JPL-Caltech,2021-03-07T07:33:32.000,https://mars.nasa.gov/rss/api/?feed=raw_images&category=mars2020&feedtype=json&id=FRF_0016_0668369736_116ECM_T0030578FHAZ02003_04_500J,https://mars.nasa.gov/mars2020/multimedia/raw-images/?id=FRF_0016_0668369736_116ECM_T0030578FHAZ02003_04_500J,578,Mars Perseverance Sol 16: Front Right Hazard Avoidance Camera (Hazcam),3,2021-03-07T09:18:43Z,315.813,13.856,668369737.472,32,"(39.3213,34.1703,-0.00444177)","(2545,1457,2576,1952)","(80,61)",https://mars.nasa.gov/mars2020-raw-images/pub/ods/surface/sol/00016/ids/edr/browse/fcam/FRF_0016_0668369736_116ECM_T0030578FHAZ02003_04_500J01_800.jpg,https://mars.nasa.gov/mars2020-raw-images/pub/ods/surface/sol/00016/ids/edr/browse/fcam/FRF_0016_0668369736_116ECM_T0030578FHAZ02003_04_500J01_320.jpg,https://mars.nasa.gov/mars2020-raw-images/pub/ods/surface/sol/00016/ids/edr/browse/fcam/FRF_0016_0668369736_116ECM_T0030578FHAZ02003_04_500J01.png,https://mars.nasa.gov/mars2020-raw-images/pub/ods/surface/sol/00016/ids/edr/browse/fcam/FRF_0016_0668369736_116ECM_T0030578FHAZ02003_04_500J01_1200.jpg,UNK,"(0.5767540099740674,0.6402442500071596,0.507387536614374)","(1.08961,0.239014,-0.73578);(0.88539,0.173117,0.43141);(-10.2629,66.1263,-5.10943);(-16.8171,2.54603,66.4204);(0.884739,0.174294,0.432271);(3e-06,0.007003,-0.00533);(0.014078,0.007511,-0.004607);2.0;0.0","(1.08961,0.239014,-0.73578)",FRONT_HAZCAM_RIGHT_A,CAHVORE
16,"(0.811139,-0.00892614,0.00713858,0.584742)",NLF_0016_0668366769_902ECM_T0030548NCAM00301_01_600J,"NASA's Mars Perseverance rover acquired this image using its onboard Left Navigation Camera (Navcam). The camera is located high on the rover's mast and aids in driving. 

This image was acquired on Mar. 7, 2021 (Sol 16) at the local mean solar time of 14:06:55.",Thumbnail,Sol-00016M14:06:55.740,NASA/JPL-Caltech,2021-03-07T07:33:32.000,https://mars.nasa.gov/rss/api/?feed=raw_images&category=mars2020&feedtype=json&id=NLF_0016_0668366769_902ECM_T0030548NCAM00301_01_600J,https://mars.nasa.gov/mars2020/multimedia/raw-images/?id=NLF_0016_0668366769_902ECM_T0030548NCAM00301_01_600J,548,Mars Perseverance Sol 16: Left Navigation Camera (Navcam),3,2021-03-07T09:18:43Z,359.802,-30.3026,668366771.432,64,"(37.7344,29.4266,0.0676307)","(1,1,5120,3840)","(80,60)",https://mars.nasa.gov/mars2020-raw-images/pub/ods/surface/sol/00016/ids/edr/browse/ncam/NLF_0016_0668366769_902ECM_T0030548NCAM00301_01_600J01_800.jpg,https://mars.nasa.gov/mars2020-raw-images/pub/ods/surface/sol/00016/ids/edr/browse/ncam/NLF_0016_0668366769_902ECM_T0030548NCAM00301_01_600J01_320.jpg,https://mars.nasa.gov/mars2020-raw-images/pub/ods/surface/sol/00016/ids/edr/browse/ncam/NLF_0016_0668366769_902ECM_T0030548NCAM00301_01_600J01.png,https://mars.nasa.gov/mars2020-raw-images/pub/ods/surface/sol/00016/ids/edr/browse/ncam/NLF_0016_0668366769_902ECM_T0030548NCAM00301_01_600J01_1200.jpg,UNK,"(0.857824128097636,0.0078110866206540265,0.513883987082041)","(0.947143,0.346278,-1.90325);(0.859338,0.00925035,0.511339);(34.0199,46.5971,20.3412);(2.02922,0.183386,54.9889);(0.859263,0.0106738,0.511437);(2e-06,0.049535,-0.015973);(-0.003612,0.013016,-0.023961);2.0;0.0","(0.947143,0.346278,-1.90325)",NAVCAM_LEFT,CAHVORE
16,"(0.8129,-0.0120277,0.0123195,0.582148)",NLF_0016_0668369874_474ECM_T0030578NCAM00304_01_500J,"NASA's Mars Perseverance rover acquired this image using its onboard Left Navigation Camera (Navcam). The camera is located high on the rover's mast and aids in driving. 

This image was acquired on Mar. 7, 2021 (Sol 16) at the local mean solar time of 14:57:17.",Thumbnail,Sol-00016M14:57:17.273,NASA/JPL-Caltech,2021-03-07T07:33:32.000,https://mars.nasa.gov/rss/api/?feed=raw_images&category=mars2020&feedtype=json&id=NLF_0016_0668369874_474ECM_T0030578NCAM00304_01_500J,https://mars.nasa.gov/mars2020/multimedia/raw-images/?id=NLF_0016_0668369874_474ECM_T0030578NCAM00304_01_500J,578,Mars Perseverance Sol 16: Left Navigation Camera (Navcam),3,2021-03-07T09:18:43Z,336.568,-45.1269,668369874.909,32,"(39.3213,34.1703,-0.00444177)","(1,1,2576,1936)","(80,60)",https://mars.nasa.gov/mars2020-raw-images/pub/ods/surface/sol/00016/ids/edr/browse/ncam/NLF_0016_0668369874_474ECM_T0030578NCAM00304_01_500J01_800.jpg,https://mars.nasa.gov/mars2020-raw-images/pub/ods/surface/sol/00016/ids/edr/browse/ncam/NLF_0016_0668369874_474ECM_T0030578NCAM00304_01_500J01_320.jpg,https://mars.nasa.gov/mars2020-raw-images/pub/ods/surface/sol/00016/ids/edr/browse/ncam/NLF_0016_0668369874_474ECM_T0030578NCAM00304_01_500J01.png,https://mars.nasa.gov/mars2020-raw-images/pub/ods/surface/sol/00016/ids/edr/browse/ncam/NLF_0016_0668369874_474ECM_T0030578NCAM00304_01_500J01_1200.jpg,UNK,"(0.6082698929757938,-0.6676725162941762,0.4292099116803097)","(0.844119,0.310951,-1.86784);(0.646971,-0.267111,0.71421);(87.7394,63.8015,57.2814);(-21.8963,9.49623,107.713);(0.647439,-0.265763,0.714289);(2e-06,0.049535,-0.015973);(-0.003612,0.013016,-0.023961);2.0;0.0","(0.844119,0.310951,-1.86784)",NAVCAM_LEFT,CAHVORE
16,"(0.811139,-0.00892614,0.00713858,0.584742)",NRM_0016_0668366769_902ECM_T0030548NCAM00301_00_6I1J,"NASA's Mars Perseverance rover acquired this image using its onboard Right Navigation Camera (Navcam). The camera is located high on the rover's mast and aids in driving. 

This image was acquired on Mar. 7, 2021 (Sol 16) at the local mean solar time of 14:06:55.",Thumbnail,Sol-00016M14:06:55.740,NASA/JPL-Caltech,2021-03-07T07:33:32.000,https://mars.nasa.gov/rss/api/?feed=raw_images&category=mars2020&feedtype=json&id=NRM_0016_0668366769_902ECM_T0030548NCAM00301_00_6I1J,https://mars.nasa.gov/mars2020/multimedia/raw-images/?id=NRM_0016_0668366769_902ECM_T0030548NCAM00301_00_6I1J,548,Mars Perseverance Sol 16: Right Navigation Camera (Navcam),3,2021-03-07T09:18:43Z,0.188018,-30.1004,668366771.458,64,"(37.7344,29.4266,0.0676307)","(1,1,5120,3840)","(80,60)",https://mars.nasa.gov/mars2020-raw-images/pub/ods/surface/sol/00016/ids/edr/browse/ncam/NRM_0016_0668366769_902ECM_T0030548NCAM00301_00_6I1J01_800.jpg,https://mars.nasa.gov/mars2020-raw-images/pub/ods/surface/sol/00016/ids/edr/browse/ncam/NRM_0016_0668366769_902ECM_T0030548NCAM00301_00_6I1J01_320.jpg,https://mars.nasa.gov/mars2020-raw-images/pub/ods/surface/sol/00016/ids/edr/browse/ncam/NRM_0016_0668366769_902ECM_T0030548NCAM00301_00_6I1J01.png,https://mars.nasa.gov/mars2020-raw-images/pub/ods/surface/sol/00016/ids/edr/browse/ncam/NRM_0016_0668366769_902ECM_T0030548NCAM00301_00_6I1J01_1200.jpg,UNK,"(0.8595588347392153,0.013645276079856477,0.5108545938547158)","(0.942414,0.770636,-1.90422);(0.860147,0.00899966,0.509982);(33.7871,46.4776,20.2086);(2.24812,0.114178,54.9392);(0.860546,0.00857759,0.509316);(0.0,0.05117,-0.018889);(0.001504,0.020873,-0.009439);2.0;0.0","(0.942414,0.770636,-1.90422)",NAVCAM_RIGHT,CAHVORE
15,"(0.971582,0.00963722,0.00390579,0.236476)",NLE_0015_0668277843_723ECM_N0030376NCAM03000_16_0LLJ,"NASA's Mars Perseverance rover acquired this image using its onboard Left Navigation Camera (Navcam). The camera is located high on the rover's mast and aids in driving. 

This image was acquired on Mar. 7, 2021 (Sol 15) at the local mean solar time of 14:04:28.",Full,Sol-00015M14:04:28.075,NASA/JPL-Caltech,2021-03-07T09:18:40.000,https://mars.nasa.gov/rss/api/?feed=raw_images&category=mars2020&feedtype=json&id=NLE_0015_0668277843_723ECM_N0030376NCAM03000_16_0LLJ,https://mars.nasa.gov/mars2020/multimedia/raw-images/?id=NLE_0015_0668277843_723ECM_N0030376NCAM03000_16_0LLJ,376,Mars Perseverance Sol 15: Left Navigation Camera (Navcam),3,2021-03-07T09:36:55Z,44.9887,-29.3933,668277845.289,1,"(31.2262,8.12755,0.398731)","(3833,2873,1288,968)","(1288,968)",https://mars.nasa.gov/mars2020-raw-images/pub/ods/surface/sol/00015/ids/edr/browse/ncam/NLE_0015_0668277843_723ECM_N0030376NCAM03000_16_0LLJ01_800.jpg,https://mars.nasa.gov/mars2020-raw-images/pub/ods/surface/sol/00015/ids/edr/browse/ncam/NLE_0015_0668277843_723ECM_N0030376NCAM03000_16_0LLJ01_320.jpg,https://mars.nasa.gov/mars2020-raw-images/pub/ods/surface/sol/00015/ids/edr/browse/ncam/NLE_0015_0668277843_723ECM_N0030376NCAM03000_16_0LLJ01.png,https://mars.nasa.gov/mars2020-raw-images/pub/ods/surface/sol/00015/ids/edr/browse/ncam/NLE_0015_0668277843_723ECM_N0030376NCAM03000_16_0LLJ01_1200.jpg,UNK,"(-0.013480062783232835,0.7021829714602634,0.7118689222733318)","(1.05651,0.51007,-1.90526);(0.604759,0.621813,0.497625);(-2863.61,1299.12,-627.575);(-1598.06,-1623.45,2103.27);(0.603698,0.622765,0.497723);(2e-06,0.049535,-0.015973);(-0.003612,0.013016,-0.023961);2.0;0.0","(1.05651,0.51007,-1.90526)",NAVCAM_LEFT,CAHVORE
15,"(0.971582,0.00963722,0.00390579,0.236476)",NRE_0015_0668277843_723ECM_N0030376NCAM03000_10_0LLJ,"NASA's Mars Perseverance rover acquired this image using its onboard Right Navigation Camera (Navcam). The camera is located high on the rover's mast and aids in driving. 

This image was acquired on Mar. 7, 2021 (Sol 15) at the local mean solar time of 14:04:28.",Full,Sol-00015M14:04:28.075,NASA/JPL-Caltech,2021-03-07T09:18:21.000,https://mars.nasa.gov/rss/api/?feed=raw_images&category=mars2020&feedtype=json&id=NRE_0015_0668277843_723ECM_N0030376NCAM03000_10_0LLJ,https://mars.nasa.gov/mars2020/multimedia/raw-images/?id=NRE_0015_0668277843_723ECM_N0030376NCAM03000_10_0LLJ,376,Mars Perseverance Sol 15: Right Navigation Camera (Navcam),3,2021-03-07T09:36:55Z,45.371,-29.1906,668277845.392,1,"(31.2262,8.12755,0.398731)","(1273,1913,1296,976)","(1296,976)",https://mars.nasa.gov/mars2020-raw-images/pub/ods/surface/sol/00015/ids/edr/browse/ncam/NRE_0015_0668277843_723ECM_N0030376NCAM03000_10_0LLJ01_800.jpg,https://mars.nasa.gov/mars2020-raw-images/pub/ods/surface/sol/00015/ids/edr/browse/ncam/NRE_0015_0668277843_723ECM_N0030376NCAM03000_10_0LLJ01_320.jpg,https://mars.nasa.gov/mars2020-raw-images/pub/ods/surface/sol/00015/ids/edr/browse/ncam/NRE_0015_0668277843_723ECM_N0030376NCAM03000_10_0LLJ01.png,https://mars.nasa.gov/mars2020-raw-images/pub/ods/surface/sol/00015/ids/edr/browse/ncam/NRE_0015_0668277843_723ECM_N0030376NCAM03000_10_0LLJ01_1200.jpg,UNK,"(0.6869854209631278,0.3981600631069712,0.6078812347249805)","(0.75233,0.806,-1.90665);(0.605493,0.622193,0.496256);(-1321.51,2874.44,639.805);(-1005.89,-1020.45,2580.16);(0.606067,0.62217,0.495584);(0.0,0.05117,-0.018889);(0.001504,0.020873,-0.009439);2.0;0.0","(0.75233,0.806,-1.90665)",NAVCAM_RIGHT,CAHVORE
15,"(0.971582,0.00963722,0.00390579,0.236476)",ZRF_0015_0668279106_290FDR_N0030376ZCAM07000_110085J,"NASA's Mars Perseverance rover acquired this image using its Right Mastcam-Z camera. Mastcam-Z is a pair of cameras located high on the rover's mast.  

This image was acquired on Mar. 7, 2021 (Sol 15) at the local mean solar time of 14:25:40.",Full,Sol-00015M14:25:40.387,NASA/JPL-Caltech/ASU,2021-03-07T09:18:14.000,https://mars.nasa.gov/rss/api/?feed=raw_images&category=mars2020&feedtype=json&id=ZRF_0015_0668279106_290FDR_N0030376ZCAM07000_110085J,https://mars.nasa.gov/mars2020/multimedia/raw-images/?id=ZRF_0015_0668279106_290FDR_N0030376ZCAM07000_110085J,376,Mars Perseverance Sol 15: Right Mastcam-Z Camera,3,2021-03-07T12:10:23Z,328.847,-6.3258,668279151.083,1,"(31.2262,8.12755,0.398731)","(33,1,1600,1200)","(1600,1200)",https://mars.nasa.gov/mars2020-raw-images/pub/ods/surface/sol/00015/ids/fdr/browse/zcam/ZRF_0015_0668279106_290FDR_N0030376ZCAM07000_110085J01_800.jpg,https://mars.nasa.gov/mars2020-raw-images/pub/ods/surface/sol/00015/ids/fdr/browse/zcam/ZRF_0015_0668279106_290FDR_N0030376ZCAM07000_110085J01_320.jpg,https://mars.nasa.gov/mars2020-raw-images/pub/ods/surface/sol/00015/ids/fdr/browse/zcam/ZRF_0015_0668279106_290FDR_N0030376ZCAM07000_110085J01.png,https://mars.nasa.gov/mars2020-raw-images/pub/ods/surface/sol/00015/ids/fdr/browse/zcam/ZRF_0015_0668279106_290FDR_N0030376ZCAM07000_110085J01_1200.jpg,ZCAM_R0_RGB,"(0.8509412086146843,-0.5135992669387843,0.1100674905743009)","(0.889515,0.648884,-1.9823);(0.853452,-0.50799,0.116542);(8358.37,12338.0,220.6);(-953.769,433.499,14847.5);(0.846938,-0.521999,0.101135);(0.00043725,0.551872,-0.111795)","(0.889515,0.648884,-1.9823)",MCZ_RIGHT,CAHVOR
15,"(0.971582,0.00963722,0.00390579,0.236476)",NLE_0015_0668277843_723ECM_N0030376NCAM03000_10_0LLJ,"NASA's Mars Perseverance rover acquired this image using its onboard Left Navigation Camera (Navcam). The camera is located high on the rover's mast and aids in driving. 

This image was acquired on Mar. 7, 2021 (Sol 15) at the local mean solar time of 14:04:28.",Full,Sol-00015M14:04:28.075,NASA/JPL-Caltech,2021-03-07T09:17:32.000,https://mars.nasa.gov/rss/api/?feed=raw_images&category=mars2020&feedtype=json&id=NLE_0015_0668277843_723ECM_N0030376NCAM03000_10_0LLJ,https://mars.nasa.gov/mars2020/multimedia/raw-images/?id=NLE_0015_0668277843_723ECM_N0030376NCAM03000_10_0LLJ,376,Mars Perseverance Sol 15: Left Navigation Camera (Navcam),3,2021-03-07T09:33:47Z,44.9887,-29.3933,668277845.289,1,"(31.2262,8.12755,0.398731)","(1273,1913,1296,976)","(1296,976)",https://mars.nasa.gov/mars2020-raw-images/pub/ods/surface/sol/00015/ids/edr/browse/ncam/NLE_0015_0668277843_723ECM_N0030376NCAM03000_10_0LLJ01_800.jpg,https://mars.nasa.gov/mars2020-raw-images/pub/ods/surface/sol/00015/ids/edr/browse/ncam/NLE_0015_0668277843_723ECM_N0030376NCAM03000_10_0LLJ01_320.jpg,https://mars.nasa.gov/mars2020-raw-images/pub/ods/surface/sol/00015/ids/edr/browse/ncam/NLE_0015_0668277843_723ECM_N0030376NCAM03000_10_0LLJ01.png,https://mars.nasa.gov/mars2020-raw-images/pub/ods/surface/sol/00015/ids/edr/browse/ncam/NLE_0015_0668277843_723ECM_N0030376NCAM03000_10_0LLJ01_1200.jpg,UNK,"(0.6882574389239512,0.39289755017121575,0.609863273886287)","(1.05651,0.51007,-1.90526);(0.604759,0.621813,0.497625);(-1315.42,2890.96,646.346);(-1017.49,-1026.51,2580.99);(0.603698,0.622765,0.497723);(2e-06,0.049535,-0.015973);(-0.003612,0.013016,-0.023961);2.0;0.0","(1.05651,0.51007,-1.90526)",NAVCAM_LEFT,CAHVORE
15,"(0.971582,0.00963722,0.00390579,0.236476)",NRE_0015_0668277843_723ECM_N0030376NCAM03000_14_0LLJ,"NASA's Mars Perseverance rover acquired this image using its onboard Right Navigation Camera (Navcam). The camera is located high on the rover's mast and aids in driving. 

This image was acquired on Mar. 7, 2021 (Sol 15) at the local mean solar time of 14:04:28.",Full,Sol-00015M14:04:28.075,NASA/JPL-Caltech,2021-03-07T09:17:24.000,https://mars.nasa.gov/rss/api/?feed=raw_images&category=mars2020&feedtype=json&id=NRE_0015_0668277843_723ECM_N0030376NCAM03000_14_0LLJ,https://mars.nasa.gov/mars2020/multimedia/raw-images/?id=NRE_0015_0668277843_723ECM_N0030376NCAM03000_14_0LLJ,376,Mars Perseverance Sol 15: Right Navigation Camera (Navcam),3,2021-03-07T09:33:47Z,45.371,-29.1906,668277845.392,1,"(31.2262,8.12755,0.398731)","(1273,2873,1296,968)","(1296,968)",https://mars.nasa.gov/mars2020-raw-images/pub/ods/surface/sol/00015/ids/edr/browse/ncam/NRE_0015_0668277843_723ECM_N0030376NCAM03000_14_0LLJ01_800.jpg,https://mars.nasa.gov/mars2020-raw-images/pub/ods/surface/sol/00015/ids/edr/browse/ncam/NRE_0015_0668277843_723ECM_N0030376NCAM03000_14_0LLJ01_320.jpg,https://mars.nasa.gov/mars2020-raw-images/pub/ods/surface/sol/00015/ids/edr/browse/ncam/NRE_0015_0668277843_723ECM_N0030376NCAM03000_14_0LLJ01.png,https://mars.nasa.gov/mars2020-raw-images/pub/ods/surface/sol/00015/ids/edr/browse/ncam/NRE_0015_0668277843_723ECM_N0030376NCAM03000_14_0LLJ01_1200.jpg,UNK,"(0.529845327044956,0.26365887690027817,0.8060694300370828)","(0.75233,0.806,-1.90665);(0.605493,0.622193,0.496256);(-1321.51,2874.44,639.805);(-1587.16,-1617.76,2103.75);(0.606067,0.62217,0.495584);(0.0,0.05117,-0.018889);(0.001504,0.020873,-0.009439);2.0;0.0","(0.75233,0.806,-1.90665)",NAVCAM_RIGHT,CAHVORE
15,"(0.971582,0.00963722,0.00390579,0.236476)",ZRF_0015_0668279156_299FDR_N0030376ZCAM07000_110085J,"NASA's Mars Perseverance rover acquired this image using its Right Mastcam-Z camera. Mastcam-Z is a pair of cameras located high on the rover's mast.  

This image was acquired on Mar. 7, 2021 (Sol 15) at the local mean solar time of 14:26:29.",Full,Sol-00015M14:26:29.049,NASA/JPL-Caltech/ASU,2021-03-07T09:17:02.000,https://mars.nasa.gov/rss/api/?feed=raw_images&category=mars2020&feedtype=json&id=ZRF_0015_0668279156_299FDR_N0030376ZCAM07000_110085J,https://mars.nasa.gov/mars2020/multimedia/raw-images/?id=ZRF_0015_0668279156_299FDR_N0030376ZCAM07000_110085J,376,Mars Perseverance Sol 15: Right Mastcam-Z Camera,3,2021-03-07T12:10:23Z,323.927,-6.40356,668279201.078,1,"(31.2262,8.12755,0.398731)","(33,1,1600,1200)","(1600,1200)",https://mars.nasa.gov/mars2020-raw-images/pub/ods/surface/sol/00015/ids/fdr/browse/zcam/ZRF_0015_0668279156_299FDR_N0030376ZCAM07000_110085J01_800.jpg,https://mars.nasa.gov/mars2020-raw-images/pub/ods/surface/sol/00015/ids/fdr/browse/zcam/ZRF_0015_0668279156_299FDR_N0030376ZCAM07000_110085J01_320.jpg,https://mars.nasa.gov/mars2020-raw-images/pub/ods/surface/sol/00015/ids/fdr/browse/zcam/ZRF_0015_0668279156_299FDR_N0030376ZCAM07000_110085J01.png,https://mars.nasa.gov/mars2020-raw-images/pub/ods/surface/sol/00015/ids/fdr/browse/zcam/ZRF_0015_0668279156_299FDR_N0030376ZCAM07000_110085J01_1200.jpg,ZCAM_R0_RGB,"(0.8036427086377613,-0.5845898589680286,0.11141406394662504)","(0.896946,0.641259,-1.98226);(0.806616,-0.579214,0.117888);(9385.27,11576.1,222.964);(-930.123,524.465,14846.1);(0.798943,-0.592624,0.102482);(0.00043725,0.551872,-0.111795)","(0.896946,0.641259,-1.98226)",MCZ_RIGHT,CAHVOR
15,"(0.971582,0.00963722,0.00390579,0.236476)",ZLF_0015_0668278909_299FDR_N0030376ZCAM07000_110085J,"NASA's Mars Perseverance rover acquired this image using its Left Mastcam-Z camera. Mastcam-Z is a pair of cameras located high on the rover's mast.  

This image was acquired on Mar. 7, 2021 (Sol 15) at the local mean solar time of 14:22:28.",Full,Sol-00015M14:22:28.656,NASA/JPL-Caltech/ASU,2021-03-07T09:17:01.000,https://mars.nasa.gov/rss/api/?feed=raw_images&category=mars2020&feedtype=json&id=ZLF_0015_0668278909_299FDR_N0030376ZCAM07000_110085J,https://mars.nasa.gov/mars2020/multimedia/raw-images/?id=ZLF_0015_0668278909_299FDR_N0030376ZCAM07000_110085J,376,Mars Perseverance Sol 15: Left Mastcam-Z Camera,3,2021-03-07T12:10:23Z,351.028,-6.12356,668278954.047,1,"(31.2262,8.12755,0.398731)","(33,1,1600,1200)","(1600,1200)",https://mars.nasa.gov/mars2020-raw-images/pub/ods/surface/sol/00015/ids/fdr/browse/zcam/ZLF_0015_0668278909_299FDR_N0030376ZCAM07000_110085J01_800.jpg,https://mars.nasa.gov/mars2020-raw-images/pub/ods/surface/sol/00015/ids/fdr/browse/zcam/ZLF_0015_0668278909_299FDR_N0030376ZCAM07000_110085J01_320.jpg,https://mars.nasa.gov/mars2020-raw-images/pub/ods/surface/sol/00015/ids/fdr/browse/zcam/ZLF_0015_0668278909_299FDR_N0030376ZCAM07000_110085J01.png,https://mars.nasa.gov/mars2020-raw-images/pub/ods/surface/sol/00015/ids/fdr/browse/zcam/ZLF_0015_0668278909_299FDR_N0030376ZCAM07000_110085J01_1200.jpg,ZCAM_L0_RGB,"(0.9822129122627948,-0.15452079324747175,0.10668232955092075)","(0.809656,0.432698,-1.98261);(0.98061,-0.157813,0.116251);(3110.16,14584.3,-12.1633);(-962.64,269.227,14876.8);(0.983237,-0.153736,0.0981134);(0.000302222,0.459108,0.0555593)","(0.809656,0.432698,-1.98261)",MCZ_LEFT,CAHVOR
15,"(0.971582,0.00963722,0.00390579,0.236476)",ZRF_0015_0668279257_290FDR_N0030376ZCAM07000_110085J,"NASA's Mars Perseverance rover acquired this image using its Right Mastcam-Z camera. Mastcam-Z is a pair of cameras located high on the rover's mast.  

This image was acquired on Mar. 7, 2021 (Sol 15) at the local mean solar time of 14:28:07.",Full,Sol-00015M14:28:07.348,NASA/JPL-Caltech/ASU,2021-03-07T09:16:57.000,https://mars.nasa.gov/rss/api/?feed=raw_images&category=mars2020&feedtype=json&id=ZRF_0015_0668279257_290FDR_N0030376ZCAM07000_110085J,https://mars.nasa.gov/mars2020/multimedia/raw-images/?id=ZRF_0015_0668279257_290FDR_N0030376ZCAM07000_110085J,376,Mars Perseverance Sol 15: Right Mastcam-Z Camera,3,2021-03-07T12:10:23Z,314.109,-6.53366,668279302.085,1,"(31.2262,8.12755,0.398731)","(33,1,1600,1200)","(1600,1200)",https://mars.nasa.gov/mars2020-raw-images/pub/ods/surface/sol/00015/ids/fdr/browse/zcam/ZRF_0015_0668279257_290FDR_N0030376ZCAM07000_110085J01_800.jpg,https://mars.nasa.gov/mars2020-raw-images/pub/ods/surface/sol/00015/ids/fdr/browse/zcam/ZRF_0015_0668279257_290FDR_N0030376ZCAM07000_110085J01_320.jpg,https://mars.nasa.gov/mars2020-raw-images/pub/ods/surface/sol/00015/ids/fdr/browse/zcam/ZRF_0015_0668279257_290FDR_N0030376ZCAM07000_110085J01.png,https://mars.nasa.gov/mars2020-raw-images/pub/ods/surface/sol/00015/ids/fdr/browse/zcam/ZRF_0015_0668279257_290FDR_N0030376ZCAM07000_110085J01_1200.jpg,ZCAM_R0_RGB,"(0.69201427616615,-0.7128785680958412,0.11366788786575785)","(0.909655,0.624282,-1.98218);(0.695852,-0.708076,0.120141);(11221.2,9806.77,226.8);(-852.016,698.089,14843.6);(0.686031,-0.720005,0.104736);(0.00043725,0.551872,-0.111795)","(0.909655,0.624282,-1.98218)",MCZ_RIGHT,CAHVOR
15,"(0.971582,0.00963722,0.00390579,0.236476)",ZRF_0015_0668279057_299FDR_N0030376ZCAM07000_110085J,"NASA's Mars Perseverance rover acquired this image using its Right Mastcam-Z camera. Mastcam-Z is a pair of cameras located high on the rover's mast.  

This image was acquired on Mar. 7, 2021 (Sol 15) at the local mean solar time of 14:24:52.",Full,Sol-00015M14:24:52.697,NASA/JPL-Caltech/ASU,2021-03-07T09:16:25.000,https://mars.nasa.gov/rss/api/?feed=raw_images&category=mars2020&feedtype=json&id=ZRF_0015_0668279057_299FDR_N0030376ZCAM07000_110085J,https://mars.nasa.gov/mars2020/multimedia/raw-images/?id=ZRF_0015_0668279057_299FDR_N0030376ZCAM07000_110085J,376,Mars Perseverance Sol 15: Right Mastcam-Z Camera,3,2021-03-07T12:10:23Z,333.747,-6.24359,668279102.079,1,"(31.2262,8.12755,0.398731)","(33,1,1600,1200)","(1600,1200)",https://mars.nasa.gov/mars2020-raw-images/pub/ods/surface/sol/00015/ids/fdr/browse/zcam/ZRF_0015_0668279057_299FDR_N0030376ZCAM07000_110085J01_800.jpg,https://mars.nasa.gov/mars2020-raw-images/pub/ods/surface/sol/00015/ids/fdr/browse/zcam/ZRF_0015_0668279057_299FDR_N0030376ZCAM07000_110085J01_320.jpg,https://mars.nasa.gov/mars2020-raw-images/pub/ods/surface/sol/00015/ids/fdr/browse/zcam/ZRF_0015_0668279057_299FDR_N0030376ZCAM07000_110085J01.png,https://mars.nasa.gov/mars2020-raw-images/pub/ods/surface/sol/00015/ids/fdr/browse/zcam/ZRF_0015_0668279057_299FDR_N0030376ZCAM07000_110085J01_1200.jpg,ZCAM_R0_RGB,"(0.8918488527728234,-0.43909480498289255,0.10863413848709975)","(0.881546,0.655784,-1.98234);(0.893901,-0.433256,0.115092);(7273.73,13005.8,218.033);(-967.346,342.278,14848.0);(0.888583,-0.44776,0.0997369);(0.000435875,0.552077,-0.110875)","(0.881546,0.655784,-1.98234)",MCZ_RIGHT,CAHVOR
15,"(0.971582,0.00963722,0.00390579,0.236476)",ZLF_0015_0668279008_299FDR_N0030376ZCAM07000_110085J,"NASA's Mars Perseverance rover acquired this image using its Left Mastcam-Z camera. Mastcam-Z is a pair of cameras located high on the rover's mast.  

This image was acquired on Mar. 7, 2021 (Sol 15) at the local mean solar time of 14:24:05.",Full,Sol-00015M14:24:05.008,NASA/JPL-Caltech/ASU,2021-03-07T09:16:20.000,https://mars.nasa.gov/rss/api/?feed=raw_images&category=mars2020&feedtype=json&id=ZLF_0015_0668279008_299FDR_N0030376ZCAM07000_110085J,https://mars.nasa.gov/mars2020/multimedia/raw-images/?id=ZLF_0015_0668279008_299FDR_N0030376ZCAM07000_110085J,376,Mars Perseverance Sol 15: Left Mastcam-Z Camera,3,2021-03-07T12:10:23Z,341.033,-6.30935,668279053.047,1,"(31.2262,8.12755,0.398731)","(33,1,1600,1200)","(1600,1200)",https://mars.nasa.gov/mars2020-raw-images/pub/ods/surface/sol/00015/ids/fdr/browse/zcam/ZLF_0015_0668279008_299FDR_N0030376ZCAM07000_110085J01_800.jpg,https://mars.nasa.gov/mars2020-raw-images/pub/ods/surface/sol/00015/ids/fdr/browse/zcam/ZLF_0015_0668279008_299FDR_N0030376ZCAM07000_110085J01_320.jpg,https://mars.nasa.gov/mars2020-raw-images/pub/ods/surface/sol/00015/ids/fdr/browse/zcam/ZLF_0015_0668279008_299FDR_N0030376ZCAM07000_110085J01.png,https://mars.nasa.gov/mars2020-raw-images/pub/ods/surface/sol/00015/ids/fdr/browse/zcam/ZLF_0015_0668279008_299FDR_N0030376ZCAM07000_110085J01_1200.jpg,ZCAM_L0_RGB,"(0.9401577777550295,-0.32252537862803754,0.10991238814422073)","(0.787787,0.433747,-1.98255);(0.937978,-0.325481,0.119477);(5593.95,13823.3,-7.88243);(-947.567,446.31,14873.5);(0.941329,-0.321939,0.101346);(0.000302222,0.459108,0.0555593)","(0.787787,0.433747,-1.98255)",MCZ_LEFT,CAHVOR
15,"(0.971582,0.00963722,0.00390579,0.236476)",ZLF_0015_0668279205_320FDR_N0030376ZCAM07000_110085J,"NASA's Mars Perseverance rover acquired this image using its Left Mastcam-Z camera. Mastcam-Z is a pair of cameras located high on the rover's mast.  

This image was acquired on Mar. 7, 2021 (Sol 15) at the local mean solar time of 14:27:16.",Full,Sol-00015M14:27:16.739,NASA/JPL-Caltech/ASU,2021-03-07T09:16:18.000,https://mars.nasa.gov/rss/api/?feed=raw_images&category=mars2020&feedtype=json&id=ZLF_0015_0668279205_320FDR_N0030376ZCAM07000_110085J,https://mars.nasa.gov/mars2020/multimedia/raw-images/?id=ZLF_0015_0668279205_320FDR_N0030376ZCAM07000_110085J,376,Mars Perseverance Sol 15: Left Mastcam-Z Camera,3,2021-03-07T12:10:23Z,321.406,-6.62863,668279250.059,1,"(31.2262,8.12755,0.398731)","(33,1,1600,1200)","(1600,1200)",https://mars.nasa.gov/mars2020-raw-images/pub/ods/surface/sol/00015/ids/fdr/browse/zcam/ZLF_0015_0668279205_320FDR_N0030376ZCAM07000_110085J01_800.jpg,https://mars.nasa.gov/mars2020-raw-images/pub/ods/surface/sol/00015/ids/fdr/browse/zcam/ZLF_0015_0668279205_320FDR_N0030376ZCAM07000_110085J01_320.jpg,https://mars.nasa.gov/mars2020-raw-images/pub/ods/surface/sol/00015/ids/fdr/browse/zcam/ZLF_0015_0668279205_320FDR_N0030376ZCAM07000_110085J01.png,https://mars.nasa.gov/mars2020-raw-images/pub/ods/surface/sol/00015/ids/fdr/browse/zcam/ZLF_0015_0668279205_320FDR_N0030376ZCAM07000_110085J01_1200.jpg,ZCAM_L0_RGB,"(0.776710881482773,-0.6191882041831412,0.11543905052758481)","(0.746761,0.446677,-1.98243);(0.773513,-0.621357,0.124934);(9913.35,11143.1,-1.44334);(-808.863,788.68,14869.9);(0.778009,-0.619086,0.107006);(0.000294,0.457936,0.05941)","(0.746761,0.446677,-1.98243)",MCZ_LEFT,CAHVOR
15,"(0.971582,0.00963722,0.00390579,0.236476)",ZRF_0015_0668279306_320FDR_N0030376ZCAM07000_110085J,"NASA's Mars Perseverance rover acquired this image using its Right Mastcam-Z camera. Mastcam-Z is a pair of cameras located high on the rover's mast.  

This image was acquired on Mar. 7, 2021 (Sol 15) at the local mean solar time of 14:28:55.",Full,Sol-00015M14:28:55.038,NASA/JPL-Caltech/ASU,2021-03-07T09:16:07.000,https://mars.nasa.gov/rss/api/?feed=raw_images&category=mars2020&feedtype=json&id=ZRF_0015_0668279306_320FDR_N0030376ZCAM07000_110085J,https://mars.nasa.gov/mars2020/multimedia/raw-images/?id=ZRF_0015_0668279306_320FDR_N0030376ZCAM07000_110085J,376,Mars Perseverance Sol 15: Right Mastcam-Z Camera,3,2021-03-07T12:10:23Z,309.238,-6.5971,668279351.088,1,"(31.2262,8.12755,0.398731)","(33,1,1600,1200)","(1600,1200)",https://mars.nasa.gov/mars2020-raw-images/pub/ods/surface/sol/00015/ids/fdr/browse/zcam/ZRF_0015_0668279306_320FDR_N0030376ZCAM07000_110085J01_800.jpg,https://mars.nasa.gov/mars2020-raw-images/pub/ods/surface/sol/00015/ids/fdr/browse/zcam/ZRF_0015_0668279306_320FDR_N0030376ZCAM07000_110085J01_320.jpg,https://mars.nasa.gov/mars2020-raw-images/pub/ods/surface/sol/00015/ids/fdr/browse/zcam/ZRF_0015_0668279306_320FDR_N0030376ZCAM07000_110085J01.png,https://mars.nasa.gov/mars2020-raw-images/pub/ods/surface/sol/00015/ids/fdr/browse/zcam/ZRF_0015_0668279306_320FDR_N0030376ZCAM07000_110085J01_1200.jpg,ZCAM_R0_RGB,"(0.6288956169614078,-0.7689728100065321,0.11476550194805134)","(0.914829,0.615106,-1.98214);(0.63312,-0.764511,0.121238);(12013.2,8818.64,228.469);(-800.664,780.106,14842.4);(0.622333,-0.775575,0.105835);(0.00043725,0.551872,-0.111795)","(0.914829,0.615106,-1.98214)",MCZ_RIGHT,CAHVOR
15,"(0.971582,0.00963722,0.00390579,0.236476)",ZRF_0015_0668278761_299FDR_N0030376ZCAM07000_110085J,"NASA's Mars Perseverance rover acquired this image using its Right Mastcam-Z camera. Mastcam-Z is a pair of cameras located high on the rover's mast.  

This image was acquired on Mar. 7, 2021 (Sol 15) at the local mean solar time of 14:20:04.",Full,Sol-00015M14:20:04.614,NASA/JPL-Caltech/ASU,2021-03-07T09:15:54.000,https://mars.nasa.gov/rss/api/?feed=raw_images&category=mars2020&feedtype=json&id=ZRF_0015_0668278761_299FDR_N0030376ZCAM07000_110085J,https://mars.nasa.gov/mars2020/multimedia/raw-images/?id=ZRF_0015_0668278761_299FDR_N0030376ZCAM07000_110085J,376,Mars Perseverance Sol 15: Right Mastcam-Z Camera,3,2021-03-07T12:10:23Z,348.407,-2.30546,668278806.061,1,"(31.2262,8.12755,0.398731)","(33,1,1600,1200)","(1600,1200)",https://mars.nasa.gov/mars2020-raw-images/pub/ods/surface/sol/00015/ids/fdr/browse/zcam/ZRF_0015_0668278761_299FDR_N0030376ZCAM07000_110085J01_800.jpg,https://mars.nasa.gov/mars2020-raw-images/pub/ods/surface/sol/00015/ids/fdr/browse/zcam/ZRF_0015_0668278761_299FDR_N0030376ZCAM07000_110085J01_320.jpg,https://mars.nasa.gov/mars2020-raw-images/pub/ods/surface/sol/00015/ids/fdr/browse/zcam/ZRF_0015_0668278761_299FDR_N0030376ZCAM07000_110085J01.png,https://mars.nasa.gov/mars2020-raw-images/pub/ods/surface/sol/00015/ids/fdr/browse/zcam/ZRF_0015_0668278761_299FDR_N0030376ZCAM07000_110085J01_1200.jpg,ZCAM_R0_RGB,"(0.9789489240391638,-0.20012381156515208,0.040118127663176864)","(0.849566,0.672951,-1.98421);(0.979787,-0.194535,0.0467947);(3761.93,14432.8,139.226);(-16.8555,-94.657,14894.5);(0.977283,-0.209725,0.0308009);(0.000451,0.549818,-0.120987)","(0.849566,0.672951,-1.98421)",MCZ_RIGHT,CAHVOR
15,"(0.971582,0.00963722,0.00390579,0.236476)",ZLF_0015_0668279408_290FDR_N0030376ZCAM07000_110085J,"NASA's Mars Perseverance rover acquired this image using its Left Mastcam-Z camera. Mastcam-Z is a pair of cameras located high on the rover's mast.  

This image was acquired on Mar. 7, 2021 (Sol 15) at the local mean solar time of 14:30:34.",Full,Sol-00015M14:30:34.309,NASA/JPL-Caltech/ASU,2021-03-07T09:15:21.000,https://mars.nasa.gov/rss/api/?feed=raw_images&category=mars2020&feedtype=json&id=ZLF_0015_0668279408_290FDR_N0030376ZCAM07000_110085J,https://mars.nasa.gov/mars2020/multimedia/raw-images/?id=ZLF_0015_0668279408_290FDR_N0030376ZCAM07000_110085J,376,Mars Perseverance Sol 15: Left Mastcam-Z Camera,3,2021-03-07T12:10:23Z,301.724,-6.84245,668279453.060,1,"(31.2262,8.12755,0.398731)","(33,1,1600,1200)","(1600,1200)",https://mars.nasa.gov/mars2020-raw-images/pub/ods/surface/sol/00015/ids/fdr/browse/zcam/ZLF_0015_0668279408_290FDR_N0030376ZCAM07000_110085J01_800.jpg,https://mars.nasa.gov/mars2020-raw-images/pub/ods/surface/sol/00015/ids/fdr/browse/zcam/ZLF_0015_0668279408_290FDR_N0030376ZCAM07000_110085J01_320.jpg,https://mars.nasa.gov/mars2020-raw-images/pub/ods/surface/sol/00015/ids/fdr/browse/zcam/ZLF_0015_0668279408_290FDR_N0030376ZCAM07000_110085J01.png,https://mars.nasa.gov/mars2020-raw-images/pub/ods/surface/sol/00015/ids/fdr/browse/zcam/ZLF_0015_0668279408_290FDR_N0030376ZCAM07000_110085J01_1200.jpg,ZCAM_L0_RGB,"(0.5225479440839463,-0.8442433319053616,0.11915050426655514)","(0.712308,0.472668,-1.98234);(0.518789,-0.845178,0.128641);(13087.2,7153.11,2.01838);(-525.598,1062.04,14865.6);(0.523822,-0.844611,0.110721);(0.000294,0.457936,0.05941)","(0.712308,0.472668,-1.98234)",MCZ_LEFT,CAHVOR
15,"(0.971582,0.00963722,0.00390579,0.236476)",ZLF_0015_0668279306_320FDR_N0030376ZCAM07000_110085J,"NASA's Mars Perseverance rover acquired this image using its Left Mastcam-Z camera. Mastcam-Z is a pair of cameras located high on the rover's mast.  

This image was acquired on Mar. 7, 2021 (Sol 15) at the local mean solar time of 14:28:55.",Full,Sol-00015M14:28:55.037,NASA/JPL-Caltech/ASU,2021-03-07T09:15:20.000,https://mars.nasa.gov/rss/api/?feed=raw_images&category=mars2020&feedtype=json&id=ZLF_0015_0668279306_320FDR_N0030376ZCAM07000_110085J,https://mars.nasa.gov/mars2020/multimedia/raw-images/?id=ZLF_0015_0668279306_320FDR_N0030376ZCAM07000_110085J,376,Mars Perseverance Sol 15: Left Mastcam-Z Camera,3,2021-03-07T12:10:23Z,311.601,-6.75029,668279351.054,1,"(31.2262,8.12755,0.398731)","(33,1,1600,1200)","(1600,1200)",https://mars.nasa.gov/mars2020-raw-images/pub/ods/surface/sol/00015/ids/fdr/browse/zcam/ZLF_0015_0668279306_320FDR_N0030376ZCAM07000_110085J01_800.jpg,https://mars.nasa.gov/mars2020-raw-images/pub/ods/surface/sol/00015/ids/fdr/browse/zcam/ZLF_0015_0668279306_320FDR_N0030376ZCAM07000_110085J01_320.jpg,https://mars.nasa.gov/mars2020-raw-images/pub/ods/surface/sol/00015/ids/fdr/browse/zcam/ZLF_0015_0668279306_320FDR_N0030376ZCAM07000_110085J01.png,https://mars.nasa.gov/mars2020-raw-images/pub/ods/surface/sol/00015/ids/fdr/browse/zcam/ZLF_0015_0668279306_320FDR_N0030376ZCAM07000_110085J01_1200.jpg,ZCAM_L0_RGB,"(0.6597419059453425,-0.7422417613146687,0.11754907613463027)","(0.728497,0.458137,-1.98238);(0.65621,-0.743818,0.127041);(11666.3,9291.94,0.709243);(-684.043,938.233,14867.5);(0.661052,-0.742374,0.109118);(0.000294,0.457936,0.05941)","(0.728497,0.458137,-1.98238)",MCZ_LEFT,CAHVOR
15,"(0.971582,0.00963722,0.00390579,0.236476)",ZRF_0015_0668278859_299FDR_N0030376ZCAM07000_110085J,"NASA's Mars Perseverance rover acquired this image using its Right Mastcam-Z camera. Mastcam-Z is a pair of cameras located high on the rover's mast.  

This image was acquired on Mar. 7, 2021 (Sol 15) at the local mean solar time of 14:21:39.",Full,Sol-00015M14:21:39.020,NASA/JPL-Caltech/ASU,2021-03-07T09:15:20.000,https://mars.nasa.gov/rss/api/?feed=raw_images&category=mars2020&feedtype=json&id=ZRF_0015_0668278859_299FDR_N0030376ZCAM07000_110085J,https://mars.nasa.gov/mars2020/multimedia/raw-images/?id=ZRF_0015_0668278859_299FDR_N0030376ZCAM07000_110085J,376,Mars Perseverance Sol 15: Right Mastcam-Z Camera,3,2021-03-07T12:10:23Z,353.351,-5.65142,668278903.088,1,"(31.2262,8.12755,0.398731)","(33,1,1600,1200)","(1600,1200)",https://mars.nasa.gov/mars2020-raw-images/pub/ods/surface/sol/00015/ids/fdr/browse/zcam/ZRF_0015_0668278859_299FDR_N0030376ZCAM07000_110085J01_800.jpg,https://mars.nasa.gov/mars2020-raw-images/pub/ods/surface/sol/00015/ids/fdr/browse/zcam/ZRF_0015_0668278859_299FDR_N0030376ZCAM07000_110085J01_320.jpg,https://mars.nasa.gov/mars2020-raw-images/pub/ods/surface/sol/00015/ids/fdr/browse/zcam/ZRF_0015_0668278859_299FDR_N0030376ZCAM07000_110085J01.png,https://mars.nasa.gov/mars2020-raw-images/pub/ods/surface/sol/00015/ids/fdr/browse/zcam/ZRF_0015_0668278859_299FDR_N0030376ZCAM07000_110085J01_1200.jpg,ZCAM_R0_RGB,"(0.988536894154746,-0.11454309618493608,0.09835999192383552)","(0.844135,0.675931,-1.98268);(0.988578,-0.108358,0.104822);(2491.57,14692.0,201.632);(-872.751,-11.4729,14857.8);(0.988275,-0.123795,0.0894591);(0.000435875,0.552077,-0.110875)","(0.844135,0.675931,-1.98268)",MCZ_RIGHT,CAHVOR
15,"(0.971582,0.00963722,0.00390579,0.236476)",ZRF_0015_0668278663_299FDR_N0030376ZCAM07000_110085J,"NASA's Mars Perseverance rover acquired this image using its Right Mastcam-Z camera. Mastcam-Z is a pair of cameras located high on the rover's mast.  

This image was acquired on Mar. 7, 2021 (Sol 15) at the local mean solar time of 14:18:29.",Full,Sol-00015M14:18:29.235,NASA/JPL-Caltech/ASU,2021-03-07T09:14:50.000,https://mars.nasa.gov/rss/api/?feed=raw_images&category=mars2020&feedtype=json&id=ZRF_0015_0668278663_299FDR_N0030376ZCAM07000_110085J,https://mars.nasa.gov/mars2020/multimedia/raw-images/?id=ZRF_0015_0668278663_299FDR_N0030376ZCAM07000_110085J,376,Mars Perseverance Sol 15: Right Mastcam-Z Camera,3,2021-03-07T12:10:23Z,338.605,-2.49098,668278708.053,1,"(31.2262,8.12755,0.398731)","(33,1,1600,1200)","(1600,1200)",https://mars.nasa.gov/mars2020-raw-images/pub/ods/surface/sol/00015/ids/fdr/browse/zcam/ZRF_0015_0668278663_299FDR_N0030376ZCAM07000_110085J01_800.jpg,https://mars.nasa.gov/mars2020-raw-images/pub/ods/surface/sol/00015/ids/fdr/browse/zcam/ZRF_0015_0668278663_299FDR_N0030376ZCAM07000_110085J01_320.jpg,https://mars.nasa.gov/mars2020-raw-images/pub/ods/surface/sol/00015/ids/fdr/browse/zcam/ZRF_0015_0668278663_299FDR_N0030376ZCAM07000_110085J01.png,https://mars.nasa.gov/mars2020-raw-images/pub/ods/surface/sol/00015/ids/fdr/browse/zcam/ZRF_0015_0668278663_299FDR_N0030376ZCAM07000_110085J01_1200.jpg,ZCAM_R0_RGB,"(0.9304643585088195,-0.3638088370441579,0.04334982852732286)","(0.86844,0.66364,-1.98411);(0.932221,-0.358438,0.0500268);(6163.47,13581.9,145.377);(-78.895,-76.1974,14894.4);(0.927217,-0.372996,0.0340312);(0.000451,0.549818,-0.120987)","(0.86844,0.66364,-1.98411)",MCZ_RIGHT,CAHVOR
15,"(0.971582,0.00963722,0.00390579,0.236476)",ZRF_0015_0668278612_320FDR_N0030376ZCAM07000_110085J,"NASA's Mars Perseverance rover acquired this image using its Right Mastcam-Z camera. Mastcam-Z is a pair of cameras located high on the rover's mast.  

This image was acquired on Mar. 7, 2021 (Sol 15) at the local mean solar time of 14:17:41.",Full,Sol-00015M14:17:41.546,NASA/JPL-Caltech/ASU,2021-03-07T09:14:44.000,https://mars.nasa.gov/rss/api/?feed=raw_images&category=mars2020&feedtype=json&id=ZRF_0015_0668278612_320FDR_N0030376ZCAM07000_110085J,https://mars.nasa.gov/mars2020/multimedia/raw-images/?id=ZRF_0015_0668278612_320FDR_N0030376ZCAM07000_110085J,376,Mars Perseverance Sol 15: Right Mastcam-Z Camera,3,2021-03-07T12:10:23Z,333.687,-2.57901,668278659.038,1,"(31.2262,8.12755,0.398731)","(33,1,1600,1200)","(1600,1200)",https://mars.nasa.gov/mars2020-raw-images/pub/ods/surface/sol/00015/ids/fdr/browse/zcam/ZRF_0015_0668278612_320FDR_N0030376ZCAM07000_110085J01_800.jpg,https://mars.nasa.gov/mars2020-raw-images/pub/ods/surface/sol/00015/ids/fdr/browse/zcam/ZRF_0015_0668278612_320FDR_N0030376ZCAM07000_110085J01_320.jpg,https://mars.nasa.gov/mars2020-raw-images/pub/ods/surface/sol/00015/ids/fdr/browse/zcam/ZRF_0015_0668278612_320FDR_N0030376ZCAM07000_110085J01.png,https://mars.nasa.gov/mars2020-raw-images/pub/ods/surface/sol/00015/ids/fdr/browse/zcam/ZRF_0015_0668278612_320FDR_N0030376ZCAM07000_110085J01_1200.jpg,ZCAM_R0_RGB,"(0.8957881737307448,-0.4422091036369532,0.04488492469347624)","(0.877231,0.657777,-1.98407);(0.897989,-0.437005,0.051562);(7304.89,13003.6,148.204);(-106.37,-60.4632,14894.3);(0.891779,-0.451089,0.0355658);(0.000451,0.549818,-0.120987)","(0.877231,0.657777,-1.98407)",MCZ_RIGHT,CAHVOR
15,"(0.971582,0.00963722,0.00390579,0.236476)",ZLF_0015_0668279156_299FDR_N0030376ZCAM07000_110085J,"NASA's Mars Perseverance rover acquired this image using its Left Mastcam-Z camera. Mastcam-Z is a pair of cameras located high on the rover's mast.  

This image was acquired on Mar. 7, 2021 (Sol 15) at the local mean solar time of 14:26:29.",Full,Sol-00015M14:26:29.049,NASA/JPL-Caltech/ASU,2021-03-07T09:14:32.000,https://mars.nasa.gov/rss/api/?feed=raw_images&category=mars2020&feedtype=json&id=ZLF_0015_0668279156_299FDR_N0030376ZCAM07000_110085J,https://mars.nasa.gov/mars2020/multimedia/raw-images/?id=ZLF_0015_0668279156_299FDR_N0030376ZCAM07000_110085J,376,Mars Perseverance Sol 15: Left Mastcam-Z Camera,3,2021-03-07T12:10:23Z,326.289,-6.55645,668279201.056,1,"(31.2262,8.12755,0.398731)","(33,1,1600,1200)","(1600,1200)",https://mars.nasa.gov/mars2020-raw-images/pub/ods/surface/sol/00015/ids/fdr/browse/zcam/ZLF_0015_0668279156_299FDR_N0030376ZCAM07000_110085J01_800.jpg,https://mars.nasa.gov/mars2020-raw-images/pub/ods/surface/sol/00015/ids/fdr/browse/zcam/ZLF_0015_0668279156_299FDR_N0030376ZCAM07000_110085J01_320.jpg,https://mars.nasa.gov/mars2020-raw-images/pub/ods/surface/sol/00015/ids/fdr/browse/zcam/ZLF_0015_0668279156_299FDR_N0030376ZCAM07000_110085J01.png,https://mars.nasa.gov/mars2020-raw-images/pub/ods/surface/sol/00015/ids/fdr/browse/zcam/ZLF_0015_0668279156_299FDR_N0030376ZCAM07000_110085J01_1200.jpg,ZCAM_L0_RGB,"(0.8267104950346337,-0.5509169738168723,0.11419389370737143)","(0.756503,0.442175,-1.98246);(0.823721,-0.553354,0.12369);(8929.01,11946.3,-2.82321);(-857.336,706.948,14871.3);(0.827988,-0.550697,0.10576);(0.000294,0.457936,0.05941)","(0.756503,0.442175,-1.98246)",MCZ_LEFT,CAHVOR
15,"(0.971582,0.00963722,0.00390579,0.236476)",ZLF_0015_0668279106_290FDR_N0030376ZCAM07000_110085J,"NASA's Mars Perseverance rover acquired this image using its Left Mastcam-Z camera. Mastcam-Z is a pair of cameras located high on the rover's mast.  

This image was acquired on Mar. 7, 2021 (Sol 15) at the local mean solar time of 14:25:40.",Full,Sol-00015M14:25:40.386,NASA/JPL-Caltech/ASU,2021-03-07T09:14:17.000,https://mars.nasa.gov/rss/api/?feed=raw_images&category=mars2020&feedtype=json&id=ZLF_0015_0668279106_290FDR_N0030376ZCAM07000_110085J,https://mars.nasa.gov/mars2020/multimedia/raw-images/?id=ZLF_0015_0668279106_290FDR_N0030376ZCAM07000_110085J,376,Mars Perseverance Sol 15: Left Mastcam-Z Camera,3,2021-03-07T12:10:23Z,331.208,-6.47855,668279151.054,1,"(31.2262,8.12755,0.398731)","(33,1,1600,1200)","(1600,1200)",https://mars.nasa.gov/mars2020-raw-images/pub/ods/surface/sol/00015/ids/fdr/browse/zcam/ZLF_0015_0668279106_290FDR_N0030376ZCAM07000_110085J01_800.jpg,https://mars.nasa.gov/mars2020-raw-images/pub/ods/surface/sol/00015/ids/fdr/browse/zcam/ZLF_0015_0668279106_290FDR_N0030376ZCAM07000_110085J01_320.jpg,https://mars.nasa.gov/mars2020-raw-images/pub/ods/surface/sol/00015/ids/fdr/browse/zcam/ZLF_0015_0668279106_290FDR_N0030376ZCAM07000_110085J01.png,https://mars.nasa.gov/mars2020-raw-images/pub/ods/surface/sol/00015/ids/fdr/browse/zcam/ZLF_0015_0668279106_290FDR_N0030376ZCAM07000_110085J01_1200.jpg,ZCAM_L0_RGB,"(0.8710426160759869,-0.4780695690877712,0.11284612572762022)","(0.766709,0.438463,-1.98249);(0.868325,-0.480679,0.122376);(7871.21,12667.0,-4.32028);(-896.746,621.51,14871.6);(0.872302,-0.47772,0.104347);(0.000298111,0.458522,0.0574847)","(0.766709,0.438463,-1.98249)",MCZ_LEFT,CAHVOR
15,"(0.971582,0.00963722,0.00390579,0.236476)",ZRF_0015_0668279205_320FDR_N0030376ZCAM07000_110085J,"NASA's Mars Perseverance rover acquired this image using its Right Mastcam-Z camera. Mastcam-Z is a pair of cameras located high on the rover's mast.  

This image was acquired on Mar. 7, 2021 (Sol 15) at the local mean solar time of 14:27:18.",Full,Sol-00015M14:27:18.685,NASA/JPL-Caltech/ASU,2021-03-07T09:14:17.000,https://mars.nasa.gov/rss/api/?feed=raw_images&category=mars2020&feedtype=json&id=ZRF_0015_0668279205_320FDR_N0030376ZCAM07000_110085J,https://mars.nasa.gov/mars2020/multimedia/raw-images/?id=ZRF_0015_0668279205_320FDR_N0030376ZCAM07000_110085J,376,Mars Perseverance Sol 15: Right Mastcam-Z Camera,3,2021-03-07T12:10:23Z,319.044,-6.47562,668279252.076,1,"(31.2262,8.12755,0.398731)","(33,1,1600,1200)","(1600,1200)",https://mars.nasa.gov/mars2020-raw-images/pub/ods/surface/sol/00015/ids/fdr/browse/zcam/ZRF_0015_0668279205_320FDR_N0030376ZCAM07000_110085J01_800.jpg,https://mars.nasa.gov/mars2020-raw-images/pub/ods/surface/sol/00015/ids/fdr/browse/zcam/ZRF_0015_0668279205_320FDR_N0030376ZCAM07000_110085J01_320.jpg,https://mars.nasa.gov/mars2020-raw-images/pub/ods/surface/sol/00015/ids/fdr/browse/zcam/ZRF_0015_0668279205_320FDR_N0030376ZCAM07000_110085J01.png,https://mars.nasa.gov/mars2020-raw-images/pub/ods/surface/sol/00015/ids/fdr/browse/zcam/ZRF_0015_0668279205_320FDR_N0030376ZCAM07000_110085J01_1200.jpg,ZCAM_R0_RGB,"(0.7508622269629501,-0.6507796085507965,0.11265796560701413)","(0.903638,0.633086,-1.98221);(0.754275,-0.645672,0.119131);(10336.2,10735.5,225.076);(-896.892,613.035,14844.7);(0.745504,-0.658392,0.103726);(0.00043725,0.551872,-0.111795)","(0.903638,0.633086,-1.98221)",MCZ_RIGHT,CAHVOR
15,"(0.971582,0.00963722,0.00390579,0.236476)",ZRF_0015_0668278142_301FDR_N0030376ZCAM07000_110085J,"NASA's Mars Perseverance rover acquired this image using its Right Mastcam-Z camera. Mastcam-Z is a pair of cameras located high on the rover's mast.  

This image was acquired on Mar. 7, 2021 (Sol 15) at the local mean solar time of 14:12:01.",Full,Sol-00015M14:12:01.881,NASA/JPL-Caltech/ASU,2021-03-07T09:14:10.000,https://mars.nasa.gov/rss/api/?feed=raw_images&category=mars2020&feedtype=json&id=ZRF_0015_0668278142_301FDR_N0030376ZCAM07000_110085J,https://mars.nasa.gov/mars2020/multimedia/raw-images/?id=ZRF_0015_0668278142_301FDR_N0030376ZCAM07000_110085J,376,Mars Perseverance Sol 15: Right Mastcam-Z Camera,3,2021-03-07T12:10:23Z,299.534,-3.02902,668278310.041,1,"(31.2262,8.12755,0.398731)","(1,1,1648,1200)","(1648,1200)",https://mars.nasa.gov/mars2020-raw-images/pub/ods/surface/sol/00015/ids/fdr/browse/zcam/ZRF_0015_0668278142_301FDR_N0030376ZCAM07000_110085J01_800.jpg,https://mars.nasa.gov/mars2020-raw-images/pub/ods/surface/sol/00015/ids/fdr/browse/zcam/ZRF_0015_0668278142_301FDR_N0030376ZCAM07000_110085J01_320.jpg,https://mars.nasa.gov/mars2020-raw-images/pub/ods/surface/sol/00015/ids/fdr/browse/zcam/ZRF_0015_0668278142_301FDR_N0030376ZCAM07000_110085J01.png,https://mars.nasa.gov/mars2020-raw-images/pub/ods/surface/sol/00015/ids/fdr/browse/zcam/ZRF_0015_0668278142_301FDR_N0030376ZCAM07000_110085J01_1200.jpg,ZCAM_R0_RGB,"(0.4923874357635729,-0.8687776016813783,0.05272657696954715)","(0.920286,0.59976,-1.98384);(0.49761,-0.865374,0.0593898);(13359.5,6633.08,162.978);(-185.415,108.128,14892.2);(0.484632,-0.873648,0.043446);(0.000449625,0.550023,-0.120068)","(0.920286,0.59976,-1.98384)",MCZ_RIGHT,CAHVOR
15,"(0.971582,0.00963722,0.00390579,0.236476)",ZLF_0015_0668278363_290FDR_N0030376ZCAM07000_110085J,"NASA's Mars Perseverance rover acquired this image using its Left Mastcam-Z camera. Mastcam-Z is a pair of cameras located high on the rover's mast.  

This image was acquired on Mar. 7, 2021 (Sol 15) at the local mean solar time of 14:13:37.",Full,Sol-00015M14:13:37.260,NASA/JPL-Caltech/ASU,2021-03-07T09:13:42.000,https://mars.nasa.gov/rss/api/?feed=raw_images&category=mars2020&feedtype=json&id=ZLF_0015_0668278363_290FDR_N0030376ZCAM07000_110085J,https://mars.nasa.gov/mars2020/multimedia/raw-images/?id=ZLF_0015_0668278363_290FDR_N0030376ZCAM07000_110085J,376,Mars Perseverance Sol 15: Left Mastcam-Z Camera,3,2021-03-07T12:10:23Z,311.492,-3.08421,668278408.077,1,"(31.2262,8.12755,0.398731)","(33,1,1600,1200)","(1600,1200)",https://mars.nasa.gov/mars2020-raw-images/pub/ods/surface/sol/00015/ids/fdr/browse/zcam/ZLF_0015_0668278363_290FDR_N0030376ZCAM07000_110085J01_800.jpg,https://mars.nasa.gov/mars2020-raw-images/pub/ods/surface/sol/00015/ids/fdr/browse/zcam/ZLF_0015_0668278363_290FDR_N0030376ZCAM07000_110085J01_320.jpg,https://mars.nasa.gov/mars2020-raw-images/pub/ods/surface/sol/00015/ids/fdr/browse/zcam/ZLF_0015_0668278363_290FDR_N0030376ZCAM07000_110085J01.png,https://mars.nasa.gov/mars2020-raw-images/pub/ods/surface/sol/00015/ids/fdr/browse/zcam/ZLF_0015_0668278363_290FDR_N0030376ZCAM07000_110085J01_1200.jpg,ZCAM_L0_RGB,"(0.6619609883266959,-0.7476045387056947,0.05380616730626571)","(0.725324,0.461787,-1.984);(0.65821,-0.750199,0.0630592);(11690.0,9278.51,-31.6724);(-65.9203,213.055,14921.9);(0.662747,-0.747446,0.0459079);(0.000257,0.452661,0.076738)","(0.725324,0.461787,-1.984)",MCZ_LEFT,CAHVOR
15,"(0.971582,0.00963722,0.00390579,0.236476)",ZLF_0015_0668278563_299FDR_N0030376ZCAM07000_110085J,"NASA's Mars Perseverance rover acquired this image using its Left Mastcam-Z camera. Mastcam-Z is a pair of cameras located high on the rover's mast.  

This image was acquired on Mar. 7, 2021 (Sol 15) at the local mean solar time of 14:16:51.",Full,Sol-00015M14:16:51.910,NASA/JPL-Caltech/ASU,2021-03-07T09:13:42.000,https://mars.nasa.gov/rss/api/?feed=raw_images&category=mars2020&feedtype=json&id=ZLF_0015_0668278563_299FDR_N0030376ZCAM07000_110085J,https://mars.nasa.gov/mars2020/multimedia/raw-images/?id=ZLF_0015_0668278563_299FDR_N0030376ZCAM07000_110085J,376,Mars Perseverance Sol 15: Left Mastcam-Z Camera,3,2021-03-07T12:10:23Z,331.149,-2.81254,668278608.060,1,"(31.2262,8.12755,0.398731)","(33,1,1600,1200)","(1600,1200)",https://mars.nasa.gov/mars2020-raw-images/pub/ods/surface/sol/00015/ids/fdr/browse/zcam/ZLF_0015_0668278563_299FDR_N0030376ZCAM07000_110085J01_800.jpg,https://mars.nasa.gov/mars2020-raw-images/pub/ods/surface/sol/00015/ids/fdr/browse/zcam/ZLF_0015_0668278563_299FDR_N0030376ZCAM07000_110085J01_320.jpg,https://mars.nasa.gov/mars2020-raw-images/pub/ods/surface/sol/00015/ids/fdr/browse/zcam/ZLF_0015_0668278563_299FDR_N0030376ZCAM07000_110085J01.png,https://mars.nasa.gov/mars2020-raw-images/pub/ods/surface/sol/00015/ids/fdr/browse/zcam/ZLF_0015_0668278563_299FDR_N0030376ZCAM07000_110085J01_1200.jpg,ZCAM_L0_RGB,"(0.8750794672334744,-0.4814855822557435,0.049066894197883966)","(0.762491,0.44086,-1.98408);(0.872415,-0.485293,0.0582907);(7888.11,12671.1,-36.8434);(-71.1506,145.455,14923.9);(0.875719,-0.481074,0.0412308);(0.000252889,0.452075,0.0786633)","(0.762491,0.44086,-1.98408)",MCZ_LEFT,CAHVOR
15,"(0.971582,0.00963722,0.00390579,0.236476)",ZRF_0015_0668279408_290FDR_N0030376ZCAM07000_110085J,"NASA's Mars Perseverance rover acquired this image using its Right Mastcam-Z camera. Mastcam-Z is a pair of cameras located high on the rover's mast.  

This image was acquired on Mar. 7, 2021 (Sol 15) at the local mean solar time of 14:30:34.",Full,Sol-00015M14:30:34.309,NASA/JPL-Caltech/ASU,2021-03-07T09:13:42.000,https://mars.nasa.gov/rss/api/?feed=raw_images&category=mars2020&feedtype=json&id=ZRF_0015_0668279408_290FDR_N0030376ZCAM07000_110085J,https://mars.nasa.gov/mars2020/multimedia/raw-images/?id=ZRF_0015_0668279408_290FDR_N0030376ZCAM07000_110085J,376,Mars Perseverance Sol 15: Right Mastcam-Z Camera,3,2021-03-07T12:10:23Z,299.361,-6.68918,668279453.085,1,"(31.2262,8.12755,0.398731)","(33,1,1600,1200)","(1600,1200)",https://mars.nasa.gov/mars2020-raw-images/pub/ods/surface/sol/00015/ids/fdr/browse/zcam/ZRF_0015_0668279408_290FDR_N0030376ZCAM07000_110085J01_800.jpg,https://mars.nasa.gov/mars2020-raw-images/pub/ods/surface/sol/00015/ids/fdr/browse/zcam/ZRF_0015_0668279408_290FDR_N0030376ZCAM07000_110085J01_320.jpg,https://mars.nasa.gov/mars2020-raw-images/pub/ods/surface/sol/00015/ids/fdr/browse/zcam/ZRF_0015_0668279408_290FDR_N0030376ZCAM07000_110085J01.png,https://mars.nasa.gov/mars2020-raw-images/pub/ods/surface/sol/00015/ids/fdr/browse/zcam/ZRF_0015_0668279408_290FDR_N0030376ZCAM07000_110085J01_1200.jpg,ZCAM_R0_RGB,"(0.4875751570068387,-0.8652915148553623,0.11636606287517418)","(0.922803,0.59535,-1.98209);(0.492496,-0.861611,0.122838);(13347.6,6627.63,230.72);(-667.593,926.231,14840.6);(0.479984,-0.870683,0.107436);(0.00043725,0.551872,-0.111795)","(0.922803,0.59535,-1.98209)",MCZ_RIGHT,CAHVOR
15,"(0.971582,0.00963722,0.00390579,0.236476)",NLE_0015_0668277843_723ECM_N0030376NCAM03000_07_0LLJ,"NASA's Mars Perseverance rover acquired this image using its onboard Left Navigation Camera (Navcam). The camera is located high on the rover's mast and aids in driving. 

This image was acquired on Mar. 7, 2021 (Sol 15) at the local mean solar time of 14:04:28.",Full,Sol-00015M14:04:28.075,NASA/JPL-Caltech,2021-03-07T09:13:42.000,https://mars.nasa.gov/rss/api/?feed=raw_images&category=mars2020&feedtype=json&id=NLE_0015_0668277843_723ECM_N0030376NCAM03000_07_0LLJ,https://mars.nasa.gov/mars2020/multimedia/raw-images/?id=NLE_0015_0668277843_723ECM_N0030376NCAM03000_07_0LLJ,376,Mars Perseverance Sol 15: Left Navigation Camera (Navcam),3,2021-03-07T09:24:46Z,44.9887,-29.3933,668277845.289,1,"(31.2262,8.12755,0.398731)","(2553,953,1296,976)","(1296,976)",https://mars.nasa.gov/mars2020-raw-images/pub/ods/surface/sol/00015/ids/edr/browse/ncam/NLE_0015_0668277843_723ECM_N0030376NCAM03000_07_0LLJ01_800.jpg,https://mars.nasa.gov/mars2020-raw-images/pub/ods/surface/sol/00015/ids/edr/browse/ncam/NLE_0015_0668277843_723ECM_N0030376NCAM03000_07_0LLJ01_320.jpg,https://mars.nasa.gov/mars2020-raw-images/pub/ods/surface/sol/00015/ids/edr/browse/ncam/NLE_0015_0668277843_723ECM_N0030376NCAM03000_07_0LLJ01.png,https://mars.nasa.gov/mars2020-raw-images/pub/ods/surface/sol/00015/ids/edr/browse/ncam/NLE_0015_0668277843_723ECM_N0030376NCAM03000_07_0LLJ01_1200.jpg,UNK,"(0.5008500753362319,0.7969515814397722,0.33766459523665865)","(1.05651,0.51007,-1.90526);(0.604759,0.621813,0.497625);(-2089.52,2095.04,9.38524);(-436.925,-429.565,3058.71);(0.603698,0.622765,0.497723);(2e-06,0.049535,-0.015973);(-0.003612,0.013016,-0.023961);2.0;0.0","(1.05651,0.51007,-1.90526)",NAVCAM_LEFT,CAHVORE
15,"(0.971582,0.00963722,0.00390579,0.236476)",NRE_0015_0668277843_723ECM_N0030376NCAM03000_11_0LLJ,"NASA's Mars Perseverance rover acquired this image using its onboard Right Navigation Camera (Navcam). The camera is located high on the rover's mast and aids in driving. 

This image was acquired on Mar. 7, 2021 (Sol 15) at the local mean solar time of 14:04:28.",Full,Sol-00015M14:04:28.075,NASA/JPL-Caltech,2021-03-07T09:13:35.000,https://mars.nasa.gov/rss/api/?feed=raw_images&category=mars2020&feedtype=json&id=NRE_0015_0668277843_723ECM_N0030376NCAM03000_11_0LLJ,https://mars.nasa.gov/mars2020/multimedia/raw-images/?id=NRE_0015_0668277843_723ECM_N0030376NCAM03000_11_0LLJ,376,Mars Perseverance Sol 15: Right Navigation Camera (Navcam),3,2021-03-07T09:24:46Z,45.371,-29.1906,668277845.392,1,"(31.2262,8.12755,0.398731)","(2553,1913,1296,976)","(1296,976)",https://mars.nasa.gov/mars2020-raw-images/pub/ods/surface/sol/00015/ids/edr/browse/ncam/NRE_0015_0668277843_723ECM_N0030376NCAM03000_11_0LLJ01_800.jpg,https://mars.nasa.gov/mars2020-raw-images/pub/ods/surface/sol/00015/ids/edr/browse/ncam/NRE_0015_0668277843_723ECM_N0030376NCAM03000_11_0LLJ01_320.jpg,https://mars.nasa.gov/mars2020-raw-images/pub/ods/surface/sol/00015/ids/edr/browse/ncam/NRE_0015_0668277843_723ECM_N0030376NCAM03000_11_0LLJ01.png,https://mars.nasa.gov/mars2020-raw-images/pub/ods/surface/sol/00015/ids/edr/browse/ncam/NRE_0015_0668277843_723ECM_N0030376NCAM03000_11_0LLJ01_1200.jpg,UNK,"(0.38837799783626686,0.69225814460333,0.6082279112528853)","(0.75233,0.806,-1.90665);(0.605493,0.622193,0.496256);(-2096.54,2078.03,4.59727);(-1005.89,-1020.45,2580.16);(0.606067,0.62217,0.495584);(0.0,0.05117,-0.018889);(0.001504,0.020873,-0.009439);2.0;0.0","(0.75233,0.806,-1.90665)",NAVCAM_RIGHT,CAHVORE
15,"(0.991281,0.00808985,-0.00342531,-0.131471)",ZRF_0015_0668273255_139FDR_N0030110ZCAM08000_1000LUJ,"NASA's Mars Perseverance rover acquired this image using its Right Mastcam-Z camera. Mastcam-Z is a pair of cameras located high on the rover's mast.  

This image was acquired on Mar. 7, 2021 (Sol 15) at the local mean solar time of 12:52:57.",Full,Sol-00015M12:52:57.274,NASA/JPL-Caltech/ASU,2021-03-07T09:13:30.000,https://mars.nasa.gov/rss/api/?feed=raw_images&category=mars2020&feedtype=json&id=ZRF_0015_0668273255_139FDR_N0030110ZCAM08000_1000LUJ,https://mars.nasa.gov/mars2020/multimedia/raw-images/?id=ZRF_0015_0668273255_139FDR_N0030110ZCAM08000_1000LUJ,110,Mars Perseverance Sol 15: Right Mastcam-Z Camera,3,2021-03-07T12:10:23Z,341.476,-36.9863,668273435.114,1,"(-5.1554,3.57265,-0.0890755)","(1,1,1648,1200)","(1648,1200)",https://mars.nasa.gov/mars2020-raw-images/pub/ods/surface/sol/00015/ids/fdr/browse/zcam/ZRF_0015_0668273255_139FDR_N0030110ZCAM08000_1000LUJ01_800.jpg,https://mars.nasa.gov/mars2020-raw-images/pub/ods/surface/sol/00015/ids/fdr/browse/zcam/ZRF_0015_0668273255_139FDR_N0030110ZCAM08000_1000LUJ01_320.jpg,https://mars.nasa.gov/mars2020-raw-images/pub/ods/surface/sol/00015/ids/fdr/browse/zcam/ZRF_0015_0668273255_139FDR_N0030110ZCAM08000_1000LUJ01.png,https://mars.nasa.gov/mars2020-raw-images/pub/ods/surface/sol/00015/ids/fdr/browse/zcam/ZRF_0015_0668273255_139FDR_N0030110ZCAM08000_1000LUJ01_1200.jpg,ZCAM_R0_RGB,"(0.7573367574545229,-0.2537588241234563,0.6017038266354553)","(0.887318,0.65968,-1.9643);(0.760326,-0.249606,0.599681);(4735.86,12624.5,732.805);(-7324.31,2140.85,11118.8);(0.762252,-0.266223,0.590011);(0.000539071,0.222729,-0.347022)","(0.887318,0.65968,-1.9643)",MCZ_RIGHT,CAHVOR
15,"(0.971582,0.00963722,0.00390579,0.236476)",ZRF_0015_0668278909_299FDR_N0030376ZCAM07000_110085J,"NASA's Mars Perseverance rover acquired this image using its Right Mastcam-Z camera. Mastcam-Z is a pair of cameras located high on the rover's mast.  

This image was acquired on Mar. 7, 2021 (Sol 15) at the local mean solar time of 14:22:28.",Full,Sol-00015M14:22:28.656,NASA/JPL-Caltech/ASU,2021-03-07T09:13:21.000,https://mars.nasa.gov/rss/api/?feed=raw_images&category=mars2020&feedtype=json&id=ZRF_0015_0668278909_299FDR_N0030376ZCAM07000_110085J,https://mars.nasa.gov/mars2020/multimedia/raw-images/?id=ZRF_0015_0668278909_299FDR_N0030376ZCAM07000_110085J,376,Mars Perseverance Sol 15: Right Mastcam-Z Camera,3,2021-03-07T12:10:23Z,348.668,-5.97158,668278954.077,1,"(31.2262,8.12755,0.398731)","(33,1,1600,1200)","(1600,1200)",https://mars.nasa.gov/mars2020-raw-images/pub/ods/surface/sol/00015/ids/fdr/browse/zcam/ZRF_0015_0668278909_299FDR_N0030376ZCAM07000_110085J01_800.jpg,https://mars.nasa.gov/mars2020-raw-images/pub/ods/surface/sol/00015/ids/fdr/browse/zcam/ZRF_0015_0668278909_299FDR_N0030376ZCAM07000_110085J01_320.jpg,https://mars.nasa.gov/mars2020-raw-images/pub/ods/surface/sol/00015/ids/fdr/browse/zcam/ZRF_0015_0668278909_299FDR_N0030376ZCAM07000_110085J01.png,https://mars.nasa.gov/mars2020-raw-images/pub/ods/surface/sol/00015/ids/fdr/browse/zcam/ZRF_0015_0668278909_299FDR_N0030376ZCAM07000_110085J01_1200.jpg,ZCAM_R0_RGB,"(0.9753314372212626,-0.19475808469738792,0.10391282891400454)","(0.853863,0.672288,-1.98251);(0.975842,-0.188591,0.110372);(3681.33,14439.8,209.073);(-952.683,73.0319,14852.7);(0.974364,-0.203966,0.0950146);(0.000435875,0.552077,-0.110875)","(0.853863,0.672288,-1.98251)",MCZ_RIGHT,CAHVOR
15,"(0.971582,0.00963722,0.00390579,0.236476)",NRE_0015_0668277843_723ECM_N0030376NCAM03000_03_0LLJ,"NASA's Mars Perseverance rover acquired this image using its onboard Right Navigation Camera (Navcam). The camera is located high on the rover's mast and aids in driving. 

This image was acquired on Mar. 7, 2021 (Sol 15) at the local mean solar time of 14:04:28.",Full,Sol-00015M14:04:28.075,NASA/JPL-Caltech,2021-03-07T09:13:14.000,https://mars.nasa.gov/rss/api/?feed=raw_images&category=mars2020&feedtype=json&id=NRE_0015_0668277843_723ECM_N0030376NCAM03000_03_0LLJ,https://mars.nasa.gov/mars2020/multimedia/raw-images/?id=NRE_0015_0668277843_723ECM_N0030376NCAM03000_03_0LLJ,376,Mars Perseverance Sol 15: Right Navigation Camera (Navcam),3,2021-03-07T09:22:48Z,45.371,-29.1906,668277845.392,1,"(31.2262,8.12755,0.398731)","(2553,1,1296,968)","(1296,968)",https://mars.nasa.gov/mars2020-raw-images/pub/ods/surface/sol/00015/ids/edr/browse/ncam/NRE_0015_0668277843_723ECM_N0030376NCAM03000_03_0LLJ01_800.jpg,https://mars.nasa.gov/mars2020-raw-images/pub/ods/surface/sol/00015/ids/edr/browse/ncam/NRE_0015_0668277843_723ECM_N0030376NCAM03000_03_0LLJ01_320.jpg,https://mars.nasa.gov/mars2020-raw-images/pub/ods/surface/sol/00015/ids/edr/browse/ncam/NRE_0015_0668277843_723ECM_N0030376NCAM03000_03_0LLJ01.png,https://mars.nasa.gov/mars2020-raw-images/pub/ods/surface/sol/00015/ids/edr/browse/ncam/NRE_0015_0668277843_723ECM_N0030376NCAM03000_03_0LLJ01_1200.jpg,UNK,"(0.5523656096469496,0.8316446341070096,0.057091469068259446)","(0.75233,0.806,-1.90665);(0.605493,0.622193,0.496256);(-2096.54,2078.03,4.59727);(151.815,169.18,3529.0);(0.606067,0.62217,0.495584);(0.0,0.05117,-0.018889);(0.001504,0.020873,-0.009439);2.0;0.0","(0.75233,0.806,-1.90665)",NAVCAM_RIGHT,CAHVORE
15,"(0.991281,0.00808985,-0.00342531,-0.131471)",ZLF_0015_0668273255_139FDR_N0030110ZCAM08000_1000LUJ,"NASA's Mars Perseverance rover acquired this image using its Left Mastcam-Z camera. Mastcam-Z is a pair of cameras located high on the rover's mast.  

This image was acquired on Mar. 7, 2021 (Sol 15) at the local mean solar time of 12:53:00.",Full,Sol-00015M12:53:00.192,NASA/JPL-Caltech/ASU,2021-03-07T09:13:12.000,https://mars.nasa.gov/rss/api/?feed=raw_images&category=mars2020&feedtype=json&id=ZLF_0015_0668273255_139FDR_N0030110ZCAM08000_1000LUJ,https://mars.nasa.gov/mars2020/multimedia/raw-images/?id=ZLF_0015_0668273255_139FDR_N0030110ZCAM08000_1000LUJ,110,Mars Perseverance Sol 15: Left Mastcam-Z Camera,3,2021-03-07T12:10:23Z,344.408,-37.1615,668273438.053,1,"(-5.1554,3.57265,-0.0890755)","(1,1,1648,1200)","(1648,1200)",https://mars.nasa.gov/mars2020-raw-images/pub/ods/surface/sol/00015/ids/fdr/browse/zcam/ZLF_0015_0668273255_139FDR_N0030110ZCAM08000_1000LUJ01_800.jpg,https://mars.nasa.gov/mars2020-raw-images/pub/ods/surface/sol/00015/ids/fdr/browse/zcam/ZLF_0015_0668273255_139FDR_N0030110ZCAM08000_1000LUJ01_320.jpg,https://mars.nasa.gov/mars2020-raw-images/pub/ods/surface/sol/00015/ids/fdr/browse/zcam/ZLF_0015_0668273255_139FDR_N0030110ZCAM08000_1000LUJ01.png,https://mars.nasa.gov/mars2020-raw-images/pub/ods/surface/sol/00015/ids/fdr/browse/zcam/ZLF_0015_0668273255_139FDR_N0030110ZCAM08000_1000LUJ01_1200.jpg,ZCAM_L0_RGB,"(0.7675766315827796,-0.2141619190264177,0.6041198449703139)","(0.817794,0.425758,-1.96361);(0.771054,-0.214734,0.599484);(4411.38,12762.4,283.289);(-7310.9,2325.28,11106.5);(0.76742,-0.212713,0.604843);(0.000159571,0.145372,-0.0201508)","(0.817794,0.425758,-1.96361)",MCZ_LEFT,CAHVOR
15,"(0.971582,0.00963722,0.00390579,0.236476)",ZLF_0015_0668278314_299FDR_N0030376ZCAM07000_110085J,"NASA's Mars Perseverance rover acquired this image using its Left Mastcam-Z camera. Mastcam-Z is a pair of cameras located high on the rover's mast.  

This image was acquired on Mar. 7, 2021 (Sol 15) at the local mean solar time of 14:12:49.",Full,Sol-00015M14:12:49.570,NASA/JPL-Caltech/ASU,2021-03-07T09:13:10.000,https://mars.nasa.gov/rss/api/?feed=raw_images&category=mars2020&feedtype=json&id=ZLF_0015_0668278314_299FDR_N0030376ZCAM07000_110085J,https://mars.nasa.gov/mars2020/multimedia/raw-images/?id=ZLF_0015_0668278314_299FDR_N0030376ZCAM07000_110085J,376,Mars Perseverance Sol 15: Left Mastcam-Z Camera,3,2021-03-07T12:10:23Z,306.419,-3.13495,668278359.065,1,"(31.2262,8.12755,0.398731)","(33,1,1600,1200)","(1600,1200)",https://mars.nasa.gov/mars2020-raw-images/pub/ods/surface/sol/00015/ids/fdr/browse/zcam/ZLF_0015_0668278314_299FDR_N0030376ZCAM07000_110085J01_800.jpg,https://mars.nasa.gov/mars2020-raw-images/pub/ods/surface/sol/00015/ids/fdr/browse/zcam/ZLF_0015_0668278314_299FDR_N0030376ZCAM07000_110085J01_320.jpg,https://mars.nasa.gov/mars2020-raw-images/pub/ods/surface/sol/00015/ids/fdr/browse/zcam/ZLF_0015_0668278314_299FDR_N0030376ZCAM07000_110085J01.png,https://mars.nasa.gov/mars2020-raw-images/pub/ods/surface/sol/00015/ids/fdr/browse/zcam/ZLF_0015_0668278314_299FDR_N0030376ZCAM07000_110085J01_1200.jpg,ZCAM_L0_RGB,"(0.5932348345320881,-0.8031700610173991,0.05468349095470566)","(0.717035,0.469167,-1.98398);(0.589262,-0.805418,0.0639363);(12464.6,8208.45,-30.9038);(-54.665,228.562,14921.8);(0.594033,-0.803089,0.0467858);(0.000257,0.452661,0.076738)","(0.717035,0.469167,-1.98398)",MCZ_LEFT,CAHVOR
15,"(0.971582,0.00963722,0.00390579,0.236476)",ZLF_0015_0668278413_299FDR_N0030376ZCAM07000_110085J,"NASA's Mars Perseverance rover acquired this image using its Left Mastcam-Z camera. Mastcam-Z is a pair of cameras located high on the rover's mast.  

This image was acquired on Mar. 7, 2021 (Sol 15) at the local mean solar time of 14:14:25.",Full,Sol-00015M14:14:25.922,NASA/JPL-Caltech/ASU,2021-03-07T09:13:05.000,https://mars.nasa.gov/rss/api/?feed=raw_images&category=mars2020&feedtype=json&id=ZLF_0015_0668278413_299FDR_N0030376ZCAM07000_110085J,https://mars.nasa.gov/mars2020/multimedia/raw-images/?id=ZLF_0015_0668278413_299FDR_N0030376ZCAM07000_110085J,376,Mars Perseverance Sol 15: Left Mastcam-Z Camera,3,2021-03-07T12:10:23Z,316.413,-3.02213,668278458.066,1,"(31.2262,8.12755,0.398731)","(33,1,1600,1200)","(1600,1200)",https://mars.nasa.gov/mars2020-raw-images/pub/ods/surface/sol/00015/ids/fdr/browse/zcam/ZLF_0015_0668278413_299FDR_N0030376ZCAM07000_110085J01_800.jpg,https://mars.nasa.gov/mars2020-raw-images/pub/ods/surface/sol/00015/ids/fdr/browse/zcam/ZLF_0015_0668278413_299FDR_N0030376ZCAM07000_110085J01_320.jpg,https://mars.nasa.gov/mars2020-raw-images/pub/ods/surface/sol/00015/ids/fdr/browse/zcam/ZLF_0015_0668278413_299FDR_N0030376ZCAM07000_110085J01.png,https://mars.nasa.gov/mars2020-raw-images/pub/ods/surface/sol/00015/ids/fdr/browse/zcam/ZLF_0015_0668278413_299FDR_N0030376ZCAM07000_110085J01_1200.jpg,ZCAM_L0_RGB,"(0.7236908407954996,-0.6881075962197356,0.05272099177177816)","(0.733902,0.455403,-1.98402);(0.72012,-0.69109,0.0619428);(10851.8,10247.9,-32.7585);(-72.1784,195.564,14923.4);(0.724435,-0.687892,0.0448866);(0.000252889,0.452075,0.0786633)","(0.733902,0.455403,-1.98402)",MCZ_LEFT,CAHVOR
15,"(0.971582,0.00963722,0.00390579,0.236476)",ZLF_0015_0668278463_299FDR_N0030376ZCAM07000_110085J,"NASA's Mars Perseverance rover acquired this image using its Left Mastcam-Z camera. Mastcam-Z is a pair of cameras located high on the rover's mast.  

This image was acquired on Mar. 7, 2021 (Sol 15) at the local mean solar time of 14:15:14.",Full,Sol-00015M14:15:14.585,NASA/JPL-Caltech/ASU,2021-03-07T09:12:52.000,https://mars.nasa.gov/rss/api/?feed=raw_images&category=mars2020&feedtype=json&id=ZLF_0015_0668278463_299FDR_N0030376ZCAM07000_110085J,https://mars.nasa.gov/mars2020/multimedia/raw-images/?id=ZLF_0015_0668278463_299FDR_N0030376ZCAM07000_110085J,376,Mars Perseverance Sol 15: Left Mastcam-Z Camera,3,2021-03-07T12:10:23Z,321.289,-2.96254,668278508.062,1,"(31.2262,8.12755,0.398731)","(33,1,1600,1200)","(1600,1200)",https://mars.nasa.gov/mars2020-raw-images/pub/ods/surface/sol/00015/ids/fdr/browse/zcam/ZLF_0015_0668278463_299FDR_N0030376ZCAM07000_110085J01_800.jpg,https://mars.nasa.gov/mars2020-raw-images/pub/ods/surface/sol/00015/ids/fdr/browse/zcam/ZLF_0015_0668278463_299FDR_N0030376ZCAM07000_110085J01_320.jpg,https://mars.nasa.gov/mars2020-raw-images/pub/ods/surface/sol/00015/ids/fdr/browse/zcam/ZLF_0015_0668278463_299FDR_N0030376ZCAM07000_110085J01.png,https://mars.nasa.gov/mars2020-raw-images/pub/ods/surface/sol/00015/ids/fdr/browse/zcam/ZLF_0015_0668278463_299FDR_N0030376ZCAM07000_110085J01_1200.jpg,ZCAM_L0_RGB,"(0.7796156361906535,-0.6241220248249506,0.05168324617751922)","(0.742951,0.449779,-1.98404);(0.776319,-0.627403,0.0609054);(9941.2,11133.4,-33.8874);(-76.2496,179.255,14923.5);(0.780332,-0.623839,0.0438482);(0.000252889,0.452075,0.0786633)","(0.742951,0.449779,-1.98404)",MCZ_LEFT,CAHVOR
15,"(0.971582,0.00963722,0.00390579,0.236476)",ZRF_0015_0668278314_299FDR_N0030376ZCAM07000_110085J,"NASA's Mars Perseverance rover acquired this image using its Right Mastcam-Z camera. Mastcam-Z is a pair of cameras located high on the rover's mast.  

This image was acquired on Mar. 7, 2021 (Sol 15) at the local mean solar time of 14:12:49.",Full,Sol-00015M14:12:49.570,NASA/JPL-Caltech/ASU,2021-03-07T09:12:51.000,https://mars.nasa.gov/rss/api/?feed=raw_images&category=mars2020&feedtype=json&id=ZRF_0015_0668278314_299FDR_N0030376ZCAM07000_110085J,https://mars.nasa.gov/mars2020/multimedia/raw-images/?id=ZRF_0015_0668278314_299FDR_N0030376ZCAM07000_110085J,376,Mars Perseverance Sol 15: Right Mastcam-Z Camera,3,2021-03-07T12:10:23Z,304.069,-2.98177,668278359.065,1,"(31.2262,8.12755,0.398731)","(33,1,1600,1200)","(1600,1200)",https://mars.nasa.gov/mars2020-raw-images/pub/ods/surface/sol/00015/ids/fdr/browse/zcam/ZRF_0015_0668278314_299FDR_N0030376ZCAM07000_110085J01_800.jpg,https://mars.nasa.gov/mars2020-raw-images/pub/ods/surface/sol/00015/ids/fdr/browse/zcam/ZRF_0015_0668278314_299FDR_N0030376ZCAM07000_110085J01_320.jpg,https://mars.nasa.gov/mars2020-raw-images/pub/ods/surface/sol/00015/ids/fdr/browse/zcam/ZRF_0015_0668278314_299FDR_N0030376ZCAM07000_110085J01.png,https://mars.nasa.gov/mars2020-raw-images/pub/ods/surface/sol/00015/ids/fdr/browse/zcam/ZRF_0015_0668278314_299FDR_N0030376ZCAM07000_110085J01_1200.jpg,ZCAM_R0_RGB,"(0.5600009079768702,-0.8268646607118149,0.051901983883243005)","(0.916705,0.608794,-1.98386);(0.564497,-0.823365,0.0585611);(12775.3,7694.74,160.008);(-186.111,83.1282,14892.3);(0.552205,-0.832628,0.0426171);(0.000449625,0.550023,-0.120068)","(0.916705,0.608794,-1.98386)",MCZ_RIGHT,CAHVOR
15,"(0.971582,0.00963722,0.00390579,0.236476)",ZRF_0015_0668279356_299FDR_N0030376ZCAM07000_110085J,"NASA's Mars Perseverance rover acquired this image using its Right Mastcam-Z camera. Mastcam-Z is a pair of cameras located high on the rover's mast.  

This image was acquired on Mar. 7, 2021 (Sol 15) at the local mean solar time of 14:29:44.",Full,Sol-00015M14:29:44.673,NASA/JPL-Caltech/ASU,2021-03-07T09:12:51.000,https://mars.nasa.gov/rss/api/?feed=raw_images&category=mars2020&feedtype=json&id=ZRF_0015_0668279356_299FDR_N0030376ZCAM07000_110085J,https://mars.nasa.gov/mars2020/multimedia/raw-images/?id=ZRF_0015_0668279356_299FDR_N0030376ZCAM07000_110085J,376,Mars Perseverance Sol 15: Right Mastcam-Z Camera,3,2021-03-07T12:10:23Z,304.297,-6.64661,668279402.044,1,"(31.2262,8.12755,0.398731)","(33,1,1600,1200)","(1600,1200)",https://mars.nasa.gov/mars2020-raw-images/pub/ods/surface/sol/00015/ids/fdr/browse/zcam/ZRF_0015_0668279356_299FDR_N0030376ZCAM07000_110085J01_800.jpg,https://mars.nasa.gov/mars2020-raw-images/pub/ods/surface/sol/00015/ids/fdr/browse/zcam/ZRF_0015_0668279356_299FDR_N0030376ZCAM07000_110085J01_320.jpg,https://mars.nasa.gov/mars2020-raw-images/pub/ods/surface/sol/00015/ids/fdr/browse/zcam/ZRF_0015_0668279356_299FDR_N0030376ZCAM07000_110085J01.png,https://mars.nasa.gov/mars2020-raw-images/pub/ods/surface/sol/00015/ids/fdr/browse/zcam/ZRF_0015_0668279356_299FDR_N0030376ZCAM07000_110085J01_1200.jpg,ZCAM_R0_RGB,"(0.5602692184574425,-0.8201998915545531,0.11563105440575185)","(0.919248,0.605393,-1.98212);(0.564861,-0.816112,0.122103);(12728.0,7751.4,229.742);(-738.286,856.507,14841.4);(0.553169,-0.826217,0.1067);(0.00043725,0.551872,-0.111795)","(0.919248,0.605393,-1.98212)",MCZ_RIGHT,CAHVOR
15,"(0.971582,0.00963722,0.00390579,0.236476)",ZLF_0015_0668278663_299FDR_N0030376ZCAM07000_110085J,"NASA's Mars Perseverance rover acquired this image using its Left Mastcam-Z camera. Mastcam-Z is a pair of cameras located high on the rover's mast.  

This image was acquired on Mar. 7, 2021 (Sol 15) at the local mean solar time of 14:18:29.",Full,Sol-00015M14:18:29.235,NASA/JPL-Caltech/ASU,2021-03-07T09:12:46.000,https://mars.nasa.gov/rss/api/?feed=raw_images&category=mars2020&feedtype=json&id=ZLF_0015_0668278663_299FDR_N0030376ZCAM07000_110085J,https://mars.nasa.gov/mars2020/multimedia/raw-images/?id=ZLF_0015_0668278663_299FDR_N0030376ZCAM07000_110085J,376,Mars Perseverance Sol 15: Left Mastcam-Z Camera,3,2021-03-07T12:10:23Z,340.954,-2.64333,668278708.052,1,"(31.2262,8.12755,0.398731)","(33,1,1600,1200)","(1600,1200)",https://mars.nasa.gov/mars2020-raw-images/pub/ods/surface/sol/00015/ids/fdr/browse/zcam/ZLF_0015_0668278663_299FDR_N0030376ZCAM07000_110085J01_800.jpg,https://mars.nasa.gov/mars2020-raw-images/pub/ods/surface/sol/00015/ids/fdr/browse/zcam/ZLF_0015_0668278663_299FDR_N0030376ZCAM07000_110085J01_320.jpg,https://mars.nasa.gov/mars2020-raw-images/pub/ods/surface/sol/00015/ids/fdr/browse/zcam/ZLF_0015_0668278663_299FDR_N0030376ZCAM07000_110085J01.png,https://mars.nasa.gov/mars2020-raw-images/pub/ods/surface/sol/00015/ids/fdr/browse/zcam/ZLF_0015_0668278663_299FDR_N0030376ZCAM07000_110085J01_1200.jpg,ZCAM_L0_RGB,"(0.9444311646646464,-0.32545822657981666,0.04611635243273754)","(0.783124,0.435416,-1.98413);(0.94248,-0.329673,0.0553422);(5614.76,13829.5,-40.4676);(-52.7995,118.037,14924.3);(0.944969,-0.324938,0.0382794);(0.000252889,0.452075,0.0786633)","(0.783124,0.435416,-1.98413)",MCZ_LEFT,CAHVOR
15,"(0.971582,0.00963722,0.00390579,0.236476)",ZLF_0015_0668279257_290FDR_N0030376ZCAM07000_110085J,"NASA's Mars Perseverance rover acquired this image using its Left Mastcam-Z camera. Mastcam-Z is a pair of cameras located high on the rover's mast.  

This image was acquired on Mar. 7, 2021 (Sol 15) at the local mean solar time of 14:28:07.",Full,Sol-00015M14:28:07.348,NASA/JPL-Caltech/ASU,2021-03-07T09:12:44.000,https://mars.nasa.gov/rss/api/?feed=raw_images&category=mars2020&feedtype=json&id=ZLF_0015_0668279257_290FDR_N0030376ZCAM07000_110085J,https://mars.nasa.gov/mars2020/multimedia/raw-images/?id=ZLF_0015_0668279257_290FDR_N0030376ZCAM07000_110085J,376,Mars Perseverance Sol 15: Left Mastcam-Z Camera,3,2021-03-07T12:10:23Z,316.472,-6.68677,668279302.050,1,"(31.2262,8.12755,0.398731)","(33,1,1600,1200)","(1600,1200)",https://mars.nasa.gov/mars2020-raw-images/pub/ods/surface/sol/00015/ids/fdr/browse/zcam/ZLF_0015_0668279257_290FDR_N0030376ZCAM07000_110085J01_800.jpg,https://mars.nasa.gov/mars2020-raw-images/pub/ods/surface/sol/00015/ids/fdr/browse/zcam/ZLF_0015_0668279257_290FDR_N0030376ZCAM07000_110085J01_320.jpg,https://mars.nasa.gov/mars2020-raw-images/pub/ods/surface/sol/00015/ids/fdr/browse/zcam/ZLF_0015_0668279257_290FDR_N0030376ZCAM07000_110085J01.png,https://mars.nasa.gov/mars2020-raw-images/pub/ods/surface/sol/00015/ids/fdr/browse/zcam/ZLF_0015_0668279257_290FDR_N0030376ZCAM07000_110085J01_1200.jpg,ZCAM_L0_RGB,"(0.7204847853561306,-0.6836233326409951,0.11645090441533534)","(0.737325,0.452057,-1.98241);(0.717106,-0.685502,0.125944);(10835.1,10249.1,-0.313142);(-749.224,865.529,14868.7);(0.721794,-0.683638,0.108018);(0.000294,0.457936,0.05941)","(0.737325,0.452057,-1.98241)",MCZ_LEFT,CAHVOR
15,"(0.971582,0.00963722,0.00390579,0.236476)",ZLF_0015_0668278612_320FDR_N0030376ZCAM07000_110085J,"NASA's Mars Perseverance rover acquired this image using its Left Mastcam-Z camera. Mastcam-Z is a pair of cameras located high on the rover's mast.  

This image was acquired on Mar. 7, 2021 (Sol 15) at the local mean solar time of 14:17:39.",Full,Sol-00015M14:17:39.600,NASA/JPL-Caltech/ASU,2021-03-07T09:12:42.000,https://mars.nasa.gov/rss/api/?feed=raw_images&category=mars2020&feedtype=json&id=ZLF_0015_0668278612_320FDR_N0030376ZCAM07000_110085J,https://mars.nasa.gov/mars2020/multimedia/raw-images/?id=ZLF_0015_0668278612_320FDR_N0030376ZCAM07000_110085J,376,Mars Perseverance Sol 15: Left Mastcam-Z Camera,3,2021-03-07T12:10:23Z,336.036,-2.73153,668278657.054,1,"(31.2262,8.12755,0.398731)","(33,1,1600,1200)","(1600,1200)",https://mars.nasa.gov/mars2020-raw-images/pub/ods/surface/sol/00015/ids/fdr/browse/zcam/ZLF_0015_0668278612_320FDR_N0030376ZCAM07000_110085J01_800.jpg,https://mars.nasa.gov/mars2020-raw-images/pub/ods/surface/sol/00015/ids/fdr/browse/zcam/ZLF_0015_0668278612_320FDR_N0030376ZCAM07000_110085J01_320.jpg,https://mars.nasa.gov/mars2020-raw-images/pub/ods/surface/sol/00015/ids/fdr/browse/zcam/ZLF_0015_0668278612_320FDR_N0030376ZCAM07000_110085J01.png,https://mars.nasa.gov/mars2020-raw-images/pub/ods/surface/sol/00015/ids/fdr/browse/zcam/ZLF_0015_0668278612_320FDR_N0030376ZCAM07000_110085J01_1200.jpg,ZCAM_L0_RGB,"(0.9129868716545109,-0.4051962660891353,0.04765457096577769)","(0.772665,0.437707,-1.98411);(0.910669,-0.409222,0.0568793);(6779.7,13297.2,-38.5609);(-63.7623,130.837,14924.1);(0.913579,-0.404728,0.039818);(0.000252889,0.452075,0.0786633)","(0.772665,0.437707,-1.98411)",MCZ_LEFT,CAHVOR
15,"(0.971582,0.00963722,0.00390579,0.236476)",ZLF_0015_0668278859_299FDR_N0030376ZCAM07000_110085J,"NASA's Mars Perseverance rover acquired this image using its Left Mastcam-Z camera. Mastcam-Z is a pair of cameras located high on the rover's mast.  

This image was acquired on Mar. 7, 2021 (Sol 15) at the local mean solar time of 14:21:39.",Full,Sol-00015M14:21:39.020,NASA/JPL-Caltech/ASU,2021-03-07T09:12:37.000,https://mars.nasa.gov/rss/api/?feed=raw_images&category=mars2020&feedtype=json&id=ZLF_0015_0668278859_299FDR_N0030376ZCAM07000_110085J,https://mars.nasa.gov/mars2020/multimedia/raw-images/?id=ZLF_0015_0668278859_299FDR_N0030376ZCAM07000_110085J,376,Mars Perseverance Sol 15: Left Mastcam-Z Camera,3,2021-03-07T12:10:23Z,355.709,-5.80317,668278903.091,1,"(31.2262,8.12755,0.398731)","(33,1,1600,1200)","(1600,1200)",https://mars.nasa.gov/mars2020-raw-images/pub/ods/surface/sol/00015/ids/fdr/browse/zcam/ZLF_0015_0668278859_299FDR_N0030376ZCAM07000_110085J01_800.jpg,https://mars.nasa.gov/mars2020-raw-images/pub/ods/surface/sol/00015/ids/fdr/browse/zcam/ZLF_0015_0668278859_299FDR_N0030376ZCAM07000_110085J01_320.jpg,https://mars.nasa.gov/mars2020-raw-images/pub/ods/surface/sol/00015/ids/fdr/browse/zcam/ZLF_0015_0668278859_299FDR_N0030376ZCAM07000_110085J01.png,https://mars.nasa.gov/mars2020-raw-images/pub/ods/surface/sol/00015/ids/fdr/browse/zcam/ZLF_0015_0668278859_299FDR_N0030376ZCAM07000_110085J01_1200.jpg,ZCAM_L0_RGB,"(0.9921266290395987,-0.0738796213538928,0.10112642334784751)","(0.819575,0.433536,-1.98275);(0.990848,-0.077388,0.110669);(1909.38,14790.6,-16.3983);(-898.661,183.217,14883.3);(0.993028,-0.0730329,0.0926164);(0.000298111,0.458522,0.0574847)","(0.819575,0.433536,-1.98275)",MCZ_LEFT,CAHVOR
15,"(0.971582,0.00963722,0.00390579,0.236476)",ZRF_0015_0668278363_290FDR_N0030376ZCAM07000_110085J,"NASA's Mars Perseverance rover acquired this image using its Right Mastcam-Z camera. Mastcam-Z is a pair of cameras located high on the rover's mast.  

This image was acquired on Mar. 7, 2021 (Sol 15) at the local mean solar time of 14:13:37.",Full,Sol-00015M14:13:37.260,NASA/JPL-Caltech/ASU,2021-03-07T09:12:31.000,https://mars.nasa.gov/rss/api/?feed=raw_images&category=mars2020&feedtype=json&id=ZRF_0015_0668278363_290FDR_N0030376ZCAM07000_110085J,https://mars.nasa.gov/mars2020/multimedia/raw-images/?id=ZRF_0015_0668278363_290FDR_N0030376ZCAM07000_110085J,376,Mars Perseverance Sol 15: Right Mastcam-Z Camera,3,2021-03-07T12:10:23Z,309.142,-2.93108,668278408.078,1,"(31.2262,8.12755,0.398731)","(33,1,1600,1200)","(1600,1200)",https://mars.nasa.gov/mars2020-raw-images/pub/ods/surface/sol/00015/ids/fdr/browse/zcam/ZRF_0015_0668278363_290FDR_N0030376ZCAM07000_110085J01_800.jpg,https://mars.nasa.gov/mars2020-raw-images/pub/ods/surface/sol/00015/ids/fdr/browse/zcam/ZRF_0015_0668278363_290FDR_N0030376ZCAM07000_110085J01_320.jpg,https://mars.nasa.gov/mars2020-raw-images/pub/ods/surface/sol/00015/ids/fdr/browse/zcam/ZRF_0015_0668278363_290FDR_N0030376ZCAM07000_110085J01.png,https://mars.nasa.gov/mars2020-raw-images/pub/ods/surface/sol/00015/ids/fdr/browse/zcam/ZRF_0015_0668278363_290FDR_N0030376ZCAM07000_110085J01_1200.jpg,ZCAM_R0_RGB,"(0.6309543690127148,-0.7741401895862294,0.05102500456799013)","(0.911866,0.618524,-1.98389);(0.635126,-0.770262,0.0576844);(12044.9,8794.15,158.714);(-184.009,56.5877,14892.5);(0.623692,-0.780565,0.0417403);(0.000449625,0.550023,-0.120068)","(0.911866,0.618524,-1.98389)",MCZ_RIGHT,CAHVOR
15,"(0.971582,0.00963722,0.00390579,0.236476)",ZLF_0015_0668278761_299FDR_N0030376ZCAM07000_110085J,"NASA's Mars Perseverance rover acquired this image using its Left Mastcam-Z camera. Mastcam-Z is a pair of cameras located high on the rover's mast.  

This image was acquired on Mar. 7, 2021 (Sol 15) at the local mean solar time of 14:20:04.",Full,Sol-00015M14:20:04.614,NASA/JPL-Caltech/ASU,2021-03-07T09:12:25.000,https://mars.nasa.gov/rss/api/?feed=raw_images&category=mars2020&feedtype=json&id=ZLF_0015_0668278761_299FDR_N0030376ZCAM07000_110085J,https://mars.nasa.gov/mars2020/multimedia/raw-images/?id=ZLF_0015_0668278761_299FDR_N0030376ZCAM07000_110085J,376,Mars Perseverance Sol 15: Left Mastcam-Z Camera,3,2021-03-07T12:10:23Z,350.756,-2.4574,668278806.060,1,"(31.2262,8.12755,0.398731)","(33,1,1600,1200)","(1600,1200)",https://mars.nasa.gov/mars2020-raw-images/pub/ods/surface/sol/00015/ids/fdr/browse/zcam/ZLF_0015_0668278761_299FDR_N0030376ZCAM07000_110085J01_800.jpg,https://mars.nasa.gov/mars2020-raw-images/pub/ods/surface/sol/00015/ids/fdr/browse/zcam/ZLF_0015_0668278761_299FDR_N0030376ZCAM07000_110085J01_320.jpg,https://mars.nasa.gov/mars2020-raw-images/pub/ods/surface/sol/00015/ids/fdr/browse/zcam/ZLF_0015_0668278761_299FDR_N0030376ZCAM07000_110085J01.png,https://mars.nasa.gov/mars2020-raw-images/pub/ods/surface/sol/00015/ids/fdr/browse/zcam/ZLF_0015_0668278761_299FDR_N0030376ZCAM07000_110085J01_1200.jpg,ZCAM_L0_RGB,"(0.9861922287449933,-0.15995739133493223,0.042877977101371374)","(0.804346,0.433535,-1.98418);(0.985017,-0.164446,0.0521058);(3178.49,14583.4,-44.6801);(-24.1091,101.173,14924.5);(0.986608,-0.159349,0.0350399);(0.000252889,0.452075,0.0786633)","(0.804346,0.433535,-1.98418)",MCZ_LEFT,CAHVOR
15,"(0.971582,0.00963722,0.00390579,0.236476)",NRE_0015_0668277843_723ECM_N0030376NCAM03000_15_0LLJ,"NASA's Mars Perseverance rover acquired this image using its onboard Right Navigation Camera (Navcam). The camera is located high on the rover's mast and aids in driving. 

This image was acquired on Mar. 7, 2021 (Sol 15) at the local mean solar time of 14:04:28.",Full,Sol-00015M14:04:28.075,NASA/JPL-Caltech,2021-03-07T09:12:16.000,https://mars.nasa.gov/rss/api/?feed=raw_images&category=mars2020&feedtype=json&id=NRE_0015_0668277843_723ECM_N0030376NCAM03000_15_0LLJ,https://mars.nasa.gov/mars2020/multimedia/raw-images/?id=NRE_0015_0668277843_723ECM_N0030376NCAM03000_15_0LLJ,376,Mars Perseverance Sol 15: Right Navigation Camera (Navcam),3,2021-03-07T09:22:48Z,45.371,-29.1906,668277845.392,1,"(31.2262,8.12755,0.398731)","(2553,2873,1296,968)","(1296,968)",https://mars.nasa.gov/mars2020-raw-images/pub/ods/surface/sol/00015/ids/edr/browse/ncam/NRE_0015_0668277843_723ECM_N0030376NCAM03000_15_0LLJ01_800.jpg,https://mars.nasa.gov/mars2020-raw-images/pub/ods/surface/sol/00015/ids/edr/browse/ncam/NRE_0015_0668277843_723ECM_N0030376NCAM03000_15_0LLJ01_320.jpg,https://mars.nasa.gov/mars2020-raw-images/pub/ods/surface/sol/00015/ids/edr/browse/ncam/NRE_0015_0668277843_723ECM_N0030376NCAM03000_15_0LLJ01.png,https://mars.nasa.gov/mars2020-raw-images/pub/ods/surface/sol/00015/ids/edr/browse/ncam/NRE_0015_0668277843_723ECM_N0030376NCAM03000_15_0LLJ01_1200.jpg,UNK,"(0.25578660661629204,0.5327784564273572,0.806672379744469)","(0.75233,0.806,-1.90665);(0.605493,0.622193,0.496256);(-2096.54,2078.03,4.59727);(-1587.16,-1617.76,2103.75);(0.606067,0.62217,0.495584);(0.0,0.05117,-0.018889);(0.001504,0.020873,-0.009439);2.0;0.0","(0.75233,0.806,-1.90665)",NAVCAM_RIGHT,CAHVORE
15,"(0.971582,0.00963722,0.00390579,0.236476)",NLE_0015_0668277843_723ECM_N0030376NCAM03000_05_0LLJ,"NASA's Mars Perseverance rover acquired this image using its onboard Left Navigation Camera (Navcam). The camera is located high on the rover's mast and aids in driving. 

This image was acquired on Mar. 7, 2021 (Sol 15) at the local mean solar time of 14:04:28.",Full,Sol-00015M14:04:28.075,NASA/JPL-Caltech,2021-03-07T09:12:15.000,https://mars.nasa.gov/rss/api/?feed=raw_images&category=mars2020&feedtype=json&id=NLE_0015_0668277843_723ECM_N0030376NCAM03000_05_0LLJ,https://mars.nasa.gov/mars2020/multimedia/raw-images/?id=NLE_0015_0668277843_723ECM_N0030376NCAM03000_05_0LLJ,376,Mars Perseverance Sol 15: Left Navigation Camera (Navcam),3,2021-03-07T09:24:46Z,44.9887,-29.3933,668277845.289,1,"(31.2262,8.12755,0.398731)","(1,953,1288,976)","(1288,976)",https://mars.nasa.gov/mars2020-raw-images/pub/ods/surface/sol/00015/ids/edr/browse/ncam/NLE_0015_0668277843_723ECM_N0030376NCAM03000_05_0LLJ01_800.jpg,https://mars.nasa.gov/mars2020-raw-images/pub/ods/surface/sol/00015/ids/edr/browse/ncam/NLE_0015_0668277843_723ECM_N0030376NCAM03000_05_0LLJ01_320.jpg,https://mars.nasa.gov/mars2020-raw-images/pub/ods/surface/sol/00015/ids/edr/browse/ncam/NLE_0015_0668277843_723ECM_N0030376NCAM03000_05_0LLJ01.png,https://mars.nasa.gov/mars2020-raw-images/pub/ods/surface/sol/00015/ids/edr/browse/ncam/NLE_0015_0668277843_723ECM_N0030376NCAM03000_05_0LLJ01_1200.jpg,UNK,"(0.938961909928777,0.18251392810116498,0.2916148105840753)","(1.05651,0.51007,-1.90526);(0.604759,0.621813,0.497625);(-546.172,3681.91,1279.32);(-436.925,-429.565,3058.71);(0.603698,0.622765,0.497723);(2e-06,0.049535,-0.015973);(-0.003612,0.013016,-0.023961);2.0;0.0","(1.05651,0.51007,-1.90526)",NAVCAM_LEFT,CAHVORE
15,"(0.971582,0.00963722,0.00390579,0.236476)",NRE_0015_0668277843_723ECM_N0030376NCAM03000_07_0LLJ,"NASA's Mars Perseverance rover acquired this image using its onboard Right Navigation Camera (Navcam). The camera is located high on the rover's mast and aids in driving. 

This image was acquired on Mar. 7, 2021 (Sol 15) at the local mean solar time of 14:04:28.",Full,Sol-00015M14:04:28.075,NASA/JPL-Caltech,2021-03-07T09:12:15.000,https://mars.nasa.gov/rss/api/?feed=raw_images&category=mars2020&feedtype=json&id=NRE_0015_0668277843_723ECM_N0030376NCAM03000_07_0LLJ,https://mars.nasa.gov/mars2020/multimedia/raw-images/?id=NRE_0015_0668277843_723ECM_N0030376NCAM03000_07_0LLJ,376,Mars Perseverance Sol 15: Right Navigation Camera (Navcam),3,2021-03-07T09:22:48Z,45.371,-29.1906,668277845.392,1,"(31.2262,8.12755,0.398731)","(2553,953,1296,976)","(1296,976)",https://mars.nasa.gov/mars2020-raw-images/pub/ods/surface/sol/00015/ids/edr/browse/ncam/NRE_0015_0668277843_723ECM_N0030376NCAM03000_07_0LLJ01_800.jpg,https://mars.nasa.gov/mars2020-raw-images/pub/ods/surface/sol/00015/ids/edr/browse/ncam/NRE_0015_0668277843_723ECM_N0030376NCAM03000_07_0LLJ01_320.jpg,https://mars.nasa.gov/mars2020-raw-images/pub/ods/surface/sol/00015/ids/edr/browse/ncam/NRE_0015_0668277843_723ECM_N0030376NCAM03000_07_0LLJ01.png,https://mars.nasa.gov/mars2020-raw-images/pub/ods/surface/sol/00015/ids/edr/browse/ncam/NRE_0015_0668277843_723ECM_N0030376NCAM03000_07_0LLJ01_1200.jpg,UNK,"(0.4965969909486078,0.8011673096341244,0.3339496527238906)","(0.75233,0.806,-1.90665);(0.605493,0.622193,0.496256);(-2096.54,2078.03,4.59727);(-424.614,-423.147,3056.57);(0.606067,0.62217,0.495584);(0.0,0.05117,-0.018889);(0.001504,0.020873,-0.009439);2.0;0.0","(0.75233,0.806,-1.90665)",NAVCAM_RIGHT,CAHVORE
15,"(0.971582,0.00963722,0.00390579,0.236476)",NRE_0015_0668277843_723ECM_N0030376NCAM03000_13_0LLJ,"NASA's Mars Perseverance rover acquired this image using its onboard Right Navigation Camera (Navcam). The camera is located high on the rover's mast and aids in driving. 

This image was acquired on Mar. 7, 2021 (Sol 15) at the local mean solar time of 14:04:28.",Full,Sol-00015M14:04:28.075,NASA/JPL-Caltech,2021-03-07T09:12:15.000,https://mars.nasa.gov/rss/api/?feed=raw_images&category=mars2020&feedtype=json&id=NRE_0015_0668277843_723ECM_N0030376NCAM03000_13_0LLJ,https://mars.nasa.gov/mars2020/multimedia/raw-images/?id=NRE_0015_0668277843_723ECM_N0030376NCAM03000_13_0LLJ,376,Mars Perseverance Sol 15: Right Navigation Camera (Navcam),3,2021-03-07T09:22:48Z,45.371,-29.1906,668277845.392,1,"(31.2262,8.12755,0.398731)","(1,2873,1288,968)","(1288,968)",https://mars.nasa.gov/mars2020-raw-images/pub/ods/surface/sol/00015/ids/edr/browse/ncam/NRE_0015_0668277843_723ECM_N0030376NCAM03000_13_0LLJ01_800.jpg,https://mars.nasa.gov/mars2020-raw-images/pub/ods/surface/sol/00015/ids/edr/browse/ncam/NRE_0015_0668277843_723ECM_N0030376NCAM03000_13_0LLJ01_320.jpg,https://mars.nasa.gov/mars2020-raw-images/pub/ods/surface/sol/00015/ids/edr/browse/ncam/NRE_0015_0668277843_723ECM_N0030376NCAM03000_13_0LLJ01.png,https://mars.nasa.gov/mars2020-raw-images/pub/ods/surface/sol/00015/ids/edr/browse/ncam/NRE_0015_0668277843_723ECM_N0030376NCAM03000_13_0LLJ01_1200.jpg,UNK,"(0.7055483405127226,-0.0031072764765206406,0.7086549823663428)","(0.75233,0.806,-1.90665);(0.605493,0.622193,0.496256);(-551.323,3665.87,1271.04);(-1587.16,-1617.76,2103.75);(0.606067,0.62217,0.495584);(0.0,0.05117,-0.018889);(0.001504,0.020873,-0.009439);2.0;0.0","(0.75233,0.806,-1.90665)",NAVCAM_RIGHT,CAHVORE
15,"(0.971582,0.00963722,0.00390579,0.236476)",ZLF_0015_0668279356_299FDR_N0030376ZCAM07000_110085J,"NASA's Mars Perseverance rover acquired this image using its Left Mastcam-Z camera. Mastcam-Z is a pair of cameras located high on the rover's mast.  

This image was acquired on Mar. 7, 2021 (Sol 15) at the local mean solar time of 14:29:45.",Full,Sol-00015M14:29:45.647,NASA/JPL-Caltech/ASU,2021-03-07T09:12:11.000,https://mars.nasa.gov/rss/api/?feed=raw_images&category=mars2020&feedtype=json&id=ZLF_0015_0668279356_299FDR_N0030376ZCAM07000_110085J,https://mars.nasa.gov/mars2020/multimedia/raw-images/?id=ZLF_0015_0668279356_299FDR_N0030376ZCAM07000_110085J,376,Mars Perseverance Sol 15: Left Mastcam-Z Camera,3,2021-03-07T12:10:23Z,306.66,-6.79985,668279403.101,1,"(31.2262,8.12755,0.398731)","(33,1,1600,1200)","(1600,1200)",https://mars.nasa.gov/mars2020-raw-images/pub/ods/surface/sol/00015/ids/fdr/browse/zcam/ZLF_0015_0668279356_299FDR_N0030376ZCAM07000_110085J01_800.jpg,https://mars.nasa.gov/mars2020-raw-images/pub/ods/surface/sol/00015/ids/fdr/browse/zcam/ZLF_0015_0668279356_299FDR_N0030376ZCAM07000_110085J01_320.jpg,https://mars.nasa.gov/mars2020-raw-images/pub/ods/surface/sol/00015/ids/fdr/browse/zcam/ZLF_0015_0668279356_299FDR_N0030376ZCAM07000_110085J01.png,https://mars.nasa.gov/mars2020-raw-images/pub/ods/surface/sol/00015/ids/fdr/browse/zcam/ZLF_0015_0668279356_299FDR_N0030376ZCAM07000_110085J01_1200.jpg,ZCAM_L0_RGB,"(0.5933043645668309,-0.7962209611540026,0.11841499907083163)","(0.72009,0.465055,-1.98236);(0.589644,-0.797481,0.127906);(12423.2,8252.67,1.47284);(-608.493,1004.02,14866.5);(0.594602,-0.796472,0.109985);(0.000294,0.457936,0.05941)","(0.72009,0.465055,-1.98236)",MCZ_LEFT,CAHVOR
15,"(0.971582,0.00963722,0.00390579,0.236476)",ZLF_0015_0668278142_301FDR_N0030376ZCAM07000_110085J,"NASA's Mars Perseverance rover acquired this image using its Left Mastcam-Z camera. Mastcam-Z is a pair of cameras located high on the rover's mast.  

This image was acquired on Mar. 7, 2021 (Sol 15) at the local mean solar time of 14:12:01.",Full,Sol-00015M14:12:01.881,NASA/JPL-Caltech/ASU,2021-03-07T09:12:10.000,https://mars.nasa.gov/rss/api/?feed=raw_images&category=mars2020&feedtype=json&id=ZLF_0015_0668278142_301FDR_N0030376ZCAM07000_110085J,https://mars.nasa.gov/mars2020/multimedia/raw-images/?id=ZLF_0015_0668278142_301FDR_N0030376ZCAM07000_110085J,376,Mars Perseverance Sol 15: Left Mastcam-Z Camera,3,2021-03-07T12:10:23Z,301.884,-3.18223,668278310.045,1,"(31.2262,8.12755,0.398731)","(1,1,1648,1200)","(1648,1200)",https://mars.nasa.gov/mars2020-raw-images/pub/ods/surface/sol/00015/ids/fdr/browse/zcam/ZLF_0015_0668278142_301FDR_N0030376ZCAM07000_110085J01_800.jpg,https://mars.nasa.gov/mars2020-raw-images/pub/ods/surface/sol/00015/ids/fdr/browse/zcam/ZLF_0015_0668278142_301FDR_N0030376ZCAM07000_110085J01_320.jpg,https://mars.nasa.gov/mars2020-raw-images/pub/ods/surface/sol/00015/ids/fdr/browse/zcam/ZLF_0015_0668278142_301FDR_N0030376ZCAM07000_110085J01.png,https://mars.nasa.gov/mars2020-raw-images/pub/ods/surface/sol/00015/ids/fdr/browse/zcam/ZLF_0015_0668278142_301FDR_N0030376ZCAM07000_110085J01_1200.jpg,ZCAM_L0_RGB,"(0.5273976215385054,-0.847802872055975,0.05551611413965851)","(0.710201,0.476355,-1.98397);(0.523714,-0.849438,0.064765);(13091.4,7170.11,-28.2586);(-42.8951,242.736,14921.6);(0.528662,-0.847505,0.0476153);(0.000257,0.452661,0.076738)","(0.710201,0.476355,-1.98397)",MCZ_LEFT,CAHVOR
15,"(0.971582,0.00963722,0.00390579,0.236476)",NRE_0015_0668277843_723ECM_N0030376NCAM03000_09_0LLJ,"NASA's Mars Perseverance rover acquired this image using its onboard Right Navigation Camera (Navcam). The camera is located high on the rover's mast and aids in driving. 

This image was acquired on Mar. 7, 2021 (Sol 15) at the local mean solar time of 14:04:28.",Full,Sol-00015M14:04:28.075,NASA/JPL-Caltech,2021-03-07T09:12:07.000,https://mars.nasa.gov/rss/api/?feed=raw_images&category=mars2020&feedtype=json&id=NRE_0015_0668277843_723ECM_N0030376NCAM03000_09_0LLJ,https://mars.nasa.gov/mars2020/multimedia/raw-images/?id=NRE_0015_0668277843_723ECM_N0030376NCAM03000_09_0LLJ,376,Mars Perseverance Sol 15: Right Navigation Camera (Navcam),3,2021-03-07T09:22:48Z,45.371,-29.1906,668277845.392,1,"(31.2262,8.12755,0.398731)","(1,1913,1288,976)","(1288,976)",https://mars.nasa.gov/mars2020-raw-images/pub/ods/surface/sol/00015/ids/edr/browse/ncam/NRE_0015_0668277843_723ECM_N0030376NCAM03000_09_0LLJ01_800.jpg,https://mars.nasa.gov/mars2020-raw-images/pub/ods/surface/sol/00015/ids/edr/browse/ncam/NRE_0015_0668277843_723ECM_N0030376NCAM03000_09_0LLJ01_320.jpg,https://mars.nasa.gov/mars2020-raw-images/pub/ods/surface/sol/00015/ids/edr/browse/ncam/NRE_0015_0668277843_723ECM_N0030376NCAM03000_09_0LLJ01.png,https://mars.nasa.gov/mars2020-raw-images/pub/ods/surface/sol/00015/ids/edr/browse/ncam/NRE_0015_0668277843_723ECM_N0030376NCAM03000_09_0LLJ01_1200.jpg,UNK,"(0.8471166815741465,0.09167341518830527,0.5234398845584073)","(0.75233,0.806,-1.90665);(0.605493,0.622193,0.496256);(-551.323,3665.87,1271.04);(-1005.89,-1020.45,2580.16);(0.606067,0.62217,0.495584);(0.0,0.05117,-0.018889);(0.001504,0.020873,-0.009439);2.0;0.0","(0.75233,0.806,-1.90665)",NAVCAM_RIGHT,CAHVORE
15,"(0.971582,0.00963722,0.00390579,0.236476)",NRE_0015_0668277843_723ECM_N0030376NCAM03000_06_0LLJ,"NASA's Mars Perseverance rover acquired this image using its onboard Right Navigation Camera (Navcam). The camera is located high on the rover's mast and aids in driving. 

This image was acquired on Mar. 7, 2021 (Sol 15) at the local mean solar time of 14:04:28.",Full,Sol-00015M14:04:28.075,NASA/JPL-Caltech,2021-03-07T09:12:00.000,https://mars.nasa.gov/rss/api/?feed=raw_images&category=mars2020&feedtype=json&id=NRE_0015_0668277843_723ECM_N0030376NCAM03000_06_0LLJ,https://mars.nasa.gov/mars2020/multimedia/raw-images/?id=NRE_0015_0668277843_723ECM_N0030376NCAM03000_06_0LLJ,376,Mars Perseverance Sol 15: Right Navigation Camera (Navcam),3,2021-03-07T09:18:43Z,45.371,-29.1906,668277845.392,1,"(31.2262,8.12755,0.398731)","(1273,953,1296,976)","(1296,976)",https://mars.nasa.gov/mars2020-raw-images/pub/ods/surface/sol/00015/ids/edr/browse/ncam/NRE_0015_0668277843_723ECM_N0030376NCAM03000_06_0LLJ01_800.jpg,https://mars.nasa.gov/mars2020-raw-images/pub/ods/surface/sol/00015/ids/edr/browse/ncam/NRE_0015_0668277843_723ECM_N0030376NCAM03000_06_0LLJ01_320.jpg,https://mars.nasa.gov/mars2020-raw-images/pub/ods/surface/sol/00015/ids/edr/browse/ncam/NRE_0015_0668277843_723ECM_N0030376NCAM03000_06_0LLJ01.png,https://mars.nasa.gov/mars2020-raw-images/pub/ods/surface/sol/00015/ids/edr/browse/ncam/NRE_0015_0668277843_723ECM_N0030376NCAM03000_06_0LLJ01_1200.jpg,UNK,"(0.7940700211236028,0.5076595142526844,0.33426728697479463)","(0.75233,0.806,-1.90665);(0.605493,0.622193,0.496256);(-1321.51,2874.44,639.805);(-424.614,-423.147,3056.57);(0.606067,0.62217,0.495584);(0.0,0.05117,-0.018889);(0.001504,0.020873,-0.009439);2.0;0.0","(0.75233,0.806,-1.90665)",NAVCAM_RIGHT,CAHVORE
15,"(0.971582,0.00963722,0.00390579,0.236476)",NLE_0015_0668277843_723ECM_N0030376NCAM03000_04_0LLJ,"NASA's Mars Perseverance rover acquired this image using its onboard Left Navigation Camera (Navcam). The camera is located high on the rover's mast and aids in driving. 

This image was acquired on Mar. 7, 2021 (Sol 15) at the local mean solar time of 14:04:28.",Full,Sol-00015M14:04:28.075,NASA/JPL-Caltech,2021-03-07T09:11:58.000,https://mars.nasa.gov/rss/api/?feed=raw_images&category=mars2020&feedtype=json&id=NLE_0015_0668277843_723ECM_N0030376NCAM03000_04_0LLJ,https://mars.nasa.gov/mars2020/multimedia/raw-images/?id=NLE_0015_0668277843_723ECM_N0030376NCAM03000_04_0LLJ,376,Mars Perseverance Sol 15: Left Navigation Camera (Navcam),3,2021-03-07T09:18:43Z,44.9887,-29.3933,668277845.289,1,"(31.2262,8.12755,0.398731)","(3833,1,1288,968)","(1288,968)",https://mars.nasa.gov/mars2020-raw-images/pub/ods/surface/sol/00015/ids/edr/browse/ncam/NLE_0015_0668277843_723ECM_N0030376NCAM03000_04_0LLJ01_800.jpg,https://mars.nasa.gov/mars2020-raw-images/pub/ods/surface/sol/00015/ids/edr/browse/ncam/NLE_0015_0668277843_723ECM_N0030376NCAM03000_04_0LLJ01_320.jpg,https://mars.nasa.gov/mars2020-raw-images/pub/ods/surface/sol/00015/ids/edr/browse/ncam/NLE_0015_0668277843_723ECM_N0030376NCAM03000_04_0LLJ01.png,https://mars.nasa.gov/mars2020-raw-images/pub/ods/surface/sol/00015/ids/edr/browse/ncam/NLE_0015_0668277843_723ECM_N0030376NCAM03000_04_0LLJ01_1200.jpg,UNK,"(0.25168309171687203,0.9663875799822093,0.0524467978046868)","(1.05651,0.51007,-1.90526);(0.604759,0.621813,0.497625);(-2863.61,1299.12,-627.575);(138.805,162.4,3532.45);(0.603698,0.622765,0.497723);(2e-06,0.049535,-0.015973);(-0.003612,0.013016,-0.023961);2.0;0.0","(1.05651,0.51007,-1.90526)",NAVCAM_LEFT,CAHVORE
15,"(0.971582,0.00963722,0.00390579,0.236476)",ZRF_0015_0668278563_299FDR_N0030376ZCAM07000_110085J,"NASA's Mars Perseverance rover acquired this image using its Right Mastcam-Z camera. Mastcam-Z is a pair of cameras located high on the rover's mast.  

This image was acquired on Mar. 7, 2021 (Sol 15) at the local mean solar time of 14:16:51.",Full,Sol-00015M14:16:51.910,NASA/JPL-Caltech/ASU,2021-03-07T09:11:57.000,https://mars.nasa.gov/rss/api/?feed=raw_images&category=mars2020&feedtype=json&id=ZRF_0015_0668278563_299FDR_N0030376ZCAM07000_110085J,https://mars.nasa.gov/mars2020/multimedia/raw-images/?id=ZRF_0015_0668278563_299FDR_N0030376ZCAM07000_110085J,376,Mars Perseverance Sol 15: Right Mastcam-Z Camera,3,2021-03-07T12:10:23Z,328.799,-2.65985,668278608.070,1,"(31.2262,8.12755,0.398731)","(33,1,1600,1200)","(1600,1200)",https://mars.nasa.gov/mars2020-raw-images/pub/ods/surface/sol/00015/ids/fdr/browse/zcam/ZRF_0015_0668278563_299FDR_N0030376ZCAM07000_110085J01_800.jpg,https://mars.nasa.gov/mars2020-raw-images/pub/ods/surface/sol/00015/ids/fdr/browse/zcam/ZRF_0015_0668278563_299FDR_N0030376ZCAM07000_110085J01_320.jpg,https://mars.nasa.gov/mars2020-raw-images/pub/ods/surface/sol/00015/ids/fdr/browse/zcam/ZRF_0015_0668278563_299FDR_N0030376ZCAM07000_110085J01.png,https://mars.nasa.gov/mars2020-raw-images/pub/ods/surface/sol/00015/ids/fdr/browse/zcam/ZRF_0015_0668278563_299FDR_N0030376ZCAM07000_110085J01_1200.jpg,ZCAM_R0_RGB,"(0.8547939852249647,-0.5168984739029494,0.046294821524925686)","(0.885429,0.65122,-1.98403);(0.857421,-0.511898,0.0529717);(8386.14,12334.0,150.766);(-129.866,-41.538,14894.1);(0.850054,-0.525412,0.036975);(0.000451,0.549818,-0.120987)","(0.885429,0.65122,-1.98403)",MCZ_RIGHT,CAHVOR
15,"(0.971582,0.00963722,0.00390579,0.236476)",ZRF_0015_0668279008_299FDR_N0030376ZCAM07000_110085J,"NASA's Mars Perseverance rover acquired this image using its Right Mastcam-Z camera. Mastcam-Z is a pair of cameras located high on the rover's mast.  

This image was acquired on Mar. 7, 2021 (Sol 15) at the local mean solar time of 14:24:05.",Full,Sol-00015M14:24:05.008,NASA/JPL-Caltech/ASU,2021-03-07T09:11:52.000,https://mars.nasa.gov/rss/api/?feed=raw_images&category=mars2020&feedtype=json&id=ZRF_0015_0668279008_299FDR_N0030376ZCAM07000_110085J,https://mars.nasa.gov/mars2020/multimedia/raw-images/?id=ZRF_0015_0668279008_299FDR_N0030376ZCAM07000_110085J,376,Mars Perseverance Sol 15: Right Mastcam-Z Camera,3,2021-03-07T12:10:23Z,338.673,-6.15694,668279053.077,1,"(31.2262,8.12755,0.398731)","(33,1,1600,1200)","(1600,1200)",https://mars.nasa.gov/mars2020-raw-images/pub/ods/surface/sol/00015/ids/fdr/browse/zcam/ZRF_0015_0668279008_299FDR_N0030376ZCAM07000_110085J01_800.jpg,https://mars.nasa.gov/mars2020-raw-images/pub/ods/surface/sol/00015/ids/fdr/browse/zcam/ZRF_0015_0668279008_299FDR_N0030376ZCAM07000_110085J01_320.jpg,https://mars.nasa.gov/mars2020-raw-images/pub/ods/surface/sol/00015/ids/fdr/browse/zcam/ZRF_0015_0668279008_299FDR_N0030376ZCAM07000_110085J01.png,https://mars.nasa.gov/mars2020-raw-images/pub/ods/surface/sol/00015/ids/fdr/browse/zcam/ZRF_0015_0668279008_299FDR_N0030376ZCAM07000_110085J01_1200.jpg,ZCAM_R0_RGB,"(0.9264064748188802,-0.36096091220180976,0.10713665701380108)","(0.872901,0.66203,-1.9824);(0.927959,-0.354971,0.113595);(6130.7,13582.1,215.253);(-971.734,251.341,14849.5);(0.923883,-0.369871,0.0982388);(0.000435875,0.552077,-0.110875)","(0.872901,0.66203,-1.9824)",MCZ_RIGHT,CAHVOR
15,"(0.971582,0.00963722,0.00390579,0.236476)",ZRF_0015_0668278413_299FDR_N0030376ZCAM07000_110085J,"NASA's Mars Perseverance rover acquired this image using its Right Mastcam-Z camera. Mastcam-Z is a pair of cameras located high on the rover's mast.  

This image was acquired on Mar. 7, 2021 (Sol 15) at the local mean solar time of 14:14:25.",Full,Sol-00015M14:14:25.922,NASA/JPL-Caltech/ASU,2021-03-07T09:11:51.000,https://mars.nasa.gov/rss/api/?feed=raw_images&category=mars2020&feedtype=json&id=ZRF_0015_0668278413_299FDR_N0030376ZCAM07000_110085J,https://mars.nasa.gov/mars2020/multimedia/raw-images/?id=ZRF_0015_0668278413_299FDR_N0030376ZCAM07000_110085J,376,Mars Perseverance Sol 15: Right Mastcam-Z Camera,3,2021-03-07T12:10:23Z,314.063,-2.86907,668278458.066,1,"(31.2262,8.12755,0.398731)","(33,1,1600,1200)","(1600,1200)",https://mars.nasa.gov/mars2020-raw-images/pub/ods/surface/sol/00015/ids/fdr/browse/zcam/ZRF_0015_0668278413_299FDR_N0030376ZCAM07000_110085J01_800.jpg,https://mars.nasa.gov/mars2020-raw-images/pub/ods/surface/sol/00015/ids/fdr/browse/zcam/ZRF_0015_0668278413_299FDR_N0030376ZCAM07000_110085J01_320.jpg,https://mars.nasa.gov/mars2020-raw-images/pub/ods/surface/sol/00015/ids/fdr/browse/zcam/ZRF_0015_0668278413_299FDR_N0030376ZCAM07000_110085J01.png,https://mars.nasa.gov/mars2020-raw-images/pub/ods/surface/sol/00015/ids/fdr/browse/zcam/ZRF_0015_0668278413_299FDR_N0030376ZCAM07000_110085J01_1200.jpg,ZCAM_R0_RGB,"(0.6950691667159958,-0.7172060495177595,0.049943328041495434)","(0.906302,0.627574,-1.98392);(0.698866,-0.713019,0.0566204);(11247.2,9795.58,157.037);(-176.446,29.5829,14893.7);(0.688347,-0.724254,0.0406228);(0.000451,0.549818,-0.120987)","(0.906302,0.627574,-1.98392)",MCZ_RIGHT,CAHVOR
15,"(0.971582,0.00963722,0.00390579,0.236476)",ZRF_0015_0668278810_299FDR_N0030376ZCAM07000_110085J,"NASA's Mars Perseverance rover acquired this image using its Right Mastcam-Z camera. Mastcam-Z is a pair of cameras located high on the rover's mast.  

This image was acquired on Mar. 7, 2021 (Sol 15) at the local mean solar time of 14:20:52.",Full,Sol-00015M14:20:52.304,NASA/JPL-Caltech/ASU,2021-03-07T09:11:51.000,https://mars.nasa.gov/rss/api/?feed=raw_images&category=mars2020&feedtype=json&id=ZRF_0015_0668278810_299FDR_N0030376ZCAM07000_110085J,https://mars.nasa.gov/mars2020/multimedia/raw-images/?id=ZRF_0015_0668278810_299FDR_N0030376ZCAM07000_110085J,376,Mars Perseverance Sol 15: Right Mastcam-Z Camera,3,2021-03-07T12:10:23Z,353.28,-2.20653,668278855.054,1,"(31.2262,8.12755,0.398731)","(33,1,1600,1200)","(1600,1200)",https://mars.nasa.gov/mars2020-raw-images/pub/ods/surface/sol/00015/ids/fdr/browse/zcam/ZRF_0015_0668278810_299FDR_N0030376ZCAM07000_110085J01_800.jpg,https://mars.nasa.gov/mars2020-raw-images/pub/ods/surface/sol/00015/ids/fdr/browse/zcam/ZRF_0015_0668278810_299FDR_N0030376ZCAM07000_110085J01_320.jpg,https://mars.nasa.gov/mars2020-raw-images/pub/ods/surface/sol/00015/ids/fdr/browse/zcam/ZRF_0015_0668278810_299FDR_N0030376ZCAM07000_110085J01.png,https://mars.nasa.gov/mars2020-raw-images/pub/ods/surface/sol/00015/ids/fdr/browse/zcam/ZRF_0015_0668278810_299FDR_N0030376ZCAM07000_110085J01_1200.jpg,ZCAM_R0_RGB,"(0.9924773815450604,-0.11625324569117157,0.03839049345513474)","(0.839651,0.676334,-1.98426);(0.992849,-0.110613,0.0450666);(2522.67,14700.1,135.892);(17.0536,-96.7971,14894.4);(0.991617,-0.12596,0.0290739);(0.000451,0.549818,-0.120987)","(0.839651,0.676334,-1.98426)",MCZ_RIGHT,CAHVOR
15,"(0.971582,0.00963722,0.00390579,0.236476)",ZLF_0015_0668279057_299FDR_N0030376ZCAM07000_110085J,"NASA's Mars Perseverance rover acquired this image using its Left Mastcam-Z camera. Mastcam-Z is a pair of cameras located high on the rover's mast.  

This image was acquired on Mar. 7, 2021 (Sol 15) at the local mean solar time of 14:24:52.",Full,Sol-00015M14:24:52.697,NASA/JPL-Caltech/ASU,2021-03-07T09:11:49.000,https://mars.nasa.gov/rss/api/?feed=raw_images&category=mars2020&feedtype=json&id=ZLF_0015_0668279057_299FDR_N0030376ZCAM07000_110085J,https://mars.nasa.gov/mars2020/multimedia/raw-images/?id=ZLF_0015_0668279057_299FDR_N0030376ZCAM07000_110085J,376,Mars Perseverance Sol 15: Left Mastcam-Z Camera,3,2021-03-07T12:10:23Z,336.108,-6.39618,668279102.058,1,"(31.2262,8.12755,0.398731)","(33,1,1600,1200)","(1600,1200)",https://mars.nasa.gov/mars2020-raw-images/pub/ods/surface/sol/00015/ids/fdr/browse/zcam/ZLF_0015_0668279057_299FDR_N0030376ZCAM07000_110085J01_800.jpg,https://mars.nasa.gov/mars2020-raw-images/pub/ods/surface/sol/00015/ids/fdr/browse/zcam/ZLF_0015_0668279057_299FDR_N0030376ZCAM07000_110085J01_320.jpg,https://mars.nasa.gov/mars2020-raw-images/pub/ods/surface/sol/00015/ids/fdr/browse/zcam/ZLF_0015_0668279057_299FDR_N0030376ZCAM07000_110085J01.png,https://mars.nasa.gov/mars2020-raw-images/pub/ods/surface/sol/00015/ids/fdr/browse/zcam/ZLF_0015_0668279057_299FDR_N0030376ZCAM07000_110085J01_1200.jpg,ZCAM_L0_RGB,"(0.9088439883399009,-0.4019826159101109,0.11141176492851441)","(0.777098,0.435673,-1.98252);(0.906372,-0.404819,0.120943);(6760.45,13293.0,-6.05945);(-926.686,534.481,14873.1);(0.910058,-0.401521,0.102911);(0.000298111,0.458522,0.0574847)","(0.777098,0.435673,-1.98252)",MCZ_LEFT,CAHVOR
15,"(0.971582,0.00963722,0.00390579,0.236476)",ZRF_0015_0668278463_299FDR_N0030376ZCAM07000_110085J,"NASA's Mars Perseverance rover acquired this image using its Right Mastcam-Z camera. Mastcam-Z is a pair of cameras located high on the rover's mast.  

This image was acquired on Mar. 7, 2021 (Sol 15) at the local mean solar time of 14:15:14.",Full,Sol-00015M14:15:14.585,NASA/JPL-Caltech/ASU,2021-03-07T09:11:49.000,https://mars.nasa.gov/rss/api/?feed=raw_images&category=mars2020&feedtype=json&id=ZRF_0015_0668278463_299FDR_N0030376ZCAM07000_110085J,https://mars.nasa.gov/mars2020/multimedia/raw-images/?id=ZRF_0015_0668278463_299FDR_N0030376ZCAM07000_110085J,376,Mars Perseverance Sol 15: Right Mastcam-Z Camera,3,2021-03-07T12:10:23Z,318.94,-2.80959,668278508.062,1,"(31.2262,8.12755,0.398731)","(33,1,1600,1200)","(1600,1200)",https://mars.nasa.gov/mars2020-raw-images/pub/ods/surface/sol/00015/ids/fdr/browse/zcam/ZRF_0015_0668278463_299FDR_N0030376ZCAM07000_110085J01_800.jpg,https://mars.nasa.gov/mars2020-raw-images/pub/ods/surface/sol/00015/ids/fdr/browse/zcam/ZRF_0015_0668278463_299FDR_N0030376ZCAM07000_110085J01_320.jpg,https://mars.nasa.gov/mars2020-raw-images/pub/ods/surface/sol/00015/ids/fdr/browse/zcam/ZRF_0015_0668278463_299FDR_N0030376ZCAM07000_110085J01.png,https://mars.nasa.gov/mars2020-raw-images/pub/ods/surface/sol/00015/ids/fdr/browse/zcam/ZRF_0015_0668278463_299FDR_N0030376ZCAM07000_110085J01_1200.jpg,ZCAM_R0_RGB,"(0.7535681050237598,-0.6555480331734186,0.04890692479968507)","(0.90009,0.635984,-1.98395);(0.757002,-0.651056,0.0555839);(10373.8,10716.2,155.287);(-166.052,5.02904,14893.8);(0.747463,-0.663135,0.0395865);(0.000451,0.549818,-0.120987)","(0.90009,0.635984,-1.98395)",MCZ_RIGHT,CAHVOR
15,"(0.971582,0.00963722,0.00390579,0.236476)",ZRF_0015_0668278512_299FDR_N0030376ZCAM07000_110085J,"NASA's Mars Perseverance rover acquired this image using its Right Mastcam-Z camera. Mastcam-Z is a pair of cameras located high on the rover's mast.  

This image was acquired on Mar. 7, 2021 (Sol 15) at the local mean solar time of 14:16:02.",Full,Sol-00015M14:16:02.274,NASA/JPL-Caltech/ASU,2021-03-07T09:11:47.000,https://mars.nasa.gov/rss/api/?feed=raw_images&category=mars2020&feedtype=json&id=ZRF_0015_0668278512_299FDR_N0030376ZCAM07000_110085J,https://mars.nasa.gov/mars2020/multimedia/raw-images/?id=ZRF_0015_0668278512_299FDR_N0030376ZCAM07000_110085J,376,Mars Perseverance Sol 15: Right Mastcam-Z Camera,3,2021-03-07T12:10:23Z,323.874,-2.73486,668278557.073,1,"(31.2262,8.12755,0.398731)","(33,1,1600,1200)","(1600,1200)",https://mars.nasa.gov/mars2020-raw-images/pub/ods/surface/sol/00015/ids/fdr/browse/zcam/ZRF_0015_0668278512_299FDR_N0030376ZCAM07000_110085J01_800.jpg,https://mars.nasa.gov/mars2020-raw-images/pub/ods/surface/sol/00015/ids/fdr/browse/zcam/ZRF_0015_0668278512_299FDR_N0030376ZCAM07000_110085J01_320.jpg,https://mars.nasa.gov/mars2020-raw-images/pub/ods/surface/sol/00015/ids/fdr/browse/zcam/ZRF_0015_0668278512_299FDR_N0030376ZCAM07000_110085J01.png,https://mars.nasa.gov/mars2020-raw-images/pub/ods/surface/sol/00015/ids/fdr/browse/zcam/ZRF_0015_0668278512_299FDR_N0030376ZCAM07000_110085J01_1200.jpg,ZCAM_R0_RGB,"(0.8072114680605158,-0.5883400808064105,0.047598268332925485)","(0.893082,0.643928,-1.98399);(0.810252,-0.583576,0.0542753);(9413.84,11568.6,153.091);(-149.42,-19.8295,14894.0);(0.80177,-0.59642,0.0382782);(0.000451,0.549818,-0.120987)","(0.893082,0.643928,-1.98399)",MCZ_RIGHT,CAHVOR
15,"(0.971582,0.00963722,0.00390579,0.236476)",NLE_0015_0668277843_723ECM_N0030376NCAM03000_09_0LLJ,"NASA's Mars Perseverance rover acquired this image using its onboard Left Navigation Camera (Navcam). The camera is located high on the rover's mast and aids in driving. 

This image was acquired on Mar. 7, 2021 (Sol 15) at the local mean solar time of 14:04:28.",Full,Sol-00015M14:04:28.075,NASA/JPL-Caltech,2021-03-07T09:11:41.000,https://mars.nasa.gov/rss/api/?feed=raw_images&category=mars2020&feedtype=json&id=NLE_0015_0668277843_723ECM_N0030376NCAM03000_09_0LLJ,https://mars.nasa.gov/mars2020/multimedia/raw-images/?id=NLE_0015_0668277843_723ECM_N0030376NCAM03000_09_0LLJ,376,Mars Perseverance Sol 15: Left Navigation Camera (Navcam),3,2021-03-07T09:18:43Z,44.9887,-29.3933,668277845.289,1,"(31.2262,8.12755,0.398731)","(1,1913,1288,976)","(1288,976)",https://mars.nasa.gov/mars2020-raw-images/pub/ods/surface/sol/00015/ids/edr/browse/ncam/NLE_0015_0668277843_723ECM_N0030376NCAM03000_09_0LLJ01_800.jpg,https://mars.nasa.gov/mars2020-raw-images/pub/ods/surface/sol/00015/ids/edr/browse/ncam/NLE_0015_0668277843_723ECM_N0030376NCAM03000_09_0LLJ01_320.jpg,https://mars.nasa.gov/mars2020-raw-images/pub/ods/surface/sol/00015/ids/edr/browse/ncam/NLE_0015_0668277843_723ECM_N0030376NCAM03000_09_0LLJ01.png,https://mars.nasa.gov/mars2020-raw-images/pub/ods/surface/sol/00015/ids/edr/browse/ncam/NLE_0015_0668277843_723ECM_N0030376NCAM03000_09_0LLJ01_1200.jpg,UNK,"(0.8464434513877104,0.0878874602501904,0.5251754734692317)","(1.05651,0.51007,-1.90526);(0.604759,0.621813,0.497625);(-546.172,3681.91,1279.32);(-1017.49,-1026.51,2580.99);(0.603698,0.622765,0.497723);(2e-06,0.049535,-0.015973);(-0.003612,0.013016,-0.023961);2.0;0.0","(1.05651,0.51007,-1.90526)",NAVCAM_LEFT,CAHVORE
15,"(0.971582,0.00963722,0.00390579,0.236476)",NLE_0015_0668277843_723ECM_N0030376NCAM03000_13_0LLJ,"NASA's Mars Perseverance rover acquired this image using its onboard Left Navigation Camera (Navcam). The camera is located high on the rover's mast and aids in driving. 

This image was acquired on Mar. 7, 2021 (Sol 15) at the local mean solar time of 14:04:28.",Full,Sol-00015M14:04:28.075,NASA/JPL-Caltech,2021-03-07T09:11:41.000,https://mars.nasa.gov/rss/api/?feed=raw_images&category=mars2020&feedtype=json&id=NLE_0015_0668277843_723ECM_N0030376NCAM03000_13_0LLJ,https://mars.nasa.gov/mars2020/multimedia/raw-images/?id=NLE_0015_0668277843_723ECM_N0030376NCAM03000_13_0LLJ,376,Mars Perseverance Sol 15: Left Navigation Camera (Navcam),3,2021-03-07T09:18:43Z,44.9887,-29.3933,668277845.289,1,"(31.2262,8.12755,0.398731)","(1,2873,1288,968)","(1288,968)",https://mars.nasa.gov/mars2020-raw-images/pub/ods/surface/sol/00015/ids/edr/browse/ncam/NLE_0015_0668277843_723ECM_N0030376NCAM03000_13_0LLJ01_800.jpg,https://mars.nasa.gov/mars2020-raw-images/pub/ods/surface/sol/00015/ids/edr/browse/ncam/NLE_0015_0668277843_723ECM_N0030376NCAM03000_13_0LLJ01_320.jpg,https://mars.nasa.gov/mars2020-raw-images/pub/ods/surface/sol/00015/ids/edr/browse/ncam/NLE_0015_0668277843_723ECM_N0030376NCAM03000_13_0LLJ01.png,https://mars.nasa.gov/mars2020-raw-images/pub/ods/surface/sol/00015/ids/edr/browse/ncam/NLE_0015_0668277843_723ECM_N0030376NCAM03000_13_0LLJ01_1200.jpg,UNK,"(0.704948420327666,-0.0062381463323610805,0.7092311401848234)","(1.05651,0.51007,-1.90526);(0.604759,0.621813,0.497625);(-546.172,3681.91,1279.32);(-1598.06,-1623.45,2103.27);(0.603698,0.622765,0.497723);(2e-06,0.049535,-0.015973);(-0.003612,0.013016,-0.023961);2.0;0.0","(1.05651,0.51007,-1.90526)",NAVCAM_LEFT,CAHVORE
15,"(0.971582,0.00963722,0.00390579,0.236476)",NLE_0015_0668277843_723ECM_N0030376NCAM03000_14_0LLJ,"NASA's Mars Perseverance rover acquired this image using its onboard Left Navigation Camera (Navcam). The camera is located high on the rover's mast and aids in driving. 

This image was acquired on Mar. 7, 2021 (Sol 15) at the local mean solar time of 14:04:28.",Full,Sol-00015M14:04:28.075,NASA/JPL-Caltech,2021-03-07T09:11:41.000,https://mars.nasa.gov/rss/api/?feed=raw_images&category=mars2020&feedtype=json&id=NLE_0015_0668277843_723ECM_N0030376NCAM03000_14_0LLJ,https://mars.nasa.gov/mars2020/multimedia/raw-images/?id=NLE_0015_0668277843_723ECM_N0030376NCAM03000_14_0LLJ,376,Mars Perseverance Sol 15: Left Navigation Camera (Navcam),3,2021-03-07T09:18:43Z,44.9887,-29.3933,668277845.289,1,"(31.2262,8.12755,0.398731)","(1273,2873,1296,968)","(1296,968)",https://mars.nasa.gov/mars2020-raw-images/pub/ods/surface/sol/00015/ids/edr/browse/ncam/NLE_0015_0668277843_723ECM_N0030376NCAM03000_14_0LLJ01_800.jpg,https://mars.nasa.gov/mars2020-raw-images/pub/ods/surface/sol/00015/ids/edr/browse/ncam/NLE_0015_0668277843_723ECM_N0030376NCAM03000_14_0LLJ01_320.jpg,https://mars.nasa.gov/mars2020-raw-images/pub/ods/surface/sol/00015/ids/edr/browse/ncam/NLE_0015_0668277843_723ECM_N0030376NCAM03000_14_0LLJ01.png,https://mars.nasa.gov/mars2020-raw-images/pub/ods/surface/sol/00015/ids/edr/browse/ncam/NLE_0015_0668277843_723ECM_N0030376NCAM03000_14_0LLJ01_1200.jpg,UNK,"(0.5308653262993758,0.2592535185012159,0.8068268825948952)","(1.05651,0.51007,-1.90526);(0.604759,0.621813,0.497625);(-1315.42,2890.96,646.346);(-1598.06,-1623.45,2103.27);(0.603698,0.622765,0.497723);(2e-06,0.049535,-0.015973);(-0.003612,0.013016,-0.023961);2.0;0.0","(1.05651,0.51007,-1.90526)",NAVCAM_LEFT,CAHVORE
15,"(0.971582,0.00963722,0.00390579,0.236476)",ZRF_0015_0668278958_299FDR_N0030376ZCAM07000_110085J,"NASA's Mars Perseverance rover acquired this image using its Right Mastcam-Z camera. Mastcam-Z is a pair of cameras located high on the rover's mast.  

This image was acquired on Mar. 7, 2021 (Sol 15) at the local mean solar time of 14:23:16.",Full,Sol-00015M14:23:16.346,NASA/JPL-Caltech/ASU,2021-03-07T09:11:40.000,https://mars.nasa.gov/rss/api/?feed=raw_images&category=mars2020&feedtype=json&id=ZRF_0015_0668278958_299FDR_N0030376ZCAM07000_110085J,https://mars.nasa.gov/mars2020/multimedia/raw-images/?id=ZRF_0015_0668278958_299FDR_N0030376ZCAM07000_110085J,376,Mars Perseverance Sol 15: Right Mastcam-Z Camera,3,2021-03-07T12:10:23Z,343.551,-6.06437,668279003.097,1,"(31.2262,8.12755,0.398731)","(33,1,1600,1200)","(1600,1200)",https://mars.nasa.gov/mars2020-raw-images/pub/ods/surface/sol/00015/ids/fdr/browse/zcam/ZRF_0015_0668278958_299FDR_N0030376ZCAM07000_110085J01_800.jpg,https://mars.nasa.gov/mars2020-raw-images/pub/ods/surface/sol/00015/ids/fdr/browse/zcam/ZRF_0015_0668278958_299FDR_N0030376ZCAM07000_110085J01_320.jpg,https://mars.nasa.gov/mars2020-raw-images/pub/ods/surface/sol/00015/ids/fdr/browse/zcam/ZRF_0015_0668278958_299FDR_N0030376ZCAM07000_110085J01.png,https://mars.nasa.gov/mars2020-raw-images/pub/ods/surface/sol/00015/ids/fdr/browse/zcam/ZRF_0015_0668278958_299FDR_N0030376ZCAM07000_110085J01_1200.jpg,ZCAM_R0_RGB,"(0.9539156044265821,-0.2809094902938066,0.10552193086909765)","(0.863831,0.667458,-1.98245);(0.954963,-0.274811,0.11198);(4953.83,14054.2,212.244);(-965.963,162.647,14851.1);(0.952145,-0.289999,0.0966237);(0.000435875,0.552077,-0.110875)","(0.863831,0.667458,-1.98245)",MCZ_RIGHT,CAHVOR
15,"(0.971582,0.00963722,0.00390579,0.236476)",NRE_0015_0668277843_723ECM_N0030376NCAM03000_16_0LLJ,"NASA's Mars Perseverance rover acquired this image using its onboard Right Navigation Camera (Navcam). The camera is located high on the rover's mast and aids in driving. 

This image was acquired on Mar. 7, 2021 (Sol 15) at the local mean solar time of 14:04:28.",Full,Sol-00015M14:04:28.075,NASA/JPL-Caltech,2021-03-07T09:11:40.000,https://mars.nasa.gov/rss/api/?feed=raw_images&category=mars2020&feedtype=json&id=NRE_0015_0668277843_723ECM_N0030376NCAM03000_16_0LLJ,https://mars.nasa.gov/mars2020/multimedia/raw-images/?id=NRE_0015_0668277843_723ECM_N0030376NCAM03000_16_0LLJ,376,Mars Perseverance Sol 15: Right Navigation Camera (Navcam),3,2021-03-07T09:18:43Z,45.371,-29.1906,668277845.392,1,"(31.2262,8.12755,0.398731)","(3833,2873,1288,968)","(1288,968)",https://mars.nasa.gov/mars2020-raw-images/pub/ods/surface/sol/00015/ids/edr/browse/ncam/NRE_0015_0668277843_723ECM_N0030376NCAM03000_16_0LLJ01_800.jpg,https://mars.nasa.gov/mars2020-raw-images/pub/ods/surface/sol/00015/ids/edr/browse/ncam/NRE_0015_0668277843_723ECM_N0030376NCAM03000_16_0LLJ01_320.jpg,https://mars.nasa.gov/mars2020-raw-images/pub/ods/surface/sol/00015/ids/edr/browse/ncam/NRE_0015_0668277843_723ECM_N0030376NCAM03000_16_0LLJ01.png,https://mars.nasa.gov/mars2020-raw-images/pub/ods/surface/sol/00015/ids/edr/browse/ncam/NRE_0015_0668277843_723ECM_N0030376NCAM03000_16_0LLJ01_1200.jpg,UNK,"(-0.01628010514008613,0.7047582360460045,0.7092607326660287)","(0.75233,0.806,-1.90665);(0.605493,0.622193,0.496256);(-2871.57,1281.62,-630.61);(-1587.16,-1617.76,2103.75);(0.606067,0.62217,0.495584);(0.0,0.05117,-0.018889);(0.001504,0.020873,-0.009439);2.0;0.0","(0.75233,0.806,-1.90665)",NAVCAM_RIGHT,CAHVORE
15,"(0.971582,0.00963722,0.00390579,0.236476)",ZRF_0015_0668278712_320FDR_N0030376ZCAM07000_110085J,"NASA's Mars Perseverance rover acquired this image using its Right Mastcam-Z camera. Mastcam-Z is a pair of cameras located high on the rover's mast.  

This image was acquired on Mar. 7, 2021 (Sol 15) at the local mean solar time of 14:19:16.",Full,Sol-00015M14:19:16.925,NASA/JPL-Caltech/ASU,2021-03-07T09:11:39.000,https://mars.nasa.gov/rss/api/?feed=raw_images&category=mars2020&feedtype=json&id=ZRF_0015_0668278712_320FDR_N0030376ZCAM07000_110085J,https://mars.nasa.gov/mars2020/multimedia/raw-images/?id=ZRF_0015_0668278712_320FDR_N0030376ZCAM07000_110085J,376,Mars Perseverance Sol 15: Right Mastcam-Z Camera,3,2021-03-07T12:10:23Z,343.489,-2.39842,668278757.061,1,"(31.2262,8.12755,0.398731)","(33,1,1600,1200)","(1600,1200)",https://mars.nasa.gov/mars2020-raw-images/pub/ods/surface/sol/00015/ids/fdr/browse/zcam/ZRF_0015_0668278712_320FDR_N0030376ZCAM07000_110085J01_800.jpg,https://mars.nasa.gov/mars2020-raw-images/pub/ods/surface/sol/00015/ids/fdr/browse/zcam/ZRF_0015_0668278712_320FDR_N0030376ZCAM07000_110085J01_320.jpg,https://mars.nasa.gov/mars2020-raw-images/pub/ods/surface/sol/00015/ids/fdr/browse/zcam/ZRF_0015_0668278712_320FDR_N0030376ZCAM07000_110085J01.png,https://mars.nasa.gov/mars2020-raw-images/pub/ods/surface/sol/00015/ids/fdr/browse/zcam/ZRF_0015_0668278712_320FDR_N0030376ZCAM07000_110085J01_1200.jpg,ZCAM_R0_RGB,"(0.958124252169392,-0.28329469427709547,0.041737676016886015)","(0.859236,0.668688,-1.98416);(0.959428,-0.277796,0.0484143);(4985.12,14057.2,142.362);(-48.5805,-87.7904,14894.4);(0.955656,-0.292721,0.0324195);(0.000451,0.549818,-0.120987)","(0.859236,0.668688,-1.98416)",MCZ_RIGHT,CAHVOR
15,"(0.971582,0.00963722,0.00390579,0.236476)",ZLF_0015_0668278512_299FDR_N0030376ZCAM07000_110085J,"NASA's Mars Perseverance rover acquired this image using its Left Mastcam-Z camera. Mastcam-Z is a pair of cameras located high on the rover's mast.  

This image was acquired on Mar. 7, 2021 (Sol 15) at the local mean solar time of 14:16:04.",Full,Sol-00015M14:16:04.221,NASA/JPL-Caltech/ASU,2021-03-07T09:11:37.000,https://mars.nasa.gov/rss/api/?feed=raw_images&category=mars2020&feedtype=json&id=ZLF_0015_0668278512_299FDR_N0030376ZCAM07000_110085J,https://mars.nasa.gov/mars2020/multimedia/raw-images/?id=ZLF_0015_0668278512_299FDR_N0030376ZCAM07000_110085J,376,Mars Perseverance Sol 15: Left Mastcam-Z Camera,3,2021-03-07T12:10:23Z,326.224,-2.88769,668278559.047,1,"(31.2262,8.12755,0.398731)","(33,1,1600,1200)","(1600,1200)",https://mars.nasa.gov/mars2020-raw-images/pub/ods/surface/sol/00015/ids/fdr/browse/zcam/ZLF_0015_0668278512_299FDR_N0030376ZCAM07000_110085J01_800.jpg,https://mars.nasa.gov/mars2020-raw-images/pub/ods/surface/sol/00015/ids/fdr/browse/zcam/ZLF_0015_0668278512_299FDR_N0030376ZCAM07000_110085J01_320.jpg,https://mars.nasa.gov/mars2020-raw-images/pub/ods/surface/sol/00015/ids/fdr/browse/zcam/ZLF_0015_0668278512_299FDR_N0030376ZCAM07000_110085J01.png,https://mars.nasa.gov/mars2020-raw-images/pub/ods/surface/sol/00015/ids/fdr/browse/zcam/ZLF_0015_0668278512_299FDR_N0030376ZCAM07000_110085J01_1200.jpg,ZCAM_L0_RGB,"(0.8304616078214799,-0.5547937726402872,0.05037249025132486)","(0.75254,0.444898,-1.98406);(0.827469,-0.558354,0.0595957);(8946.8,11947.2,-35.2994);(-74.9012,161.454,14923.8);(0.831142,-0.554446,0.0425372);(0.000252889,0.452075,0.0786633)","(0.75254,0.444898,-1.98406)",MCZ_LEFT,CAHVOR
15,"(0.971582,0.00963722,0.00390579,0.236476)",ZLF_0015_0668278810_299FDR_N0030376ZCAM07000_110085J,"NASA's Mars Perseverance rover acquired this image using its Left Mastcam-Z camera. Mastcam-Z is a pair of cameras located high on the rover's mast.  

This image was acquired on Mar. 7, 2021 (Sol 15) at the local mean solar time of 14:20:52.",Full,Sol-00015M14:20:52.304,NASA/JPL-Caltech/ASU,2021-03-07T09:11:37.000,https://mars.nasa.gov/rss/api/?feed=raw_images&category=mars2020&feedtype=json&id=ZLF_0015_0668278810_299FDR_N0030376ZCAM07000_110085J,https://mars.nasa.gov/mars2020/multimedia/raw-images/?id=ZLF_0015_0668278810_299FDR_N0030376ZCAM07000_110085J,376,Mars Perseverance Sol 15: Left Mastcam-Z Camera,3,2021-03-07T12:10:23Z,355.629,-2.35823,668278855.050,1,"(31.2262,8.12755,0.398731)","(33,1,1600,1200)","(1600,1200)",https://mars.nasa.gov/mars2020-raw-images/pub/ods/surface/sol/00015/ids/fdr/browse/zcam/ZLF_0015_0668278810_299FDR_N0030376ZCAM07000_110085J01_800.jpg,https://mars.nasa.gov/mars2020-raw-images/pub/ods/surface/sol/00015/ids/fdr/browse/zcam/ZLF_0015_0668278810_299FDR_N0030376ZCAM07000_110085J01_320.jpg,https://mars.nasa.gov/mars2020-raw-images/pub/ods/surface/sol/00015/ids/fdr/browse/zcam/ZLF_0015_0668278810_299FDR_N0030376ZCAM07000_110085J01.png,https://mars.nasa.gov/mars2020-raw-images/pub/ods/surface/sol/00015/ids/fdr/browse/zcam/ZLF_0015_0668278810_299FDR_N0030376ZCAM07000_110085J01_1200.jpg,ZCAM_L0_RGB,"(0.9962876939473871,-0.07561543536649808,0.0411477438425541)","(0.814986,0.433937,-1.98421);(0.99552,-0.0800965,0.0504086);(1928.13,14799.6,-46.9029);(-6.72133,97.7408,14923.3);(0.996641,-0.0749507,0.0332449);(0.000257,0.452661,0.076738)","(0.814986,0.433937,-1.98421)",MCZ_LEFT,CAHVOR
15,"(0.971582,0.00963722,0.00390579,0.236476)",NLE_0015_0668277843_723ECM_N0030376NCAM03000_06_0LLJ,"NASA's Mars Perseverance rover acquired this image using its onboard Left Navigation Camera (Navcam). The camera is located high on the rover's mast and aids in driving. 

This image was acquired on Mar. 7, 2021 (Sol 15) at the local mean solar time of 14:04:28.",Full,Sol-00015M14:04:28.075,NASA/JPL-Caltech,2021-03-07T09:11:37.000,https://mars.nasa.gov/rss/api/?feed=raw_images&category=mars2020&feedtype=json&id=NLE_0015_0668277843_723ECM_N0030376NCAM03000_06_0LLJ,https://mars.nasa.gov/mars2020/multimedia/raw-images/?id=NLE_0015_0668277843_723ECM_N0030376NCAM03000_06_0LLJ,376,Mars Perseverance Sol 15: Left Navigation Camera (Navcam),3,2021-03-07T09:18:43Z,44.9887,-29.3933,668277845.289,1,"(31.2262,8.12755,0.398731)","(1273,953,1296,976)","(1296,976)",https://mars.nasa.gov/mars2020-raw-images/pub/ods/surface/sol/00015/ids/edr/browse/ncam/NLE_0015_0668277843_723ECM_N0030376NCAM03000_06_0LLJ01_800.jpg,https://mars.nasa.gov/mars2020-raw-images/pub/ods/surface/sol/00015/ids/edr/browse/ncam/NLE_0015_0668277843_723ECM_N0030376NCAM03000_06_0LLJ01_320.jpg,https://mars.nasa.gov/mars2020-raw-images/pub/ods/surface/sol/00015/ids/edr/browse/ncam/NLE_0015_0668277843_723ECM_N0030376NCAM03000_06_0LLJ01.png,https://mars.nasa.gov/mars2020-raw-images/pub/ods/surface/sol/00015/ids/edr/browse/ncam/NLE_0015_0668277843_723ECM_N0030376NCAM03000_06_0LLJ01_1200.jpg,UNK,"(0.7960340129539711,0.5022845151345957,0.3376982618794492)","(1.05651,0.51007,-1.90526);(0.604759,0.621813,0.497625);(-1315.42,2890.96,646.346);(-436.925,-429.565,3058.71);(0.603698,0.622765,0.497723);(2e-06,0.049535,-0.015973);(-0.003612,0.013016,-0.023961);2.0;0.0","(1.05651,0.51007,-1.90526)",NAVCAM_LEFT,CAHVORE
15,"(0.971582,0.00963722,0.00390579,0.236476)",NLE_0015_0668277843_723ECM_N0030376NCAM03000_08_0LLJ,"NASA's Mars Perseverance rover acquired this image using its onboard Left Navigation Camera (Navcam). The camera is located high on the rover's mast and aids in driving. 

This image was acquired on Mar. 7, 2021 (Sol 15) at the local mean solar time of 14:04:28.",Full,Sol-00015M14:04:28.075,NASA/JPL-Caltech,2021-03-07T09:11:37.000,https://mars.nasa.gov/rss/api/?feed=raw_images&category=mars2020&feedtype=json&id=NLE_0015_0668277843_723ECM_N0030376NCAM03000_08_0LLJ,https://mars.nasa.gov/mars2020/multimedia/raw-images/?id=NLE_0015_0668277843_723ECM_N0030376NCAM03000_08_0LLJ,376,Mars Perseverance Sol 15: Left Navigation Camera (Navcam),3,2021-03-07T09:18:43Z,44.9887,-29.3933,668277845.289,1,"(31.2262,8.12755,0.398731)","(3833,953,1288,976)","(1288,976)",https://mars.nasa.gov/mars2020-raw-images/pub/ods/surface/sol/00015/ids/edr/browse/ncam/NLE_0015_0668277843_723ECM_N0030376NCAM03000_08_0LLJ01_800.jpg,https://mars.nasa.gov/mars2020-raw-images/pub/ods/surface/sol/00015/ids/edr/browse/ncam/NLE_0015_0668277843_723ECM_N0030376NCAM03000_08_0LLJ01_320.jpg,https://mars.nasa.gov/mars2020-raw-images/pub/ods/surface/sol/00015/ids/edr/browse/ncam/NLE_0015_0668277843_723ECM_N0030376NCAM03000_08_0LLJ01.png,https://mars.nasa.gov/mars2020-raw-images/pub/ods/surface/sol/00015/ids/edr/browse/ncam/NLE_0015_0668277843_723ECM_N0030376NCAM03000_08_0LLJ01_1200.jpg,UNK,"(0.175232908210561,0.9407126221830998,0.29043620701535444)","(1.05651,0.51007,-1.90526);(0.604759,0.621813,0.497625);(-2863.61,1299.12,-627.575);(-436.925,-429.565,3058.71);(0.603698,0.622765,0.497723);(2e-06,0.049535,-0.015973);(-0.003612,0.013016,-0.023961);2.0;0.0","(1.05651,0.51007,-1.90526)",NAVCAM_LEFT,CAHVORE
15,"(0.971582,0.00963722,0.00390579,0.236476)",NLE_0015_0668277843_723ECM_N0030376NCAM03000_15_0LLJ,"NASA's Mars Perseverance rover acquired this image using its onboard Left Navigation Camera (Navcam). The camera is located high on the rover's mast and aids in driving. 

This image was acquired on Mar. 7, 2021 (Sol 15) at the local mean solar time of 14:04:28.",Full,Sol-00015M14:04:28.075,NASA/JPL-Caltech,2021-03-07T09:11:37.000,https://mars.nasa.gov/rss/api/?feed=raw_images&category=mars2020&feedtype=json&id=NLE_0015_0668277843_723ECM_N0030376NCAM03000_15_0LLJ,https://mars.nasa.gov/mars2020/multimedia/raw-images/?id=NLE_0015_0668277843_723ECM_N0030376NCAM03000_15_0LLJ,376,Mars Perseverance Sol 15: Left Navigation Camera (Navcam),3,2021-03-07T09:18:43Z,44.9887,-29.3933,668277845.289,1,"(31.2262,8.12755,0.398731)","(2553,2873,1296,968)","(1296,968)",https://mars.nasa.gov/mars2020-raw-images/pub/ods/surface/sol/00015/ids/edr/browse/ncam/NLE_0015_0668277843_723ECM_N0030376NCAM03000_15_0LLJ01_800.jpg,https://mars.nasa.gov/mars2020-raw-images/pub/ods/surface/sol/00015/ids/edr/browse/ncam/NLE_0015_0668277843_723ECM_N0030376NCAM03000_15_0LLJ01_320.jpg,https://mars.nasa.gov/mars2020-raw-images/pub/ods/surface/sol/00015/ids/edr/browse/ncam/NLE_0015_0668277843_723ECM_N0030376NCAM03000_15_0LLJ01.png,https://mars.nasa.gov/mars2020-raw-images/pub/ods/surface/sol/00015/ids/edr/browse/ncam/NLE_0015_0668277843_723ECM_N0030376NCAM03000_15_0LLJ01_1200.jpg,UNK,"(0.258443952857105,0.5286007004668097,0.8085715940456928)","(1.05651,0.51007,-1.90526);(0.604759,0.621813,0.497625);(-2089.52,2095.04,9.38524);(-1598.06,-1623.45,2103.27);(0.603698,0.622765,0.497723);(2e-06,0.049535,-0.015973);(-0.003612,0.013016,-0.023961);2.0;0.0","(1.05651,0.51007,-1.90526)",NAVCAM_LEFT,CAHVORE
15,"(0.971582,0.00963722,0.00390579,0.236476)",NLE_0015_0668277843_723ECM_N0030376NCAM03000_03_0LLJ,"NASA's Mars Perseverance rover acquired this image using its onboard Left Navigation Camera (Navcam). The camera is located high on the rover's mast and aids in driving. 

This image was acquired on Mar. 7, 2021 (Sol 15) at the local mean solar time of 14:04:28.",Full,Sol-00015M14:04:28.075,NASA/JPL-Caltech,2021-03-07T09:11:36.000,https://mars.nasa.gov/rss/api/?feed=raw_images&category=mars2020&feedtype=json&id=NLE_0015_0668277843_723ECM_N0030376NCAM03000_03_0LLJ,https://mars.nasa.gov/mars2020/multimedia/raw-images/?id=NLE_0015_0668277843_723ECM_N0030376NCAM03000_03_0LLJ,376,Mars Perseverance Sol 15: Left Navigation Camera (Navcam),3,2021-03-07T09:18:43Z,44.9887,-29.3933,668277845.289,1,"(31.2262,8.12755,0.398731)","(2553,1,1296,968)","(1296,968)",https://mars.nasa.gov/mars2020-raw-images/pub/ods/surface/sol/00015/ids/edr/browse/ncam/NLE_0015_0668277843_723ECM_N0030376NCAM03000_03_0LLJ01_800.jpg,https://mars.nasa.gov/mars2020-raw-images/pub/ods/surface/sol/00015/ids/edr/browse/ncam/NLE_0015_0668277843_723ECM_N0030376NCAM03000_03_0LLJ01_320.jpg,https://mars.nasa.gov/mars2020-raw-images/pub/ods/surface/sol/00015/ids/edr/browse/ncam/NLE_0015_0668277843_723ECM_N0030376NCAM03000_03_0LLJ01.png,https://mars.nasa.gov/mars2020-raw-images/pub/ods/surface/sol/00015/ids/edr/browse/ncam/NLE_0015_0668277843_723ECM_N0030376NCAM03000_03_0LLJ01_1200.jpg,UNK,"(0.5570880426401378,0.8282167064524024,0.06090976851470546)","(1.05651,0.51007,-1.90526);(0.604759,0.621813,0.497625);(-2089.52,2095.04,9.38524);(138.805,162.4,3532.45);(0.603698,0.622765,0.497723);(2e-06,0.049535,-0.015973);(-0.003612,0.013016,-0.023961);2.0;0.0","(1.05651,0.51007,-1.90526)",NAVCAM_LEFT,CAHVORE
15,"(0.971582,0.00963722,0.00390579,0.236476)",NRE_0015_0668277843_723ECM_N0030376NCAM03000_12_0LLJ,"NASA's Mars Perseverance rover acquired this image using its onboard Right Navigation Camera (Navcam). The camera is located high on the rover's mast and aids in driving. 

This image was acquired on Mar. 7, 2021 (Sol 15) at the local mean solar time of 14:04:28.",Full,Sol-00015M14:04:28.075,NASA/JPL-Caltech,2021-03-07T09:11:35.000,https://mars.nasa.gov/rss/api/?feed=raw_images&category=mars2020&feedtype=json&id=NRE_0015_0668277843_723ECM_N0030376NCAM03000_12_0LLJ,https://mars.nasa.gov/mars2020/multimedia/raw-images/?id=NRE_0015_0668277843_723ECM_N0030376NCAM03000_12_0LLJ,376,Mars Perseverance Sol 15: Right Navigation Camera (Navcam),3,2021-03-07T09:18:43Z,45.371,-29.1906,668277845.392,1,"(31.2262,8.12755,0.398731)","(3833,1913,1288,976)","(1288,976)",https://mars.nasa.gov/mars2020-raw-images/pub/ods/surface/sol/00015/ids/edr/browse/ncam/NRE_0015_0668277843_723ECM_N0030376NCAM03000_12_0LLJ01_800.jpg,https://mars.nasa.gov/mars2020-raw-images/pub/ods/surface/sol/00015/ids/edr/browse/ncam/NRE_0015_0668277843_723ECM_N0030376NCAM03000_12_0LLJ01_320.jpg,https://mars.nasa.gov/mars2020-raw-images/pub/ods/surface/sol/00015/ids/edr/browse/ncam/NRE_0015_0668277843_723ECM_N0030376NCAM03000_12_0LLJ01.png,https://mars.nasa.gov/mars2020-raw-images/pub/ods/surface/sol/00015/ids/edr/browse/ncam/NRE_0015_0668277843_723ECM_N0030376NCAM03000_12_0LLJ01_1200.jpg,UNK,"(0.07675123602439929,0.8486576581245703,0.5233444631170248)","(0.75233,0.806,-1.90665);(0.605493,0.622193,0.496256);(-2871.57,1281.62,-630.61);(-1005.89,-1020.45,2580.16);(0.606067,0.62217,0.495584);(0.0,0.05117,-0.018889);(0.001504,0.020873,-0.009439);2.0;0.0","(0.75233,0.806,-1.90665)",NAVCAM_RIGHT,CAHVORE
15,"(0.971582,0.00963722,0.00390579,0.236476)",NLE_0015_0668277843_723ECM_N0030376NCAM03000_11_0LLJ,"NASA's Mars Perseverance rover acquired this image using its onboard Left Navigation Camera (Navcam). The camera is located high on the rover's mast and aids in driving. 

This image was acquired on Mar. 7, 2021 (Sol 15) at the local mean solar time of 14:04:28.",Full,Sol-00015M14:04:28.075,NASA/JPL-Caltech,2021-03-07T09:11:33.000,https://mars.nasa.gov/rss/api/?feed=raw_images&category=mars2020&feedtype=json&id=NLE_0015_0668277843_723ECM_N0030376NCAM03000_11_0LLJ,https://mars.nasa.gov/mars2020/multimedia/raw-images/?id=NLE_0015_0668277843_723ECM_N0030376NCAM03000_11_0LLJ,376,Mars Perseverance Sol 15: Left Navigation Camera (Navcam),3,2021-03-07T09:18:43Z,44.9887,-29.3933,668277845.289,1,"(31.2262,8.12755,0.398731)","(2553,1913,1296,976)","(1296,976)",https://mars.nasa.gov/mars2020-raw-images/pub/ods/surface/sol/00015/ids/edr/browse/ncam/NLE_0015_0668277843_723ECM_N0030376NCAM03000_11_0LLJ01_800.jpg,https://mars.nasa.gov/mars2020-raw-images/pub/ods/surface/sol/00015/ids/edr/browse/ncam/NLE_0015_0668277843_723ECM_N0030376NCAM03000_11_0LLJ01_320.jpg,https://mars.nasa.gov/mars2020-raw-images/pub/ods/surface/sol/00015/ids/edr/browse/ncam/NLE_0015_0668277843_723ECM_N0030376NCAM03000_11_0LLJ01.png,https://mars.nasa.gov/mars2020-raw-images/pub/ods/surface/sol/00015/ids/edr/browse/ncam/NLE_0015_0668277843_723ECM_N0030376NCAM03000_11_0LLJ01_1200.jpg,UNK,"(0.391850248068879,0.6877091860842945,0.6111542018702277)","(1.05651,0.51007,-1.90526);(0.604759,0.621813,0.497625);(-2089.52,2095.04,9.38524);(-1017.49,-1026.51,2580.99);(0.603698,0.622765,0.497723);(2e-06,0.049535,-0.015973);(-0.003612,0.013016,-0.023961);2.0;0.0","(1.05651,0.51007,-1.90526)",NAVCAM_LEFT,CAHVORE
15,"(0.971582,0.00963722,0.00390579,0.236476)",ZLF_0015_0668278958_299FDR_N0030376ZCAM07000_110085J,"NASA's Mars Perseverance rover acquired this image using its Left Mastcam-Z camera. Mastcam-Z is a pair of cameras located high on the rover's mast.  

This image was acquired on Mar. 7, 2021 (Sol 15) at the local mean solar time of 14:23:16.",Full,Sol-00015M14:23:16.345,NASA/JPL-Caltech/ASU,2021-03-07T09:11:30.000,https://mars.nasa.gov/rss/api/?feed=raw_images&category=mars2020&feedtype=json&id=ZLF_0015_0668278958_299FDR_N0030376ZCAM07000_110085J,https://mars.nasa.gov/mars2020/multimedia/raw-images/?id=ZLF_0015_0668278958_299FDR_N0030376ZCAM07000_110085J,376,Mars Perseverance Sol 15: Left Mastcam-Z Camera,3,2021-03-07T12:10:23Z,345.912,-6.21657,668279003.075,1,"(31.2262,8.12755,0.398731)","(33,1,1600,1200)","(1600,1200)",https://mars.nasa.gov/mars2020-raw-images/pub/ods/surface/sol/00015/ids/fdr/browse/zcam/ZLF_0015_0668278958_299FDR_N0030376ZCAM07000_110085J01_800.jpg,https://mars.nasa.gov/mars2020-raw-images/pub/ods/surface/sol/00015/ids/fdr/browse/zcam/ZLF_0015_0668278958_299FDR_N0030376ZCAM07000_110085J01_320.jpg,https://mars.nasa.gov/mars2020-raw-images/pub/ods/surface/sol/00015/ids/fdr/browse/zcam/ZLF_0015_0668278958_299FDR_N0030376ZCAM07000_110085J01.png,https://mars.nasa.gov/mars2020-raw-images/pub/ods/surface/sol/00015/ids/fdr/browse/zcam/ZLF_0015_0668278958_299FDR_N0030376ZCAM07000_110085J01_1200.jpg,ZCAM_L0_RGB,"(0.9643527799950048,-0.2414461975237715,0.10829334890572918)","(0.798383,0.432778,-1.98258);(0.962429,-0.24467,0.117829);(4398.45,14250.0,-10.0146);(-958.544,358.95,14876.4);(0.965444,-0.24078,0.0997899);(0.000298111,0.458522,0.0574847)","(0.798383,0.432778,-1.98258)",MCZ_LEFT,CAHVOR
15,"(0.971582,0.00963722,0.00390579,0.236476)",NRE_0015_0668277843_723ECM_N0030376NCAM03000_04_0LLJ,"NASA's Mars Perseverance rover acquired this image using its onboard Right Navigation Camera (Navcam). The camera is located high on the rover's mast and aids in driving. 

This image was acquired on Mar. 7, 2021 (Sol 15) at the local mean solar time of 14:04:28.",Full,Sol-00015M14:04:28.075,NASA/JPL-Caltech,2021-03-07T09:11:29.000,https://mars.nasa.gov/rss/api/?feed=raw_images&category=mars2020&feedtype=json&id=NRE_0015_0668277843_723ECM_N0030376NCAM03000_04_0LLJ,https://mars.nasa.gov/mars2020/multimedia/raw-images/?id=NRE_0015_0668277843_723ECM_N0030376NCAM03000_04_0LLJ,376,Mars Perseverance Sol 15: Right Navigation Camera (Navcam),3,2021-03-07T09:18:43Z,45.371,-29.1906,668277845.392,1,"(31.2262,8.12755,0.398731)","(3833,1,1288,968)","(1288,968)",https://mars.nasa.gov/mars2020-raw-images/pub/ods/surface/sol/00015/ids/edr/browse/ncam/NRE_0015_0668277843_723ECM_N0030376NCAM03000_04_0LLJ01_800.jpg,https://mars.nasa.gov/mars2020-raw-images/pub/ods/surface/sol/00015/ids/edr/browse/ncam/NRE_0015_0668277843_723ECM_N0030376NCAM03000_04_0LLJ01_320.jpg,https://mars.nasa.gov/mars2020-raw-images/pub/ods/surface/sol/00015/ids/edr/browse/ncam/NRE_0015_0668277843_723ECM_N0030376NCAM03000_04_0LLJ01.png,https://mars.nasa.gov/mars2020-raw-images/pub/ods/surface/sol/00015/ids/edr/browse/ncam/NRE_0015_0668277843_723ECM_N0030376NCAM03000_04_0LLJ01_1200.jpg,UNK,"(0.24698644714112675,0.967756990561299,0.04943786148632539)","(0.75233,0.806,-1.90665);(0.605493,0.622193,0.496256);(-2871.57,1281.62,-630.61);(151.815,169.18,3529.0);(0.606067,0.62217,0.495584);(0.0,0.05117,-0.018889);(0.001504,0.020873,-0.009439);2.0;0.0","(0.75233,0.806,-1.90665)",NAVCAM_RIGHT,CAHVORE
15,"(0.971582,0.00963722,0.00390579,0.236476)",NRE_0015_0668277843_723ECM_N0030376NCAM03000_02_0LLJ,"NASA's Mars Perseverance rover acquired this image using its onboard Right Navigation Camera (Navcam). The camera is located high on the rover's mast and aids in driving. 

This image was acquired on Mar. 7, 2021 (Sol 15) at the local mean solar time of 14:04:28.",Full,Sol-00015M14:04:28.075,NASA/JPL-Caltech,2021-03-07T09:11:29.000,https://mars.nasa.gov/rss/api/?feed=raw_images&category=mars2020&feedtype=json&id=NRE_0015_0668277843_723ECM_N0030376NCAM03000_02_0LLJ,https://mars.nasa.gov/mars2020/multimedia/raw-images/?id=NRE_0015_0668277843_723ECM_N0030376NCAM03000_02_0LLJ,376,Mars Perseverance Sol 15: Right Navigation Camera (Navcam),3,2021-03-07T06:13:56Z,45.371,-29.1906,668277845.392,1,"(31.2262,8.12755,0.398731)","(1273,1,1296,968)","(1296,968)",https://mars.nasa.gov/mars2020-raw-images/pub/ods/surface/sol/00015/ids/edr/browse/ncam/NRE_0015_0668277843_723ECM_N0030376NCAM03000_02_0LLJ02_800.jpg,https://mars.nasa.gov/mars2020-raw-images/pub/ods/surface/sol/00015/ids/edr/browse/ncam/NRE_0015_0668277843_723ECM_N0030376NCAM03000_02_0LLJ02_320.jpg,https://mars.nasa.gov/mars2020-raw-images/pub/ods/surface/sol/00015/ids/edr/browse/ncam/NRE_0015_0668277843_723ECM_N0030376NCAM03000_02_0LLJ02.png,https://mars.nasa.gov/mars2020-raw-images/pub/ods/surface/sol/00015/ids/edr/browse/ncam/NRE_0015_0668277843_723ECM_N0030376NCAM03000_02_0LLJ02_1200.jpg,UNK,"(0.8238242129051062,0.5638696983357606,0.058005426729060304)","(0.75233,0.806,-1.90665);(0.605493,0.622193,0.496256);(-1321.51,2874.44,639.805);(151.815,169.18,3529.0);(0.606067,0.62217,0.495584);(0.0,0.05117,-0.018889);(0.001504,0.020873,-0.009439);2.0;0.0","(0.75233,0.806,-1.90665)",NAVCAM_RIGHT,CAHVORE
15,"(0.971582,0.00963722,0.00390579,0.236476)",ZLF_0015_0668278712_320FDR_N0030376ZCAM07000_110085J,"NASA's Mars Perseverance rover acquired this image using its Left Mastcam-Z camera. Mastcam-Z is a pair of cameras located high on the rover's mast.  

This image was acquired on Mar. 7, 2021 (Sol 15) at the local mean solar time of 14:19:16.",Full,Sol-00015M14:19:16.925,NASA/JPL-Caltech/ASU,2021-03-07T09:11:28.000,https://mars.nasa.gov/rss/api/?feed=raw_images&category=mars2020&feedtype=json&id=ZLF_0015_0668278712_320FDR_N0030376ZCAM07000_110085J,https://mars.nasa.gov/mars2020/multimedia/raw-images/?id=ZLF_0015_0668278712_320FDR_N0030376ZCAM07000_110085J,376,Mars Perseverance Sol 15: Left Mastcam-Z Camera,3,2021-03-07T12:10:23Z,345.838,-2.55057,668278757.060,1,"(31.2262,8.12755,0.398731)","(33,1,1600,1200)","(1600,1200)",https://mars.nasa.gov/mars2020-raw-images/pub/ods/surface/sol/00015/ids/fdr/browse/zcam/ZLF_0015_0668278712_320FDR_N0030376ZCAM07000_110085J01_800.jpg,https://mars.nasa.gov/mars2020-raw-images/pub/ods/surface/sol/00015/ids/fdr/browse/zcam/ZLF_0015_0668278712_320FDR_N0030376ZCAM07000_110085J01_320.jpg,https://mars.nasa.gov/mars2020-raw-images/pub/ods/surface/sol/00015/ids/fdr/browse/zcam/ZLF_0015_0668278712_320FDR_N0030376ZCAM07000_110085J01.png,https://mars.nasa.gov/mars2020-raw-images/pub/ods/surface/sol/00015/ids/fdr/browse/zcam/ZLF_0015_0668278712_320FDR_N0030376ZCAM07000_110085J01_1200.jpg,ZCAM_L0_RGB,"(0.968779694206589,-0.24389665230416527,0.04450086614672992)","(0.793659,0.434029,-1.98416);(0.967209,-0.248264,0.0537277);(4417.04,14257.2,-42.5162);(-39.0673,107.95,14924.4);(0.969259,-0.243328,0.0366633);(0.000252889,0.452075,0.0786633)","(0.793659,0.434029,-1.98416)",MCZ_LEFT,CAHVOR
15,"(0.971582,0.00963722,0.00390579,0.236476)",NLE_0015_0668277843_723ECM_N0030376NCAM03000_12_0LLJ,"NASA's Mars Perseverance rover acquired this image using its onboard Left Navigation Camera (Navcam). The camera is located high on the rover's mast and aids in driving. 

This image was acquired on Mar. 7, 2021 (Sol 15) at the local mean solar time of 14:04:28.",Full,Sol-00015M14:04:28.075,NASA/JPL-Caltech,2021-03-07T09:11:28.000,https://mars.nasa.gov/rss/api/?feed=raw_images&category=mars2020&feedtype=json&id=NLE_0015_0668277843_723ECM_N0030376NCAM03000_12_0LLJ,https://mars.nasa.gov/mars2020/multimedia/raw-images/?id=NLE_0015_0668277843_723ECM_N0030376NCAM03000_12_0LLJ,376,Mars Perseverance Sol 15: Left Navigation Camera (Navcam),3,2021-03-07T09:18:43Z,44.9887,-29.3933,668277845.289,1,"(31.2262,8.12755,0.398731)","(3833,1913,1288,976)","(1288,976)",https://mars.nasa.gov/mars2020-raw-images/pub/ods/surface/sol/00015/ids/edr/browse/ncam/NLE_0015_0668277843_723ECM_N0030376NCAM03000_12_0LLJ01_800.jpg,https://mars.nasa.gov/mars2020-raw-images/pub/ods/surface/sol/00015/ids/edr/browse/ncam/NLE_0015_0668277843_723ECM_N0030376NCAM03000_12_0LLJ01_320.jpg,https://mars.nasa.gov/mars2020-raw-images/pub/ods/surface/sol/00015/ids/edr/browse/ncam/NLE_0015_0668277843_723ECM_N0030376NCAM03000_12_0LLJ01.png,https://mars.nasa.gov/mars2020-raw-images/pub/ods/surface/sol/00015/ids/edr/browse/ncam/NLE_0015_0668277843_723ECM_N0030376NCAM03000_12_0LLJ01_1200.jpg,UNK,"(0.0803620412130298,0.8463526911306561,0.5265254642920619)","(1.05651,0.51007,-1.90526);(0.604759,0.621813,0.497625);(-2863.61,1299.12,-627.575);(-1017.49,-1026.51,2580.99);(0.603698,0.622765,0.497723);(2e-06,0.049535,-0.015973);(-0.003612,0.013016,-0.023961);2.0;0.0","(1.05651,0.51007,-1.90526)",NAVCAM_LEFT,CAHVORE
15,"(0.971582,0.00963722,0.00390579,0.236476)",NRE_0015_0668277843_723ECM_N0030376NCAM03000_05_0LLJ,"NASA's Mars Perseverance rover acquired this image using its onboard Right Navigation Camera (Navcam). The camera is located high on the rover's mast and aids in driving. 

This image was acquired on Mar. 7, 2021 (Sol 15) at the local mean solar time of 14:04:28.",Full,Sol-00015M14:04:28.075,NASA/JPL-Caltech,2021-03-07T09:11:28.000,https://mars.nasa.gov/rss/api/?feed=raw_images&category=mars2020&feedtype=json&id=NRE_0015_0668277843_723ECM_N0030376NCAM03000_05_0LLJ,https://mars.nasa.gov/mars2020/multimedia/raw-images/?id=NRE_0015_0668277843_723ECM_N0030376NCAM03000_05_0LLJ,376,Mars Perseverance Sol 15: Right Navigation Camera (Navcam),3,2021-03-07T09:18:43Z,45.371,-29.1906,668277845.392,1,"(31.2262,8.12755,0.398731)","(1,953,1288,976)","(1288,976)",https://mars.nasa.gov/mars2020-raw-images/pub/ods/surface/sol/00015/ids/edr/browse/ncam/NRE_0015_0668277843_723ECM_N0030376NCAM03000_05_0LLJ01_800.jpg,https://mars.nasa.gov/mars2020-raw-images/pub/ods/surface/sol/00015/ids/edr/browse/ncam/NRE_0015_0668277843_723ECM_N0030376NCAM03000_05_0LLJ01_320.jpg,https://mars.nasa.gov/mars2020-raw-images/pub/ods/surface/sol/00015/ids/edr/browse/ncam/NRE_0015_0668277843_723ECM_N0030376NCAM03000_05_0LLJ01.png,https://mars.nasa.gov/mars2020-raw-images/pub/ods/surface/sol/00015/ids/edr/browse/ncam/NRE_0015_0668277843_723ECM_N0030376NCAM03000_05_0LLJ01_1200.jpg,UNK,"(0.9391141642413324,0.18665818781749594,0.28848450121625646)","(0.75233,0.806,-1.90665);(0.605493,0.622193,0.496256);(-551.323,3665.87,1271.04);(-424.614,-423.147,3056.57);(0.606067,0.62217,0.495584);(0.0,0.05117,-0.018889);(0.001504,0.020873,-0.009439);2.0;0.0","(0.75233,0.806,-1.90665)",NAVCAM_RIGHT,CAHVORE
15,"(0.971582,0.00963722,0.00390579,0.236476)",NRE_0015_0668277843_723ECM_N0030376NCAM03000_08_0LLJ,"NASA's Mars Perseverance rover acquired this image using its onboard Right Navigation Camera (Navcam). The camera is located high on the rover's mast and aids in driving. 

This image was acquired on Mar. 7, 2021 (Sol 15) at the local mean solar time of 14:04:28.",Full,Sol-00015M14:04:28.075,NASA/JPL-Caltech,2021-03-07T09:11:27.000,https://mars.nasa.gov/rss/api/?feed=raw_images&category=mars2020&feedtype=json&id=NRE_0015_0668277843_723ECM_N0030376NCAM03000_08_0LLJ,https://mars.nasa.gov/mars2020/multimedia/raw-images/?id=NRE_0015_0668277843_723ECM_N0030376NCAM03000_08_0LLJ,376,Mars Perseverance Sol 15: Right Navigation Camera (Navcam),3,2021-03-07T09:18:43Z,45.371,-29.1906,668277845.392,1,"(31.2262,8.12755,0.398731)","(3833,953,1288,976)","(1288,976)",https://mars.nasa.gov/mars2020-raw-images/pub/ods/surface/sol/00015/ids/edr/browse/ncam/NRE_0015_0668277843_723ECM_N0030376NCAM03000_08_0LLJ01_800.jpg,https://mars.nasa.gov/mars2020-raw-images/pub/ods/surface/sol/00015/ids/edr/browse/ncam/NRE_0015_0668277843_723ECM_N0030376NCAM03000_08_0LLJ01_320.jpg,https://mars.nasa.gov/mars2020-raw-images/pub/ods/surface/sol/00015/ids/edr/browse/ncam/NRE_0015_0668277843_723ECM_N0030376NCAM03000_08_0LLJ01.png,https://mars.nasa.gov/mars2020-raw-images/pub/ods/surface/sol/00015/ids/edr/browse/ncam/NRE_0015_0668277843_723ECM_N0030376NCAM03000_08_0LLJ01_1200.jpg,UNK,"(0.1709230226030707,0.942520396046471,0.28712475229529366)","(0.75233,0.806,-1.90665);(0.605493,0.622193,0.496256);(-2871.57,1281.62,-630.61);(-424.614,-423.147,3056.57);(0.606067,0.62217,0.495584);(0.0,0.05117,-0.018889);(0.001504,0.020873,-0.009439);2.0;0.0","(0.75233,0.806,-1.90665)",NAVCAM_RIGHT,CAHVORE
15,"(0.971582,0.00963722,0.00390579,0.236476)",NRE_0015_0668277523_911ECM_N0030376NCAM03000_16_0LLJ,"NASA's Mars Perseverance rover acquired this image using its onboard Right Navigation Camera (Navcam). The camera is located high on the rover's mast and aids in driving. 

This image was acquired on Mar. 6, 2021 (Sol 15) at the local mean solar time of 13:59:16.",Full,Sol-00015M13:59:16.817,NASA/JPL-Caltech,2021-03-06T22:39:56.000,https://mars.nasa.gov/rss/api/?feed=raw_images&category=mars2020&feedtype=json&id=NRE_0015_0668277523_911ECM_N0030376NCAM03000_16_0LLJ,https://mars.nasa.gov/mars2020/multimedia/raw-images/?id=NRE_0015_0668277523_911ECM_N0030376NCAM03000_16_0LLJ,376,Mars Perseverance Sol 15: Right Navigation Camera (Navcam),3,2021-03-07T06:13:56Z,333.216,-30.8012,668277525.549,1,"(31.2262,8.12755,0.398731)","(3833,2873,1288,968)","(1288,968)",https://mars.nasa.gov/mars2020-raw-images/pub/ods/surface/sol/00015/ids/edr/browse/ncam/NRE_0015_0668277523_911ECM_N0030376NCAM03000_16_0LLJ01_800.jpg,https://mars.nasa.gov/mars2020-raw-images/pub/ods/surface/sol/00015/ids/edr/browse/ncam/NRE_0015_0668277523_911ECM_N0030376NCAM03000_16_0LLJ01_320.jpg,https://mars.nasa.gov/mars2020-raw-images/pub/ods/surface/sol/00015/ids/edr/browse/ncam/NRE_0015_0668277523_911ECM_N0030376NCAM03000_16_0LLJ01.png,https://mars.nasa.gov/mars2020-raw-images/pub/ods/surface/sol/00015/ids/edr/browse/ncam/NRE_0015_0668277523_911ECM_N0030376NCAM03000_16_0LLJ01_1200.jpg,UNK,"(0.6471387894383109,0.24011186422706876,0.7235728573279396)","(1.02304,0.685471,-1.90242);(0.765041,-0.37927,0.520464);(353.662,3119.28,-656.643);(-2080.77,1036.32,2039.23);(0.765212,-0.379831,0.519803);(0.0,0.05117,-0.018889);(0.001504,0.020873,-0.009439);2.0;0.0","(1.02304,0.685471,-1.90242)",NAVCAM_RIGHT,CAHVORE
15,"(0.971582,0.00963722,0.00390579,0.236476)",NLE_0015_0668277843_723ECM_N0030376NCAM03000_02_0LLJ,"NASA's Mars Perseverance rover acquired this image using its onboard Left Navigation Camera (Navcam). The camera is located high on the rover's mast and aids in driving. 

This image was acquired on Mar. 6, 2021 (Sol 15) at the local mean solar time of 14:04:28.",Full,Sol-00015M14:04:28.075,NASA/JPL-Caltech,2021-03-06T22:39:49.000,https://mars.nasa.gov/rss/api/?feed=raw_images&category=mars2020&feedtype=json&id=NLE_0015_0668277843_723ECM_N0030376NCAM03000_02_0LLJ,https://mars.nasa.gov/mars2020/multimedia/raw-images/?id=NLE_0015_0668277843_723ECM_N0030376NCAM03000_02_0LLJ,376,Mars Perseverance Sol 15: Left Navigation Camera (Navcam),3,2021-03-07T06:13:56Z,44.9887,-29.3933,668277845.289,1,"(31.2262,8.12755,0.398731)","(1273,1,1296,968)","(1296,968)",https://mars.nasa.gov/mars2020-raw-images/pub/ods/surface/sol/00015/ids/edr/browse/ncam/NLE_0015_0668277843_723ECM_N0030376NCAM03000_02_0LLJ01_800.jpg,https://mars.nasa.gov/mars2020-raw-images/pub/ods/surface/sol/00015/ids/edr/browse/ncam/NLE_0015_0668277843_723ECM_N0030376NCAM03000_02_0LLJ01_320.jpg,https://mars.nasa.gov/mars2020-raw-images/pub/ods/surface/sol/00015/ids/edr/browse/ncam/NLE_0015_0668277843_723ECM_N0030376NCAM03000_02_0LLJ01.png,https://mars.nasa.gov/mars2020-raw-images/pub/ods/surface/sol/00015/ids/edr/browse/ncam/NLE_0015_0668277843_723ECM_N0030376NCAM03000_02_0LLJ01_1200.jpg,UNK,"(0.8267012366169639,0.5591934589142349,0.06219116403088506)","(1.05651,0.51007,-1.90526);(0.604759,0.621813,0.497625);(-1315.42,2890.96,646.346);(138.805,162.4,3532.45);(0.603698,0.622765,0.497723);(2e-06,0.049535,-0.015973);(-0.003612,0.013016,-0.023961);2.0;0.0","(1.05651,0.51007,-1.90526)",NAVCAM_LEFT,CAHVORE
15,"(0.971582,0.00963722,0.00390579,0.236476)",NLE_0015_0668277523_911ECM_N0030376NCAM03000_10_0LLJ,"NASA's Mars Perseverance rover acquired this image using its onboard Left Navigation Camera (Navcam). The camera is located high on the rover's mast and aids in driving. 

This image was acquired on Mar. 6, 2021 (Sol 15) at the local mean solar time of 13:59:16.",Full,Sol-00015M13:59:16.817,NASA/JPL-Caltech,2021-03-06T22:39:45.000,https://mars.nasa.gov/rss/api/?feed=raw_images&category=mars2020&feedtype=json&id=NLE_0015_0668277523_911ECM_N0030376NCAM03000_10_0LLJ,https://mars.nasa.gov/mars2020/multimedia/raw-images/?id=NLE_0015_0668277523_911ECM_N0030376NCAM03000_10_0LLJ,376,Mars Perseverance Sol 15: Left Navigation Camera (Navcam),3,2021-03-07T06:13:56Z,332.827,-31.0032,668277524.341,1,"(31.2262,8.12755,0.398731)","(1273,1913,1296,976)","(1296,976)",https://mars.nasa.gov/mars2020-raw-images/pub/ods/surface/sol/00015/ids/edr/browse/ncam/NLE_0015_0668277523_911ECM_N0030376NCAM03000_10_0LLJ01_800.jpg,https://mars.nasa.gov/mars2020-raw-images/pub/ods/surface/sol/00015/ids/edr/browse/ncam/NLE_0015_0668277523_911ECM_N0030376NCAM03000_10_0LLJ01_320.jpg,https://mars.nasa.gov/mars2020-raw-images/pub/ods/surface/sol/00015/ids/edr/browse/ncam/NLE_0015_0668277523_911ECM_N0030376NCAM03000_10_0LLJ01.png,https://mars.nasa.gov/mars2020-raw-images/pub/ods/surface/sol/00015/ids/edr/browse/ncam/NLE_0015_0668277523_911ECM_N0030376NCAM03000_10_0LLJ01_1200.jpg,UNK,"(0.56939035712587,-0.5272470095265349,0.630718013186083)","(0.834891,0.305072,-1.90163);(0.764418,-0.378673,0.521811);(2329.58,2147.71,682.745);(-1355.67,681.411,2539.36);(0.764995,-0.37737,0.521909);(2e-06,0.049535,-0.015973);(-0.003612,0.013016,-0.023961);2.0;0.0","(0.834891,0.305072,-1.90163)",NAVCAM_LEFT,CAHVORE
15,"(0.971582,0.00963722,0.00390579,0.236476)",NLE_0015_0668277843_723ECM_N0030376NCAM03000_01_0LLJ,"NASA's Mars Perseverance rover acquired this image using its onboard Left Navigation Camera (Navcam). The camera is located high on the rover's mast and aids in driving. 

This image was acquired on Mar. 6, 2021 (Sol 15) at the local mean solar time of 14:04:28.",Full,Sol-00015M14:04:28.075,NASA/JPL-Caltech,2021-03-06T22:39:45.000,https://mars.nasa.gov/rss/api/?feed=raw_images&category=mars2020&feedtype=json&id=NLE_0015_0668277843_723ECM_N0030376NCAM03000_01_0LLJ,https://mars.nasa.gov/mars2020/multimedia/raw-images/?id=NLE_0015_0668277843_723ECM_N0030376NCAM03000_01_0LLJ,376,Mars Perseverance Sol 15: Left Navigation Camera (Navcam),3,2021-03-07T06:13:56Z,44.9887,-29.3933,668277845.289,1,"(31.2262,8.12755,0.398731)","(1,1,1288,968)","(1288,968)",https://mars.nasa.gov/mars2020-raw-images/pub/ods/surface/sol/00015/ids/edr/browse/ncam/NLE_0015_0668277843_723ECM_N0030376NCAM03000_01_0LLJ01_800.jpg,https://mars.nasa.gov/mars2020-raw-images/pub/ods/surface/sol/00015/ids/edr/browse/ncam/NLE_0015_0668277843_723ECM_N0030376NCAM03000_01_0LLJ01_320.jpg,https://mars.nasa.gov/mars2020-raw-images/pub/ods/surface/sol/00015/ids/edr/browse/ncam/NLE_0015_0668277843_723ECM_N0030376NCAM03000_01_0LLJ01.png,https://mars.nasa.gov/mars2020-raw-images/pub/ods/surface/sol/00015/ids/edr/browse/ncam/NLE_0015_0668277843_723ECM_N0030376NCAM03000_01_0LLJ01_1200.jpg,UNK,"(0.9643587579035465,0.2586098298654275,0.055974475894852396)","(1.05651,0.51007,-1.90526);(0.604759,0.621813,0.497625);(-546.172,3681.91,1279.32);(138.805,162.4,3532.45);(0.603698,0.622765,0.497723);(2e-06,0.049535,-0.015973);(-0.003612,0.013016,-0.023961);2.0;0.0","(1.05651,0.51007,-1.90526)",NAVCAM_LEFT,CAHVORE
15,"(0.971582,0.00963722,0.00390579,0.236476)",NLE_0015_0668277523_911ECM_N0030376NCAM03000_07_0LLJ,"NASA's Mars Perseverance rover acquired this image using its onboard Left Navigation Camera (Navcam). The camera is located high on the rover's mast and aids in driving. 

This image was acquired on Mar. 6, 2021 (Sol 15) at the local mean solar time of 13:59:16.",Full,Sol-00015M13:59:16.817,NASA/JPL-Caltech,2021-03-06T22:39:43.000,https://mars.nasa.gov/rss/api/?feed=raw_images&category=mars2020&feedtype=json&id=NLE_0015_0668277523_911ECM_N0030376NCAM03000_07_0LLJ,https://mars.nasa.gov/mars2020/multimedia/raw-images/?id=NLE_0015_0668277523_911ECM_N0030376NCAM03000_07_0LLJ,376,Mars Perseverance Sol 15: Left Navigation Camera (Navcam),3,2021-03-07T06:13:56Z,332.827,-31.0032,668277524.341,1,"(31.2262,8.12755,0.398731)","(2553,953,1296,976)","(1296,976)",https://mars.nasa.gov/mars2020-raw-images/pub/ods/surface/sol/00015/ids/edr/browse/ncam/NLE_0015_0668277523_911ECM_N0030376NCAM03000_07_0LLJ01_800.jpg,https://mars.nasa.gov/mars2020-raw-images/pub/ods/surface/sol/00015/ids/edr/browse/ncam/NLE_0015_0668277523_911ECM_N0030376NCAM03000_07_0LLJ01_320.jpg,https://mars.nasa.gov/mars2020-raw-images/pub/ods/surface/sol/00015/ids/edr/browse/ncam/NLE_0015_0668277523_911ECM_N0030376NCAM03000_07_0LLJ01.png,https://mars.nasa.gov/mars2020-raw-images/pub/ods/surface/sol/00015/ids/edr/browse/ncam/NLE_0015_0668277523_911ECM_N0030376NCAM03000_07_0LLJ01_1200.jpg,UNK,"(0.9032523736747103,-0.22774780202336908,0.36368404986268804)","(0.834891,0.305072,-1.90163);(0.764418,-0.378673,0.521811);(1351.13,2632.41,14.8271);(-621.83,317.885,3040.3);(0.764995,-0.37737,0.521909);(2e-06,0.049535,-0.015973);(-0.003612,0.013016,-0.023961);2.0;0.0","(0.834891,0.305072,-1.90163)",NAVCAM_LEFT,CAHVORE
15,"(0.971582,0.00963722,0.00390579,0.236476)",NRE_0015_0668277523_911ECM_N0030376NCAM03000_12_0LLJ,"NASA's Mars Perseverance rover acquired this image using its onboard Right Navigation Camera (Navcam). The camera is located high on the rover's mast and aids in driving. 

This image was acquired on Mar. 6, 2021 (Sol 15) at the local mean solar time of 13:59:16.",Full,Sol-00015M13:59:16.817,NASA/JPL-Caltech,2021-03-06T22:39:43.000,https://mars.nasa.gov/rss/api/?feed=raw_images&category=mars2020&feedtype=json&id=NRE_0015_0668277523_911ECM_N0030376NCAM03000_12_0LLJ,https://mars.nasa.gov/mars2020/multimedia/raw-images/?id=NRE_0015_0668277523_911ECM_N0030376NCAM03000_12_0LLJ,376,Mars Perseverance Sol 15: Right Navigation Camera (Navcam),3,2021-03-07T06:13:56Z,333.216,-30.8012,668277525.549,1,"(31.2262,8.12755,0.398731)","(3833,1913,1288,976)","(1288,976)",https://mars.nasa.gov/mars2020-raw-images/pub/ods/surface/sol/00015/ids/edr/browse/ncam/NRE_0015_0668277523_911ECM_N0030376NCAM03000_12_0LLJ01_800.jpg,https://mars.nasa.gov/mars2020-raw-images/pub/ods/surface/sol/00015/ids/edr/browse/ncam/NRE_0015_0668277523_911ECM_N0030376NCAM03000_12_0LLJ01_320.jpg,https://mars.nasa.gov/mars2020-raw-images/pub/ods/surface/sol/00015/ids/edr/browse/ncam/NRE_0015_0668277523_911ECM_N0030376NCAM03000_12_0LLJ01.png,https://mars.nasa.gov/mars2020-raw-images/pub/ods/surface/sol/00015/ids/edr/browse/ncam/NRE_0015_0668277523_911ECM_N0030376NCAM03000_12_0LLJ01_1200.jpg,UNK,"(0.8174036915949217,0.1937564201070123,0.5425031379027306)","(1.02304,0.685471,-1.90242);(0.765041,-0.37927,0.520464);(353.662,3119.28,-656.643);(-1346.33,672.22,2538.87);(0.765212,-0.379831,0.519803);(0.0,0.05117,-0.018889);(0.001504,0.020873,-0.009439);2.0;0.0","(1.02304,0.685471,-1.90242)",NAVCAM_RIGHT,CAHVORE
15,"(0.971582,0.00963722,0.00390579,0.236476)",NRE_0015_0668277843_723ECM_N0030376NCAM03000_01_0LLJ,"NASA's Mars Perseverance rover acquired this image using its onboard Right Navigation Camera (Navcam). The camera is located high on the rover's mast and aids in driving. 

This image was acquired on Mar. 6, 2021 (Sol 15) at the local mean solar time of 14:04:28.",Full,Sol-00015M14:04:28.075,NASA/JPL-Caltech,2021-03-06T22:39:43.000,https://mars.nasa.gov/rss/api/?feed=raw_images&category=mars2020&feedtype=json&id=NRE_0015_0668277843_723ECM_N0030376NCAM03000_01_0LLJ,https://mars.nasa.gov/mars2020/multimedia/raw-images/?id=NRE_0015_0668277843_723ECM_N0030376NCAM03000_01_0LLJ,376,Mars Perseverance Sol 15: Right Navigation Camera (Navcam),3,2021-03-07T06:13:56Z,45.371,-29.1906,668277845.392,1,"(31.2262,8.12755,0.398731)","(1,1,1288,968)","(1288,968)",https://mars.nasa.gov/mars2020-raw-images/pub/ods/surface/sol/00015/ids/edr/browse/ncam/NRE_0015_0668277843_723ECM_N0030376NCAM03000_01_0LLJ01_800.jpg,https://mars.nasa.gov/mars2020-raw-images/pub/ods/surface/sol/00015/ids/edr/browse/ncam/NRE_0015_0668277843_723ECM_N0030376NCAM03000_01_0LLJ01_320.jpg,https://mars.nasa.gov/mars2020-raw-images/pub/ods/surface/sol/00015/ids/edr/browse/ncam/NRE_0015_0668277843_723ECM_N0030376NCAM03000_01_0LLJ01.png,https://mars.nasa.gov/mars2020-raw-images/pub/ods/surface/sol/00015/ids/edr/browse/ncam/NRE_0015_0668277843_723ECM_N0030376NCAM03000_01_0LLJ01_1200.jpg,UNK,"(0.963500946661165,0.2626225014838885,0.05191673619733254)","(0.75233,0.806,-1.90665);(0.605493,0.622193,0.496256);(-551.323,3665.87,1271.04);(151.815,169.18,3529.0);(0.606067,0.62217,0.495584);(0.0,0.05117,-0.018889);(0.001504,0.020873,-0.009439);2.0;0.0","(0.75233,0.806,-1.90665)",NAVCAM_RIGHT,CAHVORE
15,"(0.971582,0.00963722,0.00390579,0.236476)",NRE_0015_0668277523_911ECM_N0030376NCAM03000_02_0LLJ,"NASA's Mars Perseverance rover acquired this image using its onboard Right Navigation Camera (Navcam). The camera is located high on the rover's mast and aids in driving. 

This image was acquired on Mar. 6, 2021 (Sol 15) at the local mean solar time of 13:59:16.",Full,Sol-00015M13:59:16.817,NASA/JPL-Caltech,2021-03-06T22:39:42.000,https://mars.nasa.gov/rss/api/?feed=raw_images&category=mars2020&feedtype=json&id=NRE_0015_0668277523_911ECM_N0030376NCAM03000_02_0LLJ,https://mars.nasa.gov/mars2020/multimedia/raw-images/?id=NRE_0015_0668277523_911ECM_N0030376NCAM03000_02_0LLJ,376,Mars Perseverance Sol 15: Right Navigation Camera (Navcam),3,2021-03-07T06:13:56Z,333.216,-30.8012,668277525.549,1,"(31.2262,8.12755,0.398731)","(1273,1,1296,968)","(1296,968)",https://mars.nasa.gov/mars2020-raw-images/pub/ods/surface/sol/00015/ids/edr/browse/ncam/NRE_0015_0668277523_911ECM_N0030376NCAM03000_02_0LLJ01_800.jpg,https://mars.nasa.gov/mars2020-raw-images/pub/ods/surface/sol/00015/ids/edr/browse/ncam/NRE_0015_0668277523_911ECM_N0030376NCAM03000_02_0LLJ01_320.jpg,https://mars.nasa.gov/mars2020-raw-images/pub/ods/surface/sol/00015/ids/edr/browse/ncam/NRE_0015_0668277523_911ECM_N0030376NCAM03000_02_0LLJ01.png,https://mars.nasa.gov/mars2020-raw-images/pub/ods/surface/sol/00015/ids/edr/browse/ncam/NRE_0015_0668277523_911ECM_N0030376NCAM03000_02_0LLJ01_1200.jpg,UNK,"(0.7879242163401258,-0.6098477969021948,0.08521205265887023)","(1.02304,0.685471,-1.90242);(0.765041,-0.37927,0.520464);(2312.17,2148.35,675.745);(116.43,-52.9445,3534.0);(0.765212,-0.379831,0.519803);(0.0,0.05117,-0.018889);(0.001504,0.020873,-0.009439);2.0;0.0","(1.02304,0.685471,-1.90242)",NAVCAM_RIGHT,CAHVORE
15,"(0.971582,0.00963722,0.00390579,0.236476)",NRE_0015_0668277523_911ECM_N0030376NCAM03000_15_0LLJ,"NASA's Mars Perseverance rover acquired this image using its onboard Right Navigation Camera (Navcam). The camera is located high on the rover's mast and aids in driving. 

This image was acquired on Mar. 6, 2021 (Sol 15) at the local mean solar time of 13:59:16.",Full,Sol-00015M13:59:16.817,NASA/JPL-Caltech,2021-03-06T22:39:41.000,https://mars.nasa.gov/rss/api/?feed=raw_images&category=mars2020&feedtype=json&id=NRE_0015_0668277523_911ECM_N0030376NCAM03000_15_0LLJ,https://mars.nasa.gov/mars2020/multimedia/raw-images/?id=NRE_0015_0668277523_911ECM_N0030376NCAM03000_15_0LLJ,376,Mars Perseverance Sol 15: Right Navigation Camera (Navcam),3,2021-03-07T06:13:56Z,333.216,-30.8012,668277525.549,1,"(31.2262,8.12755,0.398731)","(2553,2873,1296,968)","(1296,968)",https://mars.nasa.gov/mars2020-raw-images/pub/ods/surface/sol/00015/ids/edr/browse/ncam/NRE_0015_0668277523_911ECM_N0030376NCAM03000_15_0LLJ01_800.jpg,https://mars.nasa.gov/mars2020-raw-images/pub/ods/surface/sol/00015/ids/edr/browse/ncam/NRE_0015_0668277523_911ECM_N0030376NCAM03000_15_0LLJ01_320.jpg,https://mars.nasa.gov/mars2020-raw-images/pub/ods/surface/sol/00015/ids/edr/browse/ncam/NRE_0015_0668277523_911ECM_N0030376NCAM03000_15_0LLJ01.png,https://mars.nasa.gov/mars2020-raw-images/pub/ods/surface/sol/00015/ids/edr/browse/ncam/NRE_0015_0668277523_911ECM_N0030376NCAM03000_15_0LLJ01_1200.jpg,UNK,"(0.564566987730609,-0.07054409244719217,0.8223671001356927)","(1.02304,0.685471,-1.90242);(0.765041,-0.37927,0.520464);(1332.91,2633.81,9.55095);(-2080.77,1036.32,2039.23);(0.765212,-0.379831,0.519803);(0.0,0.05117,-0.018889);(0.001504,0.020873,-0.009439);2.0;0.0","(1.02304,0.685471,-1.90242)",NAVCAM_RIGHT,CAHVORE
15,"(0.971582,0.00963722,0.00390579,0.236476)",NLE_0015_0668277523_911ECM_N0030376NCAM03000_02_0LLJ,"NASA's Mars Perseverance rover acquired this image using its onboard Left Navigation Camera (Navcam). The camera is located high on the rover's mast and aids in driving. 

This image was acquired on Mar. 6, 2021 (Sol 15) at the local mean solar time of 13:59:16.",Full,Sol-00015M13:59:16.817,NASA/JPL-Caltech,2021-03-06T22:39:40.000,https://mars.nasa.gov/rss/api/?feed=raw_images&category=mars2020&feedtype=json&id=NLE_0015_0668277523_911ECM_N0030376NCAM03000_02_0LLJ,https://mars.nasa.gov/mars2020/multimedia/raw-images/?id=NLE_0015_0668277523_911ECM_N0030376NCAM03000_02_0LLJ,376,Mars Perseverance Sol 15: Left Navigation Camera (Navcam),3,2021-03-07T06:13:56Z,332.827,-31.0032,668277524.341,1,"(31.2262,8.12755,0.398731)","(1273,1,1296,968)","(1296,968)",https://mars.nasa.gov/mars2020-raw-images/pub/ods/surface/sol/00015/ids/edr/browse/ncam/NLE_0015_0668277523_911ECM_N0030376NCAM03000_02_0LLJ01_800.jpg,https://mars.nasa.gov/mars2020-raw-images/pub/ods/surface/sol/00015/ids/edr/browse/ncam/NLE_0015_0668277523_911ECM_N0030376NCAM03000_02_0LLJ01_320.jpg,https://mars.nasa.gov/mars2020-raw-images/pub/ods/surface/sol/00015/ids/edr/browse/ncam/NLE_0015_0668277523_911ECM_N0030376NCAM03000_02_0LLJ01.png,https://mars.nasa.gov/mars2020-raw-images/pub/ods/surface/sol/00015/ids/edr/browse/ncam/NLE_0015_0668277523_911ECM_N0030376NCAM03000_02_0LLJ01_1200.jpg,UNK,"(0.7842524121439021,-0.6139744411682297,0.08935065550196752)","(0.834891,0.305072,-1.90163);(0.764418,-0.378673,0.521811);(2329.58,2147.71,682.745);(105.896,-42.6117,3537.06);(0.764995,-0.37737,0.521909);(2e-06,0.049535,-0.015973);(-0.003612,0.013016,-0.023961);2.0;0.0","(0.834891,0.305072,-1.90163)",NAVCAM_LEFT,CAHVORE
15,"(0.971582,0.00963722,0.00390579,0.236476)",NLE_0015_0668277523_911ECM_N0030376NCAM03000_11_0LLJ,"NASA's Mars Perseverance rover acquired this image using its onboard Left Navigation Camera (Navcam). The camera is located high on the rover's mast and aids in driving. 

This image was acquired on Mar. 6, 2021 (Sol 15) at the local mean solar time of 13:59:16.",Full,Sol-00015M13:59:16.817,NASA/JPL-Caltech,2021-03-06T22:39:40.000,https://mars.nasa.gov/rss/api/?feed=raw_images&category=mars2020&feedtype=json&id=NLE_0015_0668277523_911ECM_N0030376NCAM03000_11_0LLJ,https://mars.nasa.gov/mars2020/multimedia/raw-images/?id=NLE_0015_0668277523_911ECM_N0030376NCAM03000_11_0LLJ,376,Mars Perseverance Sol 15: Left Navigation Camera (Navcam),3,2021-03-07T06:13:56Z,332.827,-31.0032,668277524.341,1,"(31.2262,8.12755,0.398731)","(2553,1913,1296,976)","(1296,976)",https://mars.nasa.gov/mars2020-raw-images/pub/ods/surface/sol/00015/ids/edr/browse/ncam/NLE_0015_0668277523_911ECM_N0030376NCAM03000_11_0LLJ01_800.jpg,https://mars.nasa.gov/mars2020-raw-images/pub/ods/surface/sol/00015/ids/edr/browse/ncam/NLE_0015_0668277523_911ECM_N0030376NCAM03000_11_0LLJ01_320.jpg,https://mars.nasa.gov/mars2020-raw-images/pub/ods/surface/sol/00015/ids/edr/browse/ncam/NLE_0015_0668277523_911ECM_N0030376NCAM03000_11_0LLJ01.png,https://mars.nasa.gov/mars2020-raw-images/pub/ods/surface/sol/00015/ids/edr/browse/ncam/NLE_0015_0668277523_911ECM_N0030376NCAM03000_11_0LLJ01_1200.jpg,UNK,"(0.7587907060060556,-0.15456223400673957,0.6327299426277199)","(0.834891,0.305072,-1.90163);(0.764418,-0.378673,0.521811);(1351.13,2632.41,14.8271);(-1355.67,681.411,2539.36);(0.764995,-0.37737,0.521909);(2e-06,0.049535,-0.015973);(-0.003612,0.013016,-0.023961);2.0;0.0","(0.834891,0.305072,-1.90163)",NAVCAM_LEFT,CAHVORE
15,"(0.971582,0.00963722,0.00390579,0.236476)",NLE_0015_0668277523_911ECM_N0030376NCAM03000_15_0LLJ,"NASA's Mars Perseverance rover acquired this image using its onboard Left Navigation Camera (Navcam). The camera is located high on the rover's mast and aids in driving. 

This image was acquired on Mar. 6, 2021 (Sol 15) at the local mean solar time of 13:59:16.",Full,Sol-00015M13:59:16.817,NASA/JPL-Caltech,2021-03-06T22:39:40.000,https://mars.nasa.gov/rss/api/?feed=raw_images&category=mars2020&feedtype=json&id=NLE_0015_0668277523_911ECM_N0030376NCAM03000_15_0LLJ,https://mars.nasa.gov/mars2020/multimedia/raw-images/?id=NLE_0015_0668277523_911ECM_N0030376NCAM03000_15_0LLJ,376,Mars Perseverance Sol 15: Left Navigation Camera (Navcam),3,2021-03-07T06:13:56Z,332.827,-31.0032,668277524.341,1,"(31.2262,8.12755,0.398731)","(2553,2873,1296,968)","(1296,968)",https://mars.nasa.gov/mars2020-raw-images/pub/ods/surface/sol/00015/ids/edr/browse/ncam/NLE_0015_0668277523_911ECM_N0030376NCAM03000_15_0LLJ01_800.jpg,https://mars.nasa.gov/mars2020-raw-images/pub/ods/surface/sol/00015/ids/edr/browse/ncam/NLE_0015_0668277523_911ECM_N0030376NCAM03000_15_0LLJ01_320.jpg,https://mars.nasa.gov/mars2020-raw-images/pub/ods/surface/sol/00015/ids/edr/browse/ncam/NLE_0015_0668277523_911ECM_N0030376NCAM03000_15_0LLJ01.png,https://mars.nasa.gov/mars2020-raw-images/pub/ods/surface/sol/00015/ids/edr/browse/ncam/NLE_0015_0668277523_911ECM_N0030376NCAM03000_15_0LLJ01_1200.jpg,UNK,"(0.5613587795908571,-0.07433679501637577,0.8242271297906645)","(0.834891,0.305072,-1.90163);(0.764418,-0.378673,0.521811);(1351.13,2632.41,14.8271);(-2089.51,1044.94,2038.42);(0.764995,-0.37737,0.521909);(2e-06,0.049535,-0.015973);(-0.003612,0.013016,-0.023961);2.0;0.0","(0.834891,0.305072,-1.90163)",NAVCAM_LEFT,CAHVORE
15,"(0.971582,0.00963722,0.00390579,0.236476)",NLE_0015_0668277523_911ECM_N0030376NCAM03000_06_0LLJ,"NASA's Mars Perseverance rover acquired this image using its onboard Left Navigation Camera (Navcam). The camera is located high on the rover's mast and aids in driving. 

This image was acquired on Mar. 6, 2021 (Sol 15) at the local mean solar time of 13:59:16.",Full,Sol-00015M13:59:16.817,NASA/JPL-Caltech,2021-03-06T22:39:29.000,https://mars.nasa.gov/rss/api/?feed=raw_images&category=mars2020&feedtype=json&id=NLE_0015_0668277523_911ECM_N0030376NCAM03000_06_0LLJ,https://mars.nasa.gov/mars2020/multimedia/raw-images/?id=NLE_0015_0668277523_911ECM_N0030376NCAM03000_06_0LLJ,376,Mars Perseverance Sol 15: Left Navigation Camera (Navcam),3,2021-03-07T06:13:56Z,332.827,-31.0032,668277524.341,1,"(31.2262,8.12755,0.398731)","(1273,953,1296,976)","(1296,976)",https://mars.nasa.gov/mars2020-raw-images/pub/ods/surface/sol/00015/ids/edr/browse/ncam/NLE_0015_0668277523_911ECM_N0030376NCAM03000_06_0LLJ01_800.jpg,https://mars.nasa.gov/mars2020-raw-images/pub/ods/surface/sol/00015/ids/edr/browse/ncam/NLE_0015_0668277523_911ECM_N0030376NCAM03000_06_0LLJ01_320.jpg,https://mars.nasa.gov/mars2020-raw-images/pub/ods/surface/sol/00015/ids/edr/browse/ncam/NLE_0015_0668277523_911ECM_N0030376NCAM03000_06_0LLJ01.png,https://mars.nasa.gov/mars2020-raw-images/pub/ods/surface/sol/00015/ids/edr/browse/ncam/NLE_0015_0668277523_911ECM_N0030376NCAM03000_06_0LLJ01_1200.jpg,UNK,"(0.7135804331386859,-0.5992090938703994,0.3629757943232859)","(0.834891,0.305072,-1.90163);(0.764418,-0.378673,0.521811);(2329.58,2147.71,682.745);(-621.83,317.885,3040.3);(0.764995,-0.37737,0.521909);(2e-06,0.049535,-0.015973);(-0.003612,0.013016,-0.023961);2.0;0.0","(0.834891,0.305072,-1.90163)",NAVCAM_LEFT,CAHVORE
15,"(0.971582,0.00963722,0.00390579,0.236476)",NRE_0015_0668277523_911ECM_N0030376NCAM03000_08_0LLJ,"NASA's Mars Perseverance rover acquired this image using its onboard Right Navigation Camera (Navcam). The camera is located high on the rover's mast and aids in driving. 

This image was acquired on Mar. 6, 2021 (Sol 15) at the local mean solar time of 13:59:16.",Full,Sol-00015M13:59:16.817,NASA/JPL-Caltech,2021-03-06T22:39:29.000,https://mars.nasa.gov/rss/api/?feed=raw_images&category=mars2020&feedtype=json&id=NRE_0015_0668277523_911ECM_N0030376NCAM03000_08_0LLJ,https://mars.nasa.gov/mars2020/multimedia/raw-images/?id=NRE_0015_0668277523_911ECM_N0030376NCAM03000_08_0LLJ,376,Mars Perseverance Sol 15: Right Navigation Camera (Navcam),3,2021-03-07T06:13:56Z,333.216,-30.8012,668277525.549,1,"(31.2262,8.12755,0.398731)","(3833,953,1288,976)","(1288,976)",https://mars.nasa.gov/mars2020-raw-images/pub/ods/surface/sol/00015/ids/edr/browse/ncam/NRE_0015_0668277523_911ECM_N0030376NCAM03000_08_0LLJ01_800.jpg,https://mars.nasa.gov/mars2020-raw-images/pub/ods/surface/sol/00015/ids/edr/browse/ncam/NRE_0015_0668277523_911ECM_N0030376NCAM03000_08_0LLJ01_320.jpg,https://mars.nasa.gov/mars2020-raw-images/pub/ods/surface/sol/00015/ids/edr/browse/ncam/NRE_0015_0668277523_911ECM_N0030376NCAM03000_08_0LLJ01.png,https://mars.nasa.gov/mars2020-raw-images/pub/ods/surface/sol/00015/ids/edr/browse/ncam/NRE_0015_0668277523_911ECM_N0030376NCAM03000_08_0LLJ01_1200.jpg,UNK,"(0.9417198401191595,0.1303676783580846,0.3101096760268332)","(1.02304,0.685471,-1.90242);(0.765041,-0.37927,0.520464);(353.662,3119.28,-656.643);(-611.888,308.121,3038.52);(0.765212,-0.379831,0.519803);(0.0,0.05117,-0.018889);(0.001504,0.020873,-0.009439);2.0;0.0","(1.02304,0.685471,-1.90242)",NAVCAM_RIGHT,CAHVORE
15,"(0.971582,0.00963722,0.00390579,0.236476)",NRE_0015_0668277523_911ECM_N0030376NCAM03000_01_0LLJ,"NASA's Mars Perseverance rover acquired this image using its onboard Right Navigation Camera (Navcam). The camera is located high on the rover's mast and aids in driving. 

This image was acquired on Mar. 6, 2021 (Sol 15) at the local mean solar time of 13:59:16.",Full,Sol-00015M13:59:16.817,NASA/JPL-Caltech,2021-03-06T22:39:25.000,https://mars.nasa.gov/rss/api/?feed=raw_images&category=mars2020&feedtype=json&id=NRE_0015_0668277523_911ECM_N0030376NCAM03000_01_0LLJ,https://mars.nasa.gov/mars2020/multimedia/raw-images/?id=NRE_0015_0668277523_911ECM_N0030376NCAM03000_01_0LLJ,376,Mars Perseverance Sol 15: Right Navigation Camera (Navcam),3,2021-03-07T06:13:56Z,333.216,-30.8012,668277525.549,1,"(31.2262,8.12755,0.398731)","(1,1,1288,968)","(1288,968)",https://mars.nasa.gov/mars2020-raw-images/pub/ods/surface/sol/00015/ids/edr/browse/ncam/NRE_0015_0668277523_911ECM_N0030376NCAM03000_01_0LLJ01_800.jpg,https://mars.nasa.gov/mars2020-raw-images/pub/ods/surface/sol/00015/ids/edr/browse/ncam/NRE_0015_0668277523_911ECM_N0030376NCAM03000_01_0LLJ01_320.jpg,https://mars.nasa.gov/mars2020-raw-images/pub/ods/surface/sol/00015/ids/edr/browse/ncam/NRE_0015_0668277523_911ECM_N0030376NCAM03000_01_0LLJ01.png,https://mars.nasa.gov/mars2020-raw-images/pub/ods/surface/sol/00015/ids/edr/browse/ncam/NRE_0015_0668277523_911ECM_N0030376NCAM03000_01_0LLJ01_1200.jpg,UNK,"(0.5443932097618771,-0.835438638841932,0.07535458775085194)","(1.02304,0.685471,-1.90242);(0.765041,-0.37927,0.520464);(3285.3,1665.92,1337.77);(116.43,-52.9445,3534.0);(0.765212,-0.379831,0.519803);(0.0,0.05117,-0.018889);(0.001504,0.020873,-0.009439);2.0;0.0","(1.02304,0.685471,-1.90242)",NAVCAM_RIGHT,CAHVORE
15,"(0.971582,0.00963722,0.00390579,0.236476)",NRE_0015_0668277523_911ECM_N0030376NCAM03000_11_0LLJ,"NASA's Mars Perseverance rover acquired this image using its onboard Right Navigation Camera (Navcam). The camera is located high on the rover's mast and aids in driving. 

This image was acquired on Mar. 6, 2021 (Sol 15) at the local mean solar time of 13:59:16.",Full,Sol-00015M13:59:16.817,NASA/JPL-Caltech,2021-03-06T22:39:25.000,https://mars.nasa.gov/rss/api/?feed=raw_images&category=mars2020&feedtype=json&id=NRE_0015_0668277523_911ECM_N0030376NCAM03000_11_0LLJ,https://mars.nasa.gov/mars2020/multimedia/raw-images/?id=NRE_0015_0668277523_911ECM_N0030376NCAM03000_11_0LLJ,376,Mars Perseverance Sol 15: Right Navigation Camera (Navcam),3,2021-03-07T06:13:56Z,333.216,-30.8012,668277525.549,1,"(31.2262,8.12755,0.398731)","(2553,1913,1296,976)","(1296,976)",https://mars.nasa.gov/mars2020-raw-images/pub/ods/surface/sol/00015/ids/edr/browse/ncam/NRE_0015_0668277523_911ECM_N0030376NCAM03000_11_0LLJ01_800.jpg,https://mars.nasa.gov/mars2020-raw-images/pub/ods/surface/sol/00015/ids/edr/browse/ncam/NRE_0015_0668277523_911ECM_N0030376NCAM03000_11_0LLJ01_320.jpg,https://mars.nasa.gov/mars2020-raw-images/pub/ods/surface/sol/00015/ids/edr/browse/ncam/NRE_0015_0668277523_911ECM_N0030376NCAM03000_11_0LLJ01.png,https://mars.nasa.gov/mars2020-raw-images/pub/ods/surface/sol/00015/ids/edr/browse/ncam/NRE_0015_0668277523_911ECM_N0030376NCAM03000_11_0LLJ01_1200.jpg,UNK,"(0.762126380498852,-0.14989013911991353,0.6298383334970428)","(1.02304,0.685471,-1.90242);(0.765041,-0.37927,0.520464);(1332.91,2633.81,9.55095);(-1346.33,672.22,2538.87);(0.765212,-0.379831,0.519803);(0.0,0.05117,-0.018889);(0.001504,0.020873,-0.009439);2.0;0.0","(1.02304,0.685471,-1.90242)",NAVCAM_RIGHT,CAHVORE
15,"(0.971582,0.00963722,0.00390579,0.236476)",NLE_0015_0668277523_911ECM_N0030376NCAM03000_13_0LLJ,"NASA's Mars Perseverance rover acquired this image using its onboard Left Navigation Camera (Navcam). The camera is located high on the rover's mast and aids in driving. 

This image was acquired on Mar. 6, 2021 (Sol 15) at the local mean solar time of 13:59:16.",Full,Sol-00015M13:59:16.817,NASA/JPL-Caltech,2021-03-06T22:39:18.000,https://mars.nasa.gov/rss/api/?feed=raw_images&category=mars2020&feedtype=json&id=NLE_0015_0668277523_911ECM_N0030376NCAM03000_13_0LLJ,https://mars.nasa.gov/mars2020/multimedia/raw-images/?id=NLE_0015_0668277523_911ECM_N0030376NCAM03000_13_0LLJ,376,Mars Perseverance Sol 15: Left Navigation Camera (Navcam),3,2021-03-07T06:13:56Z,332.827,-31.0032,668277524.341,1,"(31.2262,8.12755,0.398731)","(1,2873,1288,968)","(1288,968)",https://mars.nasa.gov/mars2020-raw-images/pub/ods/surface/sol/00015/ids/edr/browse/ncam/NLE_0015_0668277523_911ECM_N0030376NCAM03000_13_0LLJ01_800.jpg,https://mars.nasa.gov/mars2020-raw-images/pub/ods/surface/sol/00015/ids/edr/browse/ncam/NLE_0015_0668277523_911ECM_N0030376NCAM03000_13_0LLJ01_320.jpg,https://mars.nasa.gov/mars2020-raw-images/pub/ods/surface/sol/00015/ids/edr/browse/ncam/NLE_0015_0668277523_911ECM_N0030376NCAM03000_13_0LLJ01.png,https://mars.nasa.gov/mars2020-raw-images/pub/ods/surface/sol/00015/ids/edr/browse/ncam/NLE_0015_0668277523_911ECM_N0030376NCAM03000_13_0LLJ01_1200.jpg,UNK,"(0.19223960922554867,-0.664736277571866,0.7219207809203912)","(0.834891,0.305072,-1.90163);(0.764418,-0.378673,0.521811);(3301.92,1666.04,1346.49);(-2089.51,1044.94,2038.42);(0.764995,-0.37737,0.521909);(2e-06,0.049535,-0.015973);(-0.003612,0.013016,-0.023961);2.0;0.0","(0.834891,0.305072,-1.90163)",NAVCAM_LEFT,CAHVORE
15,"(0.971582,0.00963722,0.00390579,0.236476)",NLE_0015_0668277274_738ECM_N0030376NCAM03000_15_0LLJ,"NASA's Mars Perseverance rover acquired this image using its onboard Left Navigation Camera (Navcam). The camera is located high on the rover's mast and aids in driving. 

This image was acquired on Mar. 6, 2021 (Sol 15) at the local mean solar time of 13:55:14.",Full,Sol-00015M13:55:14.309,NASA/JPL-Caltech,2021-03-06T22:39:17.000,https://mars.nasa.gov/rss/api/?feed=raw_images&category=mars2020&feedtype=json&id=NLE_0015_0668277274_738ECM_N0030376NCAM03000_15_0LLJ,https://mars.nasa.gov/mars2020/multimedia/raw-images/?id=NLE_0015_0668277274_738ECM_N0030376NCAM03000_15_0LLJ,376,Mars Perseverance Sol 15: Left Navigation Camera (Navcam),3,2021-03-07T06:13:56Z,260.229,-31.2355,668277275.086,1,"(31.2262,8.12755,0.398731)","(2553,2873,1296,968)","(1296,968)",https://mars.nasa.gov/mars2020-raw-images/pub/ods/surface/sol/00015/ids/edr/browse/ncam/NLE_0015_0668277274_738ECM_N0030376NCAM03000_15_0LLJ01_800.jpg,https://mars.nasa.gov/mars2020-raw-images/pub/ods/surface/sol/00015/ids/edr/browse/ncam/NLE_0015_0668277274_738ECM_N0030376NCAM03000_15_0LLJ01_320.jpg,https://mars.nasa.gov/mars2020-raw-images/pub/ods/surface/sol/00015/ids/edr/browse/ncam/NLE_0015_0668277274_738ECM_N0030376NCAM03000_15_0LLJ01.png,https://mars.nasa.gov/mars2020-raw-images/pub/ods/surface/sol/00015/ids/edr/browse/ncam/NLE_0015_0668277274_738ECM_N0030376NCAM03000_15_0LLJ01_1200.jpg,UNK,"(0.09751116436301908,-0.5545878143459204,0.8263921157680432)","(0.571201,0.454876,-1.90106);(-0.132356,-0.840588,0.52527);(2916.04,-501.858,14.9248);(373.459,2314.55,2028.92);(-0.130939,-0.840749,0.525368);(2e-06,0.049535,-0.015973);(-0.003612,0.013016,-0.023961);2.0;0.0","(0.571201,0.454876,-1.90106)",NAVCAM_LEFT,CAHVORE
15,"(0.971582,0.00963722,0.00390579,0.236476)",NLE_0015_0668277523_911ECM_N0030376NCAM03000_03_0LLJ,"NASA's Mars Perseverance rover acquired this image using its onboard Left Navigation Camera (Navcam). The camera is located high on the rover's mast and aids in driving. 

This image was acquired on Mar. 6, 2021 (Sol 15) at the local mean solar time of 13:59:16.",Full,Sol-00015M13:59:16.817,NASA/JPL-Caltech,2021-03-06T22:39:12.000,https://mars.nasa.gov/rss/api/?feed=raw_images&category=mars2020&feedtype=json&id=NLE_0015_0668277523_911ECM_N0030376NCAM03000_03_0LLJ,https://mars.nasa.gov/mars2020/multimedia/raw-images/?id=NLE_0015_0668277523_911ECM_N0030376NCAM03000_03_0LLJ,376,Mars Perseverance Sol 15: Left Navigation Camera (Navcam),3,2021-03-07T06:13:56Z,332.827,-31.0032,668277524.341,1,"(31.2262,8.12755,0.398731)","(2553,1,1296,968)","(1296,968)",https://mars.nasa.gov/mars2020-raw-images/pub/ods/surface/sol/00015/ids/edr/browse/ncam/NLE_0015_0668277523_911ECM_N0030376NCAM03000_03_0LLJ01_800.jpg,https://mars.nasa.gov/mars2020-raw-images/pub/ods/surface/sol/00015/ids/edr/browse/ncam/NLE_0015_0668277523_911ECM_N0030376NCAM03000_03_0LLJ01_320.jpg,https://mars.nasa.gov/mars2020-raw-images/pub/ods/surface/sol/00015/ids/edr/browse/ncam/NLE_0015_0668277523_911ECM_N0030376NCAM03000_03_0LLJ01.png,https://mars.nasa.gov/mars2020-raw-images/pub/ods/surface/sol/00015/ids/edr/browse/ncam/NLE_0015_0668277523_911ECM_N0030376NCAM03000_03_0LLJ01_1200.jpg,UNK,"(0.9574137217416198,-0.2747422576750447,0.08874489995757327)","(0.834891,0.305072,-1.90163);(0.764418,-0.378673,0.521811);(1351.13,2632.41,14.8271);(105.896,-42.6117,3537.06);(0.764995,-0.37737,0.521909);(2e-06,0.049535,-0.015973);(-0.003612,0.013016,-0.023961);2.0;0.0","(0.834891,0.305072,-1.90163)",NAVCAM_LEFT,CAHVORE
15,"(0.971582,0.00963722,0.00390579,0.236476)",NLE_0015_0668277523_911ECM_N0030376NCAM03000_14_0LLJ,"NASA's Mars Perseverance rover acquired this image using its onboard Left Navigation Camera (Navcam). The camera is located high on the rover's mast and aids in driving. 

This image was acquired on Mar. 6, 2021 (Sol 15) at the local mean solar time of 13:59:16.",Full,Sol-00015M13:59:16.817,NASA/JPL-Caltech,2021-03-06T22:39:08.000,https://mars.nasa.gov/rss/api/?feed=raw_images&category=mars2020&feedtype=json&id=NLE_0015_0668277523_911ECM_N0030376NCAM03000_14_0LLJ,https://mars.nasa.gov/mars2020/multimedia/raw-images/?id=NLE_0015_0668277523_911ECM_N0030376NCAM03000_14_0LLJ,376,Mars Perseverance Sol 15: Left Navigation Camera (Navcam),3,2021-03-07T06:13:56Z,332.827,-31.0032,668277524.341,1,"(31.2262,8.12755,0.398731)","(1273,2873,1296,968)","(1296,968)",https://mars.nasa.gov/mars2020-raw-images/pub/ods/surface/sol/00015/ids/edr/browse/ncam/NLE_0015_0668277523_911ECM_N0030376NCAM03000_14_0LLJ01_800.jpg,https://mars.nasa.gov/mars2020-raw-images/pub/ods/surface/sol/00015/ids/edr/browse/ncam/NLE_0015_0668277523_911ECM_N0030376NCAM03000_14_0LLJ01_320.jpg,https://mars.nasa.gov/mars2020-raw-images/pub/ods/surface/sol/00015/ids/edr/browse/ncam/NLE_0015_0668277523_911ECM_N0030376NCAM03000_14_0LLJ01.png,https://mars.nasa.gov/mars2020-raw-images/pub/ods/surface/sol/00015/ids/edr/browse/ncam/NLE_0015_0668277523_911ECM_N0030376NCAM03000_14_0LLJ01_1200.jpg,UNK,"(0.3888285119220424,-0.41637545693054273,0.8218539208292263)","(0.834891,0.305072,-1.90163);(0.764418,-0.378673,0.521811);(2329.58,2147.71,682.745);(-2089.51,1044.94,2038.42);(0.764995,-0.37737,0.521909);(2e-06,0.049535,-0.015973);(-0.003612,0.013016,-0.023961);2.0;0.0","(0.834891,0.305072,-1.90163)",NAVCAM_LEFT,CAHVORE
15,"(0.971582,0.00963722,0.00390579,0.236476)",NRE_0015_0668277523_911ECM_N0030376NCAM03000_03_0LLJ,"NASA's Mars Perseverance rover acquired this image using its onboard Right Navigation Camera (Navcam). The camera is located high on the rover's mast and aids in driving. 

This image was acquired on Mar. 6, 2021 (Sol 15) at the local mean solar time of 13:59:16.",Full,Sol-00015M13:59:16.817,NASA/JPL-Caltech,2021-03-06T22:38:47.000,https://mars.nasa.gov/rss/api/?feed=raw_images&category=mars2020&feedtype=json&id=NRE_0015_0668277523_911ECM_N0030376NCAM03000_03_0LLJ,https://mars.nasa.gov/mars2020/multimedia/raw-images/?id=NRE_0015_0668277523_911ECM_N0030376NCAM03000_03_0LLJ,376,Mars Perseverance Sol 15: Right Navigation Camera (Navcam),3,2021-03-07T06:13:56Z,333.216,-30.8012,668277525.549,1,"(31.2262,8.12755,0.398731)","(2553,1,1296,968)","(1296,968)",https://mars.nasa.gov/mars2020-raw-images/pub/ods/surface/sol/00015/ids/edr/browse/ncam/NRE_0015_0668277523_911ECM_N0030376NCAM03000_03_0LLJ01_800.jpg,https://mars.nasa.gov/mars2020-raw-images/pub/ods/surface/sol/00015/ids/edr/browse/ncam/NRE_0015_0668277523_911ECM_N0030376NCAM03000_03_0LLJ01_320.jpg,https://mars.nasa.gov/mars2020-raw-images/pub/ods/surface/sol/00015/ids/edr/browse/ncam/NRE_0015_0668277523_911ECM_N0030376NCAM03000_03_0LLJ01.png,https://mars.nasa.gov/mars2020-raw-images/pub/ods/surface/sol/00015/ids/edr/browse/ncam/NRE_0015_0668277523_911ECM_N0030376NCAM03000_03_0LLJ01_1200.jpg,UNK,"(0.959323775714587,-0.26923537941672565,0.08491291903497644)","(1.02304,0.685471,-1.90242);(0.765041,-0.37927,0.520464);(1332.91,2633.81,9.55095);(116.43,-52.9445,3534.0);(0.765212,-0.379831,0.519803);(0.0,0.05117,-0.018889);(0.001504,0.020873,-0.009439);2.0;0.0","(1.02304,0.685471,-1.90242)",NAVCAM_RIGHT,CAHVORE
15,"(0.971582,0.00963722,0.00390579,0.236476)",NLE_0015_0668277274_738ECM_N0030376NCAM03000_12_0LLJ,"NASA's Mars Perseverance rover acquired this image using its onboard Left Navigation Camera (Navcam). The camera is located high on the rover's mast and aids in driving. 

This image was acquired on Mar. 6, 2021 (Sol 15) at the local mean solar time of 13:55:14.",Full,Sol-00015M13:55:14.309,NASA/JPL-Caltech,2021-03-06T22:38:42.000,https://mars.nasa.gov/rss/api/?feed=raw_images&category=mars2020&feedtype=json&id=NLE_0015_0668277274_738ECM_N0030376NCAM03000_12_0LLJ,https://mars.nasa.gov/mars2020/multimedia/raw-images/?id=NLE_0015_0668277274_738ECM_N0030376NCAM03000_12_0LLJ,376,Mars Perseverance Sol 15: Left Navigation Camera (Navcam),3,2021-03-07T06:13:56Z,260.229,-31.2355,668277275.086,1,"(31.2262,8.12755,0.398731)","(3833,1913,1288,976)","(1288,976)",https://mars.nasa.gov/mars2020-raw-images/pub/ods/surface/sol/00015/ids/edr/browse/ncam/NLE_0015_0668277274_738ECM_N0030376NCAM03000_12_0LLJ01_800.jpg,https://mars.nasa.gov/mars2020-raw-images/pub/ods/surface/sol/00015/ids/edr/browse/ncam/NLE_0015_0668277274_738ECM_N0030376NCAM03000_12_0LLJ01_320.jpg,https://mars.nasa.gov/mars2020-raw-images/pub/ods/surface/sol/00015/ids/edr/browse/ncam/NLE_0015_0668277274_738ECM_N0030376NCAM03000_12_0LLJ01.png,https://mars.nasa.gov/mars2020-raw-images/pub/ods/surface/sol/00015/ids/edr/browse/ncam/NLE_0015_0668277274_738ECM_N0030376NCAM03000_12_0LLJ01_1200.jpg,UNK,"(0.425463699705558,-0.7199581856714483,0.5483072597709567)","(0.571201,0.454876,-1.90106);(-0.132356,-0.840588,0.52527);(3085.45,574.095,-657.421);(246.398,1507.58,2533.18);(-0.130939,-0.840749,0.525368);(2e-06,0.049535,-0.015973);(-0.003612,0.013016,-0.023961);2.0;0.0","(0.571201,0.454876,-1.90106)",NAVCAM_LEFT,CAHVORE
15,"(0.971582,0.00963722,0.00390579,0.236476)",NRE_0015_0668277523_911ECM_N0030376NCAM03000_05_0LLJ,"NASA's Mars Perseverance rover acquired this image using its onboard Right Navigation Camera (Navcam). The camera is located high on the rover's mast and aids in driving. 

This image was acquired on Mar. 6, 2021 (Sol 15) at the local mean solar time of 13:59:16.",Full,Sol-00015M13:59:16.817,NASA/JPL-Caltech,2021-03-06T22:38:38.000,https://mars.nasa.gov/rss/api/?feed=raw_images&category=mars2020&feedtype=json&id=NRE_0015_0668277523_911ECM_N0030376NCAM03000_05_0LLJ,https://mars.nasa.gov/mars2020/multimedia/raw-images/?id=NRE_0015_0668277523_911ECM_N0030376NCAM03000_05_0LLJ,376,Mars Perseverance Sol 15: Right Navigation Camera (Navcam),3,2021-03-07T06:13:56Z,333.216,-30.8012,668277525.549,1,"(31.2262,8.12755,0.398731)","(1,953,1288,976)","(1288,976)",https://mars.nasa.gov/mars2020-raw-images/pub/ods/surface/sol/00015/ids/edr/browse/ncam/NRE_0015_0668277523_911ECM_N0030376NCAM03000_05_0LLJ01_800.jpg,https://mars.nasa.gov/mars2020-raw-images/pub/ods/surface/sol/00015/ids/edr/browse/ncam/NRE_0015_0668277523_911ECM_N0030376NCAM03000_05_0LLJ01_320.jpg,https://mars.nasa.gov/mars2020-raw-images/pub/ods/surface/sol/00015/ids/edr/browse/ncam/NRE_0015_0668277523_911ECM_N0030376NCAM03000_05_0LLJ01.png,https://mars.nasa.gov/mars2020-raw-images/pub/ods/surface/sol/00015/ids/edr/browse/ncam/NRE_0015_0668277523_911ECM_N0030376NCAM03000_05_0LLJ01_1200.jpg,UNK,"(0.45852761293716415,-0.832943433833628,0.30977034107156)","(1.02304,0.685471,-1.90242);(0.765041,-0.37927,0.520464);(3285.3,1665.92,1337.77);(-611.888,308.121,3038.52);(0.765212,-0.379831,0.519803);(0.0,0.05117,-0.018889);(0.001504,0.020873,-0.009439);2.0;0.0","(1.02304,0.685471,-1.90242)",NAVCAM_RIGHT,CAHVORE
15,"(0.971582,0.00963722,0.00390579,0.236476)",NLE_0015_0668277274_738ECM_N0030376NCAM03000_08_0LLJ,"NASA's Mars Perseverance rover acquired this image using its onboard Left Navigation Camera (Navcam). The camera is located high on the rover's mast and aids in driving. 

This image was acquired on Mar. 6, 2021 (Sol 15) at the local mean solar time of 13:55:14.",Full,Sol-00015M13:55:14.309,NASA/JPL-Caltech,2021-03-06T22:38:34.000,https://mars.nasa.gov/rss/api/?feed=raw_images&category=mars2020&feedtype=json&id=NLE_0015_0668277274_738ECM_N0030376NCAM03000_08_0LLJ,https://mars.nasa.gov/mars2020/multimedia/raw-images/?id=NLE_0015_0668277274_738ECM_N0030376NCAM03000_08_0LLJ,376,Mars Perseverance Sol 15: Left Navigation Camera (Navcam),3,2021-03-07T06:13:56Z,260.229,-31.2355,668277275.086,1,"(31.2262,8.12755,0.398731)","(3833,953,1288,976)","(1288,976)",https://mars.nasa.gov/mars2020-raw-images/pub/ods/surface/sol/00015/ids/edr/browse/ncam/NLE_0015_0668277274_738ECM_N0030376NCAM03000_08_0LLJ01_800.jpg,https://mars.nasa.gov/mars2020-raw-images/pub/ods/surface/sol/00015/ids/edr/browse/ncam/NLE_0015_0668277274_738ECM_N0030376NCAM03000_08_0LLJ01_320.jpg,https://mars.nasa.gov/mars2020-raw-images/pub/ods/surface/sol/00015/ids/edr/browse/ncam/NLE_0015_0668277274_738ECM_N0030376NCAM03000_08_0LLJ01.png,https://mars.nasa.gov/mars2020-raw-images/pub/ods/surface/sol/00015/ids/edr/browse/ncam/NLE_0015_0668277274_738ECM_N0030376NCAM03000_08_0LLJ01_1200.jpg,UNK,"(0.40172502409100996,-0.8592754724973715,0.3166428072505305)","(0.571201,0.454876,-1.90106);(-0.132356,-0.840588,0.52527);(3085.45,574.095,-657.421);(119.336,700.619,3037.44);(-0.130939,-0.840749,0.525368);(2e-06,0.049535,-0.015973);(-0.003612,0.013016,-0.023961);2.0;0.0","(0.571201,0.454876,-1.90106)",NAVCAM_LEFT,CAHVORE
15,"(0.971582,0.00963722,0.00390579,0.236476)",NRE_0015_0668277523_911ECM_N0030376NCAM03000_13_0LLJ,"NASA's Mars Perseverance rover acquired this image using its onboard Right Navigation Camera (Navcam). The camera is located high on the rover's mast and aids in driving. 

This image was acquired on Mar. 6, 2021 (Sol 15) at the local mean solar time of 13:59:16.",Full,Sol-00015M13:59:16.817,NASA/JPL-Caltech,2021-03-06T22:38:31.000,https://mars.nasa.gov/rss/api/?feed=raw_images&category=mars2020&feedtype=json&id=NRE_0015_0668277523_911ECM_N0030376NCAM03000_13_0LLJ,https://mars.nasa.gov/mars2020/multimedia/raw-images/?id=NRE_0015_0668277523_911ECM_N0030376NCAM03000_13_0LLJ,376,Mars Perseverance Sol 15: Right Navigation Camera (Navcam),3,2021-03-07T06:13:56Z,333.216,-30.8012,668277525.549,1,"(31.2262,8.12755,0.398731)","(1,2873,1288,968)","(1288,968)",https://mars.nasa.gov/mars2020-raw-images/pub/ods/surface/sol/00015/ids/edr/browse/ncam/NRE_0015_0668277523_911ECM_N0030376NCAM03000_13_0LLJ01_800.jpg,https://mars.nasa.gov/mars2020-raw-images/pub/ods/surface/sol/00015/ids/edr/browse/ncam/NRE_0015_0668277523_911ECM_N0030376NCAM03000_13_0LLJ01_320.jpg,https://mars.nasa.gov/mars2020-raw-images/pub/ods/surface/sol/00015/ids/edr/browse/ncam/NRE_0015_0668277523_911ECM_N0030376NCAM03000_13_0LLJ01.png,https://mars.nasa.gov/mars2020-raw-images/pub/ods/surface/sol/00015/ids/edr/browse/ncam/NRE_0015_0668277523_911ECM_N0030376NCAM03000_13_0LLJ01_1200.jpg,UNK,"(0.19541957417810504,-0.6643506105819013,0.7214218296166972)","(1.02304,0.685471,-1.90242);(0.765041,-0.37927,0.520464);(3285.3,1665.92,1337.77);(-2080.77,1036.32,2039.23);(0.765212,-0.379831,0.519803);(0.0,0.05117,-0.018889);(0.001504,0.020873,-0.009439);2.0;0.0","(1.02304,0.685471,-1.90242)",NAVCAM_RIGHT,CAHVORE
15,"(0.971582,0.00963722,0.00390579,0.236476)",NLE_0015_0668277274_738ECM_N0030376NCAM03000_10_0LLJ,"NASA's Mars Perseverance rover acquired this image using its onboard Left Navigation Camera (Navcam). The camera is located high on the rover's mast and aids in driving. 

This image was acquired on Mar. 6, 2021 (Sol 15) at the local mean solar time of 13:55:14.",Full,Sol-00015M13:55:14.309,NASA/JPL-Caltech,2021-03-06T22:38:30.000,https://mars.nasa.gov/rss/api/?feed=raw_images&category=mars2020&feedtype=json&id=NLE_0015_0668277274_738ECM_N0030376NCAM03000_10_0LLJ,https://mars.nasa.gov/mars2020/multimedia/raw-images/?id=NLE_0015_0668277274_738ECM_N0030376NCAM03000_10_0LLJ,376,Mars Perseverance Sol 15: Left Navigation Camera (Navcam),3,2021-03-07T06:13:56Z,260.229,-31.2355,668277275.086,1,"(31.2262,8.12755,0.398731)","(1273,1913,1296,976)","(1296,976)",https://mars.nasa.gov/mars2020-raw-images/pub/ods/surface/sol/00015/ids/edr/browse/ncam/NLE_0015_0668277274_738ECM_N0030376NCAM03000_10_0LLJ01_800.jpg,https://mars.nasa.gov/mars2020-raw-images/pub/ods/surface/sol/00015/ids/edr/browse/ncam/NLE_0015_0668277274_738ECM_N0030376NCAM03000_10_0LLJ01_320.jpg,https://mars.nasa.gov/mars2020-raw-images/pub/ods/surface/sol/00015/ids/edr/browse/ncam/NLE_0015_0668277274_738ECM_N0030376NCAM03000_10_0LLJ01.png,https://mars.nasa.gov/mars2020-raw-images/pub/ods/surface/sol/00015/ids/edr/browse/ncam/NLE_0015_0668277274_738ECM_N0030376NCAM03000_10_0LLJ01_1200.jpg,UNK,"(-0.3323907898648011,-0.6984918949804242,0.6337392487922061)","(0.571201,0.454876,-1.90106);(-0.132356,-0.840588,0.52527);(2746.62,-1577.81,687.27);(246.398,1507.58,2533.18);(-0.130939,-0.840749,0.525368);(2e-06,0.049535,-0.015973);(-0.003612,0.013016,-0.023961);2.0;0.0","(0.571201,0.454876,-1.90106)",NAVCAM_LEFT,CAHVORE
15,"(0.971582,0.00963722,0.00390579,0.236476)",NRE_0015_0668277274_738ECM_N0030376NCAM03000_09_0LLJ,"NASA's Mars Perseverance rover acquired this image using its onboard Right Navigation Camera (Navcam). The camera is located high on the rover's mast and aids in driving. 

This image was acquired on Mar. 6, 2021 (Sol 15) at the local mean solar time of 13:55:14.",Full,Sol-00015M13:55:14.309,NASA/JPL-Caltech,2021-03-06T22:38:28.000,https://mars.nasa.gov/rss/api/?feed=raw_images&category=mars2020&feedtype=json&id=NRE_0015_0668277274_738ECM_N0030376NCAM03000_09_0LLJ,https://mars.nasa.gov/mars2020/multimedia/raw-images/?id=NRE_0015_0668277274_738ECM_N0030376NCAM03000_09_0LLJ,376,Mars Perseverance Sol 15: Right Navigation Camera (Navcam),3,2021-03-07T06:13:56Z,260.619,-31.0335,668277275.111,1,"(31.2262,8.12755,0.398731)","(1,1913,1288,976)","(1288,976)",https://mars.nasa.gov/mars2020-raw-images/pub/ods/surface/sol/00015/ids/edr/browse/ncam/NRE_0015_0668277274_738ECM_N0030376NCAM03000_09_0LLJ01_800.jpg,https://mars.nasa.gov/mars2020-raw-images/pub/ods/surface/sol/00015/ids/edr/browse/ncam/NRE_0015_0668277274_738ECM_N0030376NCAM03000_09_0LLJ01_320.jpg,https://mars.nasa.gov/mars2020-raw-images/pub/ods/surface/sol/00015/ids/edr/browse/ncam/NRE_0015_0668277274_738ECM_N0030376NCAM03000_09_0LLJ01.png,https://mars.nasa.gov/mars2020-raw-images/pub/ods/surface/sol/00015/ids/edr/browse/ncam/NRE_0015_0668277274_738ECM_N0030376NCAM03000_09_0LLJ01_1200.jpg,UNK,"(-0.6364337374672209,-0.5472909871347277,0.5435298273458411)","(0.990461,0.389117,-1.90186);(-0.13274,-0.841366,0.523926);(2573.17,-2631.24,1346.64);(240.421,1495.92,2532.74);(-0.133224,-0.8417,0.523267);(0.0,0.05117,-0.018889);(0.001504,0.020873,-0.009439);2.0;0.0","(0.990461,0.389117,-1.90186)",NAVCAM_RIGHT,CAHVORE
15,"(0.971582,0.00963722,0.00390579,0.236476)",NRE_0015_0668277523_911ECM_N0030376NCAM03000_14_0LLJ,"NASA's Mars Perseverance rover acquired this image using its onboard Right Navigation Camera (Navcam). The camera is located high on the rover's mast and aids in driving. 

This image was acquired on Mar. 6, 2021 (Sol 15) at the local mean solar time of 13:59:16.",Full,Sol-00015M13:59:16.817,NASA/JPL-Caltech,2021-03-06T22:38:28.000,https://mars.nasa.gov/rss/api/?feed=raw_images&category=mars2020&feedtype=json&id=NRE_0015_0668277523_911ECM_N0030376NCAM03000_14_0LLJ,https://mars.nasa.gov/mars2020/multimedia/raw-images/?id=NRE_0015_0668277523_911ECM_N0030376NCAM03000_14_0LLJ,376,Mars Perseverance Sol 15: Right Navigation Camera (Navcam),3,2021-03-07T06:13:56Z,333.216,-30.8012,668277525.549,1,"(31.2262,8.12755,0.398731)","(1273,2873,1296,968)","(1296,968)",https://mars.nasa.gov/mars2020-raw-images/pub/ods/surface/sol/00015/ids/edr/browse/ncam/NRE_0015_0668277523_911ECM_N0030376NCAM03000_14_0LLJ01_800.jpg,https://mars.nasa.gov/mars2020-raw-images/pub/ods/surface/sol/00015/ids/edr/browse/ncam/NRE_0015_0668277523_911ECM_N0030376NCAM03000_14_0LLJ01_320.jpg,https://mars.nasa.gov/mars2020-raw-images/pub/ods/surface/sol/00015/ids/edr/browse/ncam/NRE_0015_0668277523_911ECM_N0030376NCAM03000_14_0LLJ01.png,https://mars.nasa.gov/mars2020-raw-images/pub/ods/surface/sol/00015/ids/edr/browse/ncam/NRE_0015_0668277523_911ECM_N0030376NCAM03000_14_0LLJ01_1200.jpg,UNK,"(0.39272592243451193,-0.4140606930515563,0.8211699533699625)","(1.02304,0.685471,-1.90242);(0.765041,-0.37927,0.520464);(2312.17,2148.35,675.745);(-2080.77,1036.32,2039.23);(0.765212,-0.379831,0.519803);(0.0,0.05117,-0.018889);(0.001504,0.020873,-0.009439);2.0;0.0","(1.02304,0.685471,-1.90242)",NAVCAM_RIGHT,CAHVORE
15,"(0.971582,0.00963722,0.00390579,0.236476)",NLE_0015_0668277523_911ECM_N0030376NCAM03000_16_0LLJ,"NASA's Mars Perseverance rover acquired this image using its onboard Left Navigation Camera (Navcam). The camera is located high on the rover's mast and aids in driving. 

This image was acquired on Mar. 6, 2021 (Sol 15) at the local mean solar time of 13:59:16.",Full,Sol-00015M13:59:16.817,NASA/JPL-Caltech,2021-03-06T22:38:25.000,https://mars.nasa.gov/rss/api/?feed=raw_images&category=mars2020&feedtype=json&id=NLE_0015_0668277523_911ECM_N0030376NCAM03000_16_0LLJ,https://mars.nasa.gov/mars2020/multimedia/raw-images/?id=NLE_0015_0668277523_911ECM_N0030376NCAM03000_16_0LLJ,376,Mars Perseverance Sol 15: Left Navigation Camera (Navcam),3,2021-03-07T06:13:56Z,332.827,-31.0032,668277524.341,1,"(31.2262,8.12755,0.398731)","(3833,2873,1288,968)","(1288,968)",https://mars.nasa.gov/mars2020-raw-images/pub/ods/surface/sol/00015/ids/edr/browse/ncam/NLE_0015_0668277523_911ECM_N0030376NCAM03000_16_0LLJ01_800.jpg,https://mars.nasa.gov/mars2020-raw-images/pub/ods/surface/sol/00015/ids/edr/browse/ncam/NLE_0015_0668277523_911ECM_N0030376NCAM03000_16_0LLJ01_320.jpg,https://mars.nasa.gov/mars2020-raw-images/pub/ods/surface/sol/00015/ids/edr/browse/ncam/NLE_0015_0668277523_911ECM_N0030376NCAM03000_16_0LLJ01.png,https://mars.nasa.gov/mars2020-raw-images/pub/ods/surface/sol/00015/ids/edr/browse/ncam/NLE_0015_0668277523_911ECM_N0030376NCAM03000_16_0LLJ01_1200.jpg,UNK,"(0.6454817688172264,0.2366859334479862,0.7261770135665545)","(0.834891,0.305072,-1.90163);(0.764418,-0.378673,0.521811);(372.674,3117.11,-653.091);(-2089.51,1044.94,2038.42);(0.764995,-0.37737,0.521909);(2e-06,0.049535,-0.015973);(-0.003612,0.013016,-0.023961);2.0;0.0","(0.834891,0.305072,-1.90163)",NAVCAM_LEFT,CAHVORE
15,"(0.971582,0.00963722,0.00390579,0.236476)",NRE_0015_0668277523_911ECM_N0030376NCAM03000_09_0LLJ,"NASA's Mars Perseverance rover acquired this image using its onboard Right Navigation Camera (Navcam). The camera is located high on the rover's mast and aids in driving. 

This image was acquired on Mar. 6, 2021 (Sol 15) at the local mean solar time of 13:59:16.",Full,Sol-00015M13:59:16.817,NASA/JPL-Caltech,2021-03-06T22:38:25.000,https://mars.nasa.gov/rss/api/?feed=raw_images&category=mars2020&feedtype=json&id=NRE_0015_0668277523_911ECM_N0030376NCAM03000_09_0LLJ,https://mars.nasa.gov/mars2020/multimedia/raw-images/?id=NRE_0015_0668277523_911ECM_N0030376NCAM03000_09_0LLJ,376,Mars Perseverance Sol 15: Right Navigation Camera (Navcam),3,2021-03-07T06:13:56Z,333.216,-30.8012,668277525.549,1,"(31.2262,8.12755,0.398731)","(1,1913,1288,976)","(1288,976)",https://mars.nasa.gov/mars2020-raw-images/pub/ods/surface/sol/00015/ids/edr/browse/ncam/NRE_0015_0668277523_911ECM_N0030376NCAM03000_09_0LLJ01_800.jpg,https://mars.nasa.gov/mars2020-raw-images/pub/ods/surface/sol/00015/ids/edr/browse/ncam/NRE_0015_0668277523_911ECM_N0030376NCAM03000_09_0LLJ01_320.jpg,https://mars.nasa.gov/mars2020-raw-images/pub/ods/surface/sol/00015/ids/edr/browse/ncam/NRE_0015_0668277523_911ECM_N0030376NCAM03000_09_0LLJ01.png,https://mars.nasa.gov/mars2020-raw-images/pub/ods/surface/sol/00015/ids/edr/browse/ncam/NRE_0015_0668277523_911ECM_N0030376NCAM03000_09_0LLJ01_1200.jpg,UNK,"(0.3338456499266019,-0.7719830322826324,0.5409152243122731)","(1.02304,0.685471,-1.90242);(0.765041,-0.37927,0.520464);(3285.3,1665.92,1337.77);(-1346.33,672.22,2538.87);(0.765212,-0.379831,0.519803);(0.0,0.05117,-0.018889);(0.001504,0.020873,-0.009439);2.0;0.0","(1.02304,0.685471,-1.90242)",NAVCAM_RIGHT,CAHVORE
15,"(0.971582,0.00963722,0.00390579,0.236476)",NRE_0015_0668277274_738ECM_N0030376NCAM03000_11_0LLJ,"NASA's Mars Perseverance rover acquired this image using its onboard Right Navigation Camera (Navcam). The camera is located high on the rover's mast and aids in driving. 

This image was acquired on Mar. 6, 2021 (Sol 15) at the local mean solar time of 13:55:14.",Full,Sol-00015M13:55:14.309,NASA/JPL-Caltech,2021-03-06T22:38:24.000,https://mars.nasa.gov/rss/api/?feed=raw_images&category=mars2020&feedtype=json&id=NRE_0015_0668277274_738ECM_N0030376NCAM03000_11_0LLJ,https://mars.nasa.gov/mars2020/multimedia/raw-images/?id=NRE_0015_0668277274_738ECM_N0030376NCAM03000_11_0LLJ,376,Mars Perseverance Sol 15: Right Navigation Camera (Navcam),3,2021-03-07T06:13:56Z,260.619,-31.0335,668277275.111,1,"(31.2262,8.12755,0.398731)","(2553,1913,1296,976)","(1296,976)",https://mars.nasa.gov/mars2020-raw-images/pub/ods/surface/sol/00015/ids/edr/browse/ncam/NRE_0015_0668277274_738ECM_N0030376NCAM03000_11_0LLJ01_800.jpg,https://mars.nasa.gov/mars2020-raw-images/pub/ods/surface/sol/00015/ids/edr/browse/ncam/NRE_0015_0668277274_738ECM_N0030376NCAM03000_11_0LLJ01_320.jpg,https://mars.nasa.gov/mars2020-raw-images/pub/ods/surface/sol/00015/ids/edr/browse/ncam/NRE_0015_0668277274_738ECM_N0030376NCAM03000_11_0LLJ01.png,https://mars.nasa.gov/mars2020-raw-images/pub/ods/surface/sol/00015/ids/edr/browse/ncam/NRE_0015_0668277274_738ECM_N0030376NCAM03000_11_0LLJ01_1200.jpg,UNK,"(0.08533818624082595,-0.7695399110521198,0.6328710131353953)","(0.990461,0.389117,-1.90186);(-0.13274,-0.841366,0.523926);(2911.92,-484.079,9.58002);(240.421,1495.92,2532.74);(-0.133224,-0.8417,0.523267);(0.0,0.05117,-0.018889);(0.001504,0.020873,-0.009439);2.0;0.0","(0.990461,0.389117,-1.90186)",NAVCAM_RIGHT,CAHVORE
15,"(0.971582,0.00963722,0.00390579,0.236476)",NRE_0015_0668277523_911ECM_N0030376NCAM03000_10_0LLJ,"NASA's Mars Perseverance rover acquired this image using its onboard Right Navigation Camera (Navcam). The camera is located high on the rover's mast and aids in driving. 

This image was acquired on Mar. 6, 2021 (Sol 15) at the local mean solar time of 13:59:16.",Full,Sol-00015M13:59:16.817,NASA/JPL-Caltech,2021-03-06T22:38:24.000,https://mars.nasa.gov/rss/api/?feed=raw_images&category=mars2020&feedtype=json&id=NRE_0015_0668277523_911ECM_N0030376NCAM03000_10_0LLJ,https://mars.nasa.gov/mars2020/multimedia/raw-images/?id=NRE_0015_0668277523_911ECM_N0030376NCAM03000_10_0LLJ,376,Mars Perseverance Sol 15: Right Navigation Camera (Navcam),3,2021-03-07T06:13:56Z,333.216,-30.8012,668277525.549,1,"(31.2262,8.12755,0.398731)","(1273,1913,1296,976)","(1296,976)",https://mars.nasa.gov/mars2020-raw-images/pub/ods/surface/sol/00015/ids/edr/browse/ncam/NRE_0015_0668277523_911ECM_N0030376NCAM03000_10_0LLJ01_800.jpg,https://mars.nasa.gov/mars2020-raw-images/pub/ods/surface/sol/00015/ids/edr/browse/ncam/NRE_0015_0668277523_911ECM_N0030376NCAM03000_10_0LLJ01_320.jpg,https://mars.nasa.gov/mars2020-raw-images/pub/ods/surface/sol/00015/ids/edr/browse/ncam/NRE_0015_0668277523_911ECM_N0030376NCAM03000_10_0LLJ01.png,https://mars.nasa.gov/mars2020-raw-images/pub/ods/surface/sol/00015/ids/edr/browse/ncam/NRE_0015_0668277523_911ECM_N0030376NCAM03000_10_0LLJ01_1200.jpg,UNK,"(0.5740554991905261,-0.524441917286948,0.6288250625106364)","(1.02304,0.685471,-1.90242);(0.765041,-0.37927,0.520464);(2312.17,2148.35,675.745);(-1346.33,672.22,2538.87);(0.765212,-0.379831,0.519803);(0.0,0.05117,-0.018889);(0.001504,0.020873,-0.009439);2.0;0.0","(1.02304,0.685471,-1.90242)",NAVCAM_RIGHT,CAHVORE
15,"(0.971582,0.00963722,0.00390579,0.236476)",NLE_0015_0668277274_738ECM_N0030376NCAM03000_09_0LLJ,"NASA's Mars Perseverance rover acquired this image using its onboard Left Navigation Camera (Navcam). The camera is located high on the rover's mast and aids in driving. 

This image was acquired on Mar. 6, 2021 (Sol 15) at the local mean solar time of 13:55:14.",Full,Sol-00015M13:55:14.309,NASA/JPL-Caltech,2021-03-06T22:38:21.000,https://mars.nasa.gov/rss/api/?feed=raw_images&category=mars2020&feedtype=json&id=NLE_0015_0668277274_738ECM_N0030376NCAM03000_09_0LLJ,https://mars.nasa.gov/mars2020/multimedia/raw-images/?id=NLE_0015_0668277274_738ECM_N0030376NCAM03000_09_0LLJ,376,Mars Perseverance Sol 15: Left Navigation Camera (Navcam),3,2021-03-07T06:13:56Z,260.229,-31.2355,668277275.086,1,"(31.2262,8.12755,0.398731)","(1,1913,1288,976)","(1288,976)",https://mars.nasa.gov/mars2020-raw-images/pub/ods/surface/sol/00015/ids/edr/browse/ncam/NLE_0015_0668277274_738ECM_N0030376NCAM03000_09_0LLJ01_800.jpg,https://mars.nasa.gov/mars2020-raw-images/pub/ods/surface/sol/00015/ids/edr/browse/ncam/NLE_0015_0668277274_738ECM_N0030376NCAM03000_09_0LLJ01_320.jpg,https://mars.nasa.gov/mars2020-raw-images/pub/ods/surface/sol/00015/ids/edr/browse/ncam/NLE_0015_0668277274_738ECM_N0030376NCAM03000_09_0LLJ01.png,https://mars.nasa.gov/mars2020-raw-images/pub/ods/surface/sol/00015/ids/edr/browse/ncam/NLE_0015_0668277274_738ECM_N0030376NCAM03000_09_0LLJ01_1200.jpg,UNK,"(-0.6380661849173108,-0.543758595493377,0.5451588149265663)","(0.571201,0.454876,-1.90106);(-0.132356,-0.840588,0.52527);(2578.27,-2647.04,1355.41);(246.398,1507.58,2533.18);(-0.130939,-0.840749,0.525368);(2e-06,0.049535,-0.015973);(-0.003612,0.013016,-0.023961);2.0;0.0","(0.571201,0.454876,-1.90106)",NAVCAM_LEFT,CAHVORE
15,"(0.971582,0.00963722,0.00390579,0.236476)",NRE_0015_0668277274_738ECM_N0030376NCAM03000_14_0LLJ,"NASA's Mars Perseverance rover acquired this image using its onboard Right Navigation Camera (Navcam). The camera is located high on the rover's mast and aids in driving. 

This image was acquired on Mar. 6, 2021 (Sol 15) at the local mean solar time of 13:55:14.",Full,Sol-00015M13:55:14.309,NASA/JPL-Caltech,2021-03-06T22:38:21.000,https://mars.nasa.gov/rss/api/?feed=raw_images&category=mars2020&feedtype=json&id=NRE_0015_0668277274_738ECM_N0030376NCAM03000_14_0LLJ,https://mars.nasa.gov/mars2020/multimedia/raw-images/?id=NRE_0015_0668277274_738ECM_N0030376NCAM03000_14_0LLJ,376,Mars Perseverance Sol 15: Right Navigation Camera (Navcam),3,2021-03-07T06:13:56Z,260.619,-31.0335,668277275.111,1,"(31.2262,8.12755,0.398731)","(1273,2873,1296,968)","(1296,968)",https://mars.nasa.gov/mars2020-raw-images/pub/ods/surface/sol/00015/ids/edr/browse/ncam/NRE_0015_0668277274_738ECM_N0030376NCAM03000_14_0LLJ01_800.jpg,https://mars.nasa.gov/mars2020-raw-images/pub/ods/surface/sol/00015/ids/edr/browse/ncam/NRE_0015_0668277274_738ECM_N0030376NCAM03000_14_0LLJ01_320.jpg,https://mars.nasa.gov/mars2020-raw-images/pub/ods/surface/sol/00015/ids/edr/browse/ncam/NRE_0015_0668277274_738ECM_N0030376NCAM03000_14_0LLJ01.png,https://mars.nasa.gov/mars2020-raw-images/pub/ods/surface/sol/00015/ids/edr/browse/ncam/NRE_0015_0668277274_738ECM_N0030376NCAM03000_14_0LLJ01_1200.jpg,UNK,"(-0.2771008514996695,-0.4952982515359199,0.8233436464342327)","(0.990461,0.389117,-1.90186);(-0.13274,-0.841366,0.523926);(2742.02,-1561.03,680.206);(367.852,2303.63,2029.77);(-0.133224,-0.8417,0.523267);(0.0,0.05117,-0.018889);(0.001504,0.020873,-0.009439);2.0;0.0","(0.990461,0.389117,-1.90186)",NAVCAM_RIGHT,CAHVORE
15,"(0.971582,0.00963722,0.00390579,0.236476)",NLE_0015_0668277523_911ECM_N0030376NCAM03000_12_0LLJ,"NASA's Mars Perseverance rover acquired this image using its onboard Left Navigation Camera (Navcam). The camera is located high on the rover's mast and aids in driving. 

This image was acquired on Mar. 6, 2021 (Sol 15) at the local mean solar time of 13:59:16.",Full,Sol-00015M13:59:16.817,NASA/JPL-Caltech,2021-03-06T22:38:20.000,https://mars.nasa.gov/rss/api/?feed=raw_images&category=mars2020&feedtype=json&id=NLE_0015_0668277523_911ECM_N0030376NCAM03000_12_0LLJ,https://mars.nasa.gov/mars2020/multimedia/raw-images/?id=NLE_0015_0668277523_911ECM_N0030376NCAM03000_12_0LLJ,376,Mars Perseverance Sol 15: Left Navigation Camera (Navcam),3,2021-03-07T06:13:56Z,332.827,-31.0032,668277524.341,1,"(31.2262,8.12755,0.398731)","(3833,1913,1288,976)","(1288,976)",https://mars.nasa.gov/mars2020-raw-images/pub/ods/surface/sol/00015/ids/edr/browse/ncam/NLE_0015_0668277523_911ECM_N0030376NCAM03000_12_0LLJ01_800.jpg,https://mars.nasa.gov/mars2020-raw-images/pub/ods/surface/sol/00015/ids/edr/browse/ncam/NLE_0015_0668277523_911ECM_N0030376NCAM03000_12_0LLJ01_320.jpg,https://mars.nasa.gov/mars2020-raw-images/pub/ods/surface/sol/00015/ids/edr/browse/ncam/NLE_0015_0668277523_911ECM_N0030376NCAM03000_12_0LLJ01.png,https://mars.nasa.gov/mars2020-raw-images/pub/ods/surface/sol/00015/ids/edr/browse/ncam/NLE_0015_0668277523_911ECM_N0030376NCAM03000_12_0LLJ01_1200.jpg,UNK,"(0.8162398025536004,0.1896478137850324,0.5456979855687734)","(0.834891,0.305072,-1.90163);(0.764418,-0.378673,0.521811);(372.674,3117.11,-653.091);(-1355.67,681.411,2539.36);(0.764995,-0.37737,0.521909);(2e-06,0.049535,-0.015973);(-0.003612,0.013016,-0.023961);2.0;0.0","(0.834891,0.305072,-1.90163)",NAVCAM_LEFT,CAHVORE
15,"(0.971582,0.00963722,0.00390579,0.236476)",NLE_0015_0668277523_911ECM_N0030376NCAM03000_04_0LLJ,"NASA's Mars Perseverance rover acquired this image using its onboard Left Navigation Camera (Navcam). The camera is located high on the rover's mast and aids in driving. 

This image was acquired on Mar. 6, 2021 (Sol 15) at the local mean solar time of 13:59:16.",Full,Sol-00015M13:59:16.817,NASA/JPL-Caltech,2021-03-06T22:38:15.000,https://mars.nasa.gov/rss/api/?feed=raw_images&category=mars2020&feedtype=json&id=NLE_0015_0668277523_911ECM_N0030376NCAM03000_04_0LLJ,https://mars.nasa.gov/mars2020/multimedia/raw-images/?id=NLE_0015_0668277523_911ECM_N0030376NCAM03000_04_0LLJ,376,Mars Perseverance Sol 15: Left Navigation Camera (Navcam),3,2021-03-07T06:13:56Z,332.827,-31.0032,668277524.341,1,"(31.2262,8.12755,0.398731)","(3833,1,1288,968)","(1288,968)",https://mars.nasa.gov/mars2020-raw-images/pub/ods/surface/sol/00015/ids/edr/browse/ncam/NLE_0015_0668277523_911ECM_N0030376NCAM03000_04_0LLJ01_800.jpg,https://mars.nasa.gov/mars2020-raw-images/pub/ods/surface/sol/00015/ids/edr/browse/ncam/NLE_0015_0668277523_911ECM_N0030376NCAM03000_04_0LLJ01_320.jpg,https://mars.nasa.gov/mars2020-raw-images/pub/ods/surface/sol/00015/ids/edr/browse/ncam/NLE_0015_0668277523_911ECM_N0030376NCAM03000_04_0LLJ01.png,https://mars.nasa.gov/mars2020-raw-images/pub/ods/surface/sol/00015/ids/edr/browse/ncam/NLE_0015_0668277523_911ECM_N0030376NCAM03000_04_0LLJ01_1200.jpg,UNK,"(0.9952876833974978,0.05823751066149922,0.07752947587333424)","(0.834891,0.305072,-1.90163);(0.764418,-0.378673,0.521811);(372.674,3117.11,-653.091);(105.896,-42.6117,3537.06);(0.764995,-0.37737,0.521909);(2e-06,0.049535,-0.015973);(-0.003612,0.013016,-0.023961);2.0;0.0","(0.834891,0.305072,-1.90163)",NAVCAM_LEFT,CAHVORE
15,"(0.971582,0.00963722,0.00390579,0.236476)",NLE_0015_0668277523_911ECM_N0030376NCAM03000_08_0LLJ,"NASA's Mars Perseverance rover acquired this image using its onboard Left Navigation Camera (Navcam). The camera is located high on the rover's mast and aids in driving. 

This image was acquired on Mar. 6, 2021 (Sol 15) at the local mean solar time of 13:59:16.",Full,Sol-00015M13:59:16.817,NASA/JPL-Caltech,2021-03-06T22:38:15.000,https://mars.nasa.gov/rss/api/?feed=raw_images&category=mars2020&feedtype=json&id=NLE_0015_0668277523_911ECM_N0030376NCAM03000_08_0LLJ,https://mars.nasa.gov/mars2020/multimedia/raw-images/?id=NLE_0015_0668277523_911ECM_N0030376NCAM03000_08_0LLJ,376,Mars Perseverance Sol 15: Left Navigation Camera (Navcam),3,2021-03-07T06:13:56Z,332.827,-31.0032,668277524.341,1,"(31.2262,8.12755,0.398731)","(3833,953,1288,976)","(1288,976)",https://mars.nasa.gov/mars2020-raw-images/pub/ods/surface/sol/00015/ids/edr/browse/ncam/NLE_0015_0668277523_911ECM_N0030376NCAM03000_08_0LLJ01_800.jpg,https://mars.nasa.gov/mars2020-raw-images/pub/ods/surface/sol/00015/ids/edr/browse/ncam/NLE_0015_0668277523_911ECM_N0030376NCAM03000_08_0LLJ01_320.jpg,https://mars.nasa.gov/mars2020-raw-images/pub/ods/surface/sol/00015/ids/edr/browse/ncam/NLE_0015_0668277523_911ECM_N0030376NCAM03000_08_0LLJ01.png,https://mars.nasa.gov/mars2020-raw-images/pub/ods/surface/sol/00015/ids/edr/browse/ncam/NLE_0015_0668277523_911ECM_N0030376NCAM03000_08_0LLJ01_1200.jpg,UNK,"(0.9412382217010383,0.12574881146275932,0.3134610764110437)","(0.834891,0.305072,-1.90163);(0.764418,-0.378673,0.521811);(372.674,3117.11,-653.091);(-621.83,317.885,3040.3);(0.764995,-0.37737,0.521909);(2e-06,0.049535,-0.015973);(-0.003612,0.013016,-0.023961);2.0;0.0","(0.834891,0.305072,-1.90163)",NAVCAM_LEFT,CAHVORE
15,"(0.971582,0.00963722,0.00390579,0.236476)",NLE_0015_0668277523_911ECM_N0030376NCAM03000_09_0LLJ,"NASA's Mars Perseverance rover acquired this image using its onboard Left Navigation Camera (Navcam). The camera is located high on the rover's mast and aids in driving. 

This image was acquired on Mar. 6, 2021 (Sol 15) at the local mean solar time of 13:59:16.",Full,Sol-00015M13:59:16.817,NASA/JPL-Caltech,2021-03-06T22:38:15.000,https://mars.nasa.gov/rss/api/?feed=raw_images&category=mars2020&feedtype=json&id=NLE_0015_0668277523_911ECM_N0030376NCAM03000_09_0LLJ,https://mars.nasa.gov/mars2020/multimedia/raw-images/?id=NLE_0015_0668277523_911ECM_N0030376NCAM03000_09_0LLJ,376,Mars Perseverance Sol 15: Left Navigation Camera (Navcam),3,2021-03-07T06:13:56Z,332.827,-31.0032,668277524.341,1,"(31.2262,8.12755,0.398731)","(1,1913,1288,976)","(1288,976)",https://mars.nasa.gov/mars2020-raw-images/pub/ods/surface/sol/00015/ids/edr/browse/ncam/NLE_0015_0668277523_911ECM_N0030376NCAM03000_09_0LLJ01_800.jpg,https://mars.nasa.gov/mars2020-raw-images/pub/ods/surface/sol/00015/ids/edr/browse/ncam/NLE_0015_0668277523_911ECM_N0030376NCAM03000_09_0LLJ01_320.jpg,https://mars.nasa.gov/mars2020-raw-images/pub/ods/surface/sol/00015/ids/edr/browse/ncam/NLE_0015_0668277523_911ECM_N0030376NCAM03000_09_0LLJ01.png,https://mars.nasa.gov/mars2020-raw-images/pub/ods/surface/sol/00015/ids/edr/browse/ncam/NLE_0015_0668277523_911ECM_N0030376NCAM03000_09_0LLJ01_1200.jpg,UNK,"(0.32999127328447764,-0.7724877675413218,0.5425572859662969)","(0.834891,0.305072,-1.90163);(0.764418,-0.378673,0.521811);(3301.92,1666.04,1346.49);(-1355.67,681.411,2539.36);(0.764995,-0.37737,0.521909);(2e-06,0.049535,-0.015973);(-0.003612,0.013016,-0.023961);2.0;0.0","(0.834891,0.305072,-1.90163)",NAVCAM_LEFT,CAHVORE
15,"(0.971582,0.00963722,0.00390579,0.236476)",NLE_0015_0668277274_738ECM_N0030376NCAM03000_16_0LLJ,"NASA's Mars Perseverance rover acquired this image using its onboard Left Navigation Camera (Navcam). The camera is located high on the rover's mast and aids in driving. 

This image was acquired on Mar. 6, 2021 (Sol 15) at the local mean solar time of 13:55:14.",Full,Sol-00015M13:55:14.309,NASA/JPL-Caltech,2021-03-06T22:38:14.000,https://mars.nasa.gov/rss/api/?feed=raw_images&category=mars2020&feedtype=json&id=NLE_0015_0668277274_738ECM_N0030376NCAM03000_16_0LLJ,https://mars.nasa.gov/mars2020/multimedia/raw-images/?id=NLE_0015_0668277274_738ECM_N0030376NCAM03000_16_0LLJ,376,Mars Perseverance Sol 15: Left Navigation Camera (Navcam),3,2021-03-07T06:13:56Z,260.229,-31.2355,668277275.086,1,"(31.2262,8.12755,0.398731)","(3833,2873,1288,968)","(1288,968)",https://mars.nasa.gov/mars2020-raw-images/pub/ods/surface/sol/00015/ids/edr/browse/ncam/NLE_0015_0668277274_738ECM_N0030376NCAM03000_16_0LLJ01_800.jpg,https://mars.nasa.gov/mars2020-raw-images/pub/ods/surface/sol/00015/ids/edr/browse/ncam/NLE_0015_0668277274_738ECM_N0030376NCAM03000_16_0LLJ01_320.jpg,https://mars.nasa.gov/mars2020-raw-images/pub/ods/surface/sol/00015/ids/edr/browse/ncam/NLE_0015_0668277274_738ECM_N0030376NCAM03000_16_0LLJ01.png,https://mars.nasa.gov/mars2020-raw-images/pub/ods/surface/sol/00015/ids/edr/browse/ncam/NLE_0015_0668277274_738ECM_N0030376NCAM03000_16_0LLJ01_1200.jpg,UNK,"(0.419392572738619,-0.5422254230292968,0.7280806689868797)","(0.571201,0.454876,-1.90106);(-0.132356,-0.840588,0.52527);(3085.45,574.095,-657.421);(373.459,2314.55,2028.92);(-0.130939,-0.840749,0.525368);(2e-06,0.049535,-0.015973);(-0.003612,0.013016,-0.023961);2.0;0.0","(0.571201,0.454876,-1.90106)",NAVCAM_LEFT,CAHVORE
15,"(0.971582,0.00963722,0.00390579,0.236476)",NRE_0015_0668277523_911ECM_N0030376NCAM03000_07_0LLJ,"NASA's Mars Perseverance rover acquired this image using its onboard Right Navigation Camera (Navcam). The camera is located high on the rover's mast and aids in driving. 

This image was acquired on Mar. 6, 2021 (Sol 15) at the local mean solar time of 13:59:16.",Full,Sol-00015M13:59:16.817,NASA/JPL-Caltech,2021-03-06T22:38:14.000,https://mars.nasa.gov/rss/api/?feed=raw_images&category=mars2020&feedtype=json&id=NRE_0015_0668277523_911ECM_N0030376NCAM03000_07_0LLJ,https://mars.nasa.gov/mars2020/multimedia/raw-images/?id=NRE_0015_0668277523_911ECM_N0030376NCAM03000_07_0LLJ,376,Mars Perseverance Sol 15: Right Navigation Camera (Navcam),3,2021-03-07T06:13:56Z,333.216,-30.8012,668277525.549,1,"(31.2262,8.12755,0.398731)","(2553,953,1296,976)","(1296,976)",https://mars.nasa.gov/mars2020-raw-images/pub/ods/surface/sol/00015/ids/edr/browse/ncam/NRE_0015_0668277523_911ECM_N0030376NCAM03000_07_0LLJ01_800.jpg,https://mars.nasa.gov/mars2020-raw-images/pub/ods/surface/sol/00015/ids/edr/browse/ncam/NRE_0015_0668277523_911ECM_N0030376NCAM03000_07_0LLJ01_320.jpg,https://mars.nasa.gov/mars2020-raw-images/pub/ods/surface/sol/00015/ids/edr/browse/ncam/NRE_0015_0668277523_911ECM_N0030376NCAM03000_07_0LLJ01.png,https://mars.nasa.gov/mars2020-raw-images/pub/ods/surface/sol/00015/ids/edr/browse/ncam/NRE_0015_0668277523_911ECM_N0030376NCAM03000_07_0LLJ01_1200.jpg,UNK,"(0.9060530852661471,-0.22244420544253063,0.35998108581526517)","(1.02304,0.685471,-1.90242);(0.765041,-0.37927,0.520464);(1332.91,2633.81,9.55095);(-611.888,308.121,3038.52);(0.765212,-0.379831,0.519803);(0.0,0.05117,-0.018889);(0.001504,0.020873,-0.009439);2.0;0.0","(1.02304,0.685471,-1.90242)",NAVCAM_RIGHT,CAHVORE
15,"(0.971582,0.00963722,0.00390579,0.236476)",NRE_0015_0668277523_911ECM_N0030376NCAM03000_04_0LLJ,"NASA's Mars Perseverance rover acquired this image using its onboard Right Navigation Camera (Navcam). The camera is located high on the rover's mast and aids in driving. 

This image was acquired on Mar. 6, 2021 (Sol 15) at the local mean solar time of 13:59:16.",Full,Sol-00015M13:59:16.817,NASA/JPL-Caltech,2021-03-06T22:38:13.000,https://mars.nasa.gov/rss/api/?feed=raw_images&category=mars2020&feedtype=json&id=NRE_0015_0668277523_911ECM_N0030376NCAM03000_04_0LLJ,https://mars.nasa.gov/mars2020/multimedia/raw-images/?id=NRE_0015_0668277523_911ECM_N0030376NCAM03000_04_0LLJ,376,Mars Perseverance Sol 15: Right Navigation Camera (Navcam),3,2021-03-07T06:13:56Z,333.216,-30.8012,668277525.549,1,"(31.2262,8.12755,0.398731)","(3833,1,1288,968)","(1288,968)",https://mars.nasa.gov/mars2020-raw-images/pub/ods/surface/sol/00015/ids/edr/browse/ncam/NRE_0015_0668277523_911ECM_N0030376NCAM03000_04_0LLJ01_800.jpg,https://mars.nasa.gov/mars2020-raw-images/pub/ods/surface/sol/00015/ids/edr/browse/ncam/NRE_0015_0668277523_911ECM_N0030376NCAM03000_04_0LLJ01_320.jpg,https://mars.nasa.gov/mars2020-raw-images/pub/ods/surface/sol/00015/ids/edr/browse/ncam/NRE_0015_0668277523_911ECM_N0030376NCAM03000_04_0LLJ01.png,https://mars.nasa.gov/mars2020-raw-images/pub/ods/surface/sol/00015/ids/edr/browse/ncam/NRE_0015_0668277523_911ECM_N0030376NCAM03000_04_0LLJ01_1200.jpg,UNK,"(0.9952258263381386,0.06309302641523704,0.074463579066113)","(1.02304,0.685471,-1.90242);(0.765041,-0.37927,0.520464);(353.662,3119.28,-656.643);(116.43,-52.9445,3534.0);(0.765212,-0.379831,0.519803);(0.0,0.05117,-0.018889);(0.001504,0.020873,-0.009439);2.0;0.0","(1.02304,0.685471,-1.90242)",NAVCAM_RIGHT,CAHVORE
15,"(0.971582,0.00963722,0.00390579,0.236476)",NRE_0015_0668277523_911ECM_N0030376NCAM03000_06_0LLJ,"NASA's Mars Perseverance rover acquired this image using its onboard Right Navigation Camera (Navcam). The camera is located high on the rover's mast and aids in driving. 

This image was acquired on Mar. 6, 2021 (Sol 15) at the local mean solar time of 13:59:16.",Full,Sol-00015M13:59:16.817,NASA/JPL-Caltech,2021-03-06T22:38:13.000,https://mars.nasa.gov/rss/api/?feed=raw_images&category=mars2020&feedtype=json&id=NRE_0015_0668277523_911ECM_N0030376NCAM03000_06_0LLJ,https://mars.nasa.gov/mars2020/multimedia/raw-images/?id=NRE_0015_0668277523_911ECM_N0030376NCAM03000_06_0LLJ,376,Mars Perseverance Sol 15: Right Navigation Camera (Navcam),3,2021-03-07T06:13:56Z,333.216,-30.8012,668277525.549,1,"(31.2262,8.12755,0.398731)","(1273,953,1296,976)","(1296,976)",https://mars.nasa.gov/mars2020-raw-images/pub/ods/surface/sol/00015/ids/edr/browse/ncam/NRE_0015_0668277523_911ECM_N0030376NCAM03000_06_0LLJ01_800.jpg,https://mars.nasa.gov/mars2020-raw-images/pub/ods/surface/sol/00015/ids/edr/browse/ncam/NRE_0015_0668277523_911ECM_N0030376NCAM03000_06_0LLJ01_320.jpg,https://mars.nasa.gov/mars2020-raw-images/pub/ods/surface/sol/00015/ids/edr/browse/ncam/NRE_0015_0668277523_911ECM_N0030376NCAM03000_06_0LLJ01.png,https://mars.nasa.gov/mars2020-raw-images/pub/ods/surface/sol/00015/ids/edr/browse/ncam/NRE_0015_0668277523_911ECM_N0030376NCAM03000_06_0LLJ01_1200.jpg,UNK,"(0.7181777033952126,-0.5957277157738161,0.359623796494183)","(1.02304,0.685471,-1.90242);(0.765041,-0.37927,0.520464);(2312.17,2148.35,675.745);(-611.888,308.121,3038.52);(0.765212,-0.379831,0.519803);(0.0,0.05117,-0.018889);(0.001504,0.020873,-0.009439);2.0;0.0","(1.02304,0.685471,-1.90242)",NAVCAM_RIGHT,CAHVORE
15,"(0.971582,0.00963722,0.00390579,0.236476)",NLE_0015_0668277523_911ECM_N0030376NCAM03000_05_0LLJ,"NASA's Mars Perseverance rover acquired this image using its onboard Left Navigation Camera (Navcam). The camera is located high on the rover's mast and aids in driving. 

This image was acquired on Mar. 6, 2021 (Sol 15) at the local mean solar time of 13:59:16.",Full,Sol-00015M13:59:16.817,NASA/JPL-Caltech,2021-03-06T22:38:12.000,https://mars.nasa.gov/rss/api/?feed=raw_images&category=mars2020&feedtype=json&id=NLE_0015_0668277523_911ECM_N0030376NCAM03000_05_0LLJ,https://mars.nasa.gov/mars2020/multimedia/raw-images/?id=NLE_0015_0668277523_911ECM_N0030376NCAM03000_05_0LLJ,376,Mars Perseverance Sol 15: Left Navigation Camera (Navcam),3,2021-03-07T06:13:56Z,332.827,-31.0032,668277524.341,1,"(31.2262,8.12755,0.398731)","(1,953,1288,976)","(1288,976)",https://mars.nasa.gov/mars2020-raw-images/pub/ods/surface/sol/00015/ids/edr/browse/ncam/NLE_0015_0668277523_911ECM_N0030376NCAM03000_05_0LLJ01_800.jpg,https://mars.nasa.gov/mars2020-raw-images/pub/ods/surface/sol/00015/ids/edr/browse/ncam/NLE_0015_0668277523_911ECM_N0030376NCAM03000_05_0LLJ01_320.jpg,https://mars.nasa.gov/mars2020-raw-images/pub/ods/surface/sol/00015/ids/edr/browse/ncam/NLE_0015_0668277523_911ECM_N0030376NCAM03000_05_0LLJ01.png,https://mars.nasa.gov/mars2020-raw-images/pub/ods/surface/sol/00015/ids/edr/browse/ncam/NLE_0015_0668277523_911ECM_N0030376NCAM03000_05_0LLJ01_1200.jpg,UNK,"(0.4544572346560543,-0.8340381489026912,0.31280822886194076)","(0.834891,0.305072,-1.90163);(0.764418,-0.378673,0.521811);(3301.92,1666.04,1346.49);(-621.83,317.885,3040.3);(0.764995,-0.37737,0.521909);(2e-06,0.049535,-0.015973);(-0.003612,0.013016,-0.023961);2.0;0.0","(0.834891,0.305072,-1.90163)",NAVCAM_LEFT,CAHVORE
15,"(0.7156,0.0208675,-0.000370714,0.698199)",NRE_0015_0668288016_786ECM_N0030386NCAM02001_17_0LLJ,"NASA's Mars Perseverance rover acquired this image using its onboard Right Navigation Camera (Navcam). The camera is located high on the rover's mast and aids in driving. 

This image was acquired on Mar. 6, 2021 (Sol 15) at the local mean solar time of 16:49:29.",Full,Sol-00015M16:49:29.038,NASA/JPL-Caltech,2021-03-06T22:38:12.000,https://mars.nasa.gov/rss/api/?feed=raw_images&category=mars2020&feedtype=json&id=NRE_0015_0668288016_786ECM_N0030386NCAM02001_17_0LLJ,https://mars.nasa.gov/mars2020/multimedia/raw-images/?id=NRE_0015_0668288016_786ECM_N0030386NCAM02001_17_0LLJ,386,Mars Perseverance Sol 15: Right Navigation Camera (Navcam),3,2021-03-07T06:13:56Z,126.051,-29.3567,668288017.733,1,"(31.2262,8.12755,0.398731)","(1273,2873,1296,968)","(1296,968)",https://mars.nasa.gov/mars2020-raw-images/pub/ods/surface/sol/00015/ids/edr/browse/ncam/NRE_0015_0668288016_786ECM_N0030386NCAM02001_17_0LLJ01_800.jpg,https://mars.nasa.gov/mars2020-raw-images/pub/ods/surface/sol/00015/ids/edr/browse/ncam/NRE_0015_0668288016_786ECM_N0030386NCAM02001_17_0LLJ01_320.jpg,https://mars.nasa.gov/mars2020-raw-images/pub/ods/surface/sol/00015/ids/edr/browse/ncam/NRE_0015_0668288016_786ECM_N0030386NCAM02001_17_0LLJ01.png,https://mars.nasa.gov/mars2020-raw-images/pub/ods/surface/sol/00015/ids/edr/browse/ncam/NRE_0015_0668288016_786ECM_N0030386NCAM02001_17_0LLJ01_1200.jpg,UNK,"(-0.1733106133361631,0.5633094124324504,0.8078650488602973)","(0.553144,0.547528,-1.90644);(-0.515082,0.697097,0.498761);(-3050.35,-838.794,640.263);(1340.38,-1834.98,2097.19);(-0.514967,0.697661,0.498091);(0.0,0.05117,-0.018889);(0.001504,0.020873,-0.009439);2.0;0.0","(0.553144,0.547528,-1.90644)",NAVCAM_RIGHT,CAHVORE
15,"(0.971582,0.00963722,0.00390579,0.236476)",NLE_0015_0668277274_738ECM_N0030376NCAM03000_14_0LLJ,"NASA's Mars Perseverance rover acquired this image using its onboard Left Navigation Camera (Navcam). The camera is located high on the rover's mast and aids in driving. 

This image was acquired on Mar. 6, 2021 (Sol 15) at the local mean solar time of 13:55:14.",Full,Sol-00015M13:55:14.309,NASA/JPL-Caltech,2021-03-06T22:38:10.000,https://mars.nasa.gov/rss/api/?feed=raw_images&category=mars2020&feedtype=json&id=NLE_0015_0668277274_738ECM_N0030376NCAM03000_14_0LLJ,https://mars.nasa.gov/mars2020/multimedia/raw-images/?id=NLE_0015_0668277274_738ECM_N0030376NCAM03000_14_0LLJ,376,Mars Perseverance Sol 15: Left Navigation Camera (Navcam),3,2021-03-07T06:13:56Z,260.229,-31.2355,668277275.086,1,"(31.2262,8.12755,0.398731)","(1273,2873,1296,968)","(1296,968)",https://mars.nasa.gov/mars2020-raw-images/pub/ods/surface/sol/00015/ids/edr/browse/ncam/NLE_0015_0668277274_738ECM_N0030376NCAM03000_14_0LLJ01_800.jpg,https://mars.nasa.gov/mars2020-raw-images/pub/ods/surface/sol/00015/ids/edr/browse/ncam/NLE_0015_0668277274_738ECM_N0030376NCAM03000_14_0LLJ01_320.jpg,https://mars.nasa.gov/mars2020-raw-images/pub/ods/surface/sol/00015/ids/edr/browse/ncam/NLE_0015_0668277274_738ECM_N0030376NCAM03000_14_0LLJ01.png,https://mars.nasa.gov/mars2020-raw-images/pub/ods/surface/sol/00015/ids/edr/browse/ncam/NLE_0015_0668277274_738ECM_N0030376NCAM03000_14_0LLJ01_1200.jpg,UNK,"(-0.2804757292911488,-0.4922698076935918,0.8240168697981325)","(0.571201,0.454876,-1.90106);(-0.132356,-0.840588,0.52527);(2746.62,-1577.81,687.27);(373.459,2314.55,2028.92);(-0.130939,-0.840749,0.525368);(2e-06,0.049535,-0.015973);(-0.003612,0.013016,-0.023961);2.0;0.0","(0.571201,0.454876,-1.90106)",NAVCAM_LEFT,CAHVORE
15,"(0.971582,0.00963722,0.00390579,0.236476)",NRE_0015_0668277274_738ECM_N0030376NCAM03000_12_0LLJ,"NASA's Mars Perseverance rover acquired this image using its onboard Right Navigation Camera (Navcam). The camera is located high on the rover's mast and aids in driving. 

This image was acquired on Mar. 6, 2021 (Sol 15) at the local mean solar time of 13:55:14.",Full,Sol-00015M13:55:14.309,NASA/JPL-Caltech,2021-03-06T22:38:10.000,https://mars.nasa.gov/rss/api/?feed=raw_images&category=mars2020&feedtype=json&id=NRE_0015_0668277274_738ECM_N0030376NCAM03000_12_0LLJ,https://mars.nasa.gov/mars2020/multimedia/raw-images/?id=NRE_0015_0668277274_738ECM_N0030376NCAM03000_12_0LLJ,376,Mars Perseverance Sol 15: Right Navigation Camera (Navcam),3,2021-03-07T06:13:56Z,260.619,-31.0335,668277275.111,1,"(31.2262,8.12755,0.398731)","(3833,1913,1288,976)","(1288,976)",https://mars.nasa.gov/mars2020-raw-images/pub/ods/surface/sol/00015/ids/edr/browse/ncam/NRE_0015_0668277274_738ECM_N0030376NCAM03000_12_0LLJ01_800.jpg,https://mars.nasa.gov/mars2020-raw-images/pub/ods/surface/sol/00015/ids/edr/browse/ncam/NRE_0015_0668277274_738ECM_N0030376NCAM03000_12_0LLJ01_320.jpg,https://mars.nasa.gov/mars2020-raw-images/pub/ods/surface/sol/00015/ids/edr/browse/ncam/NRE_0015_0668277274_738ECM_N0030376NCAM03000_12_0LLJ01.png,https://mars.nasa.gov/mars2020-raw-images/pub/ods/surface/sol/00015/ids/edr/browse/ncam/NRE_0015_0668277274_738ECM_N0030376NCAM03000_12_0LLJ01_1200.jpg,UNK,"(0.4297300271189658,-0.719852249303201,0.5451099365866071)","(0.990461,0.389117,-1.90186);(-0.13274,-0.841366,0.523926);(3081.83,592.87,-661.045);(240.421,1495.92,2532.74);(-0.133224,-0.8417,0.523267);(0.0,0.05117,-0.018889);(0.001504,0.020873,-0.009439);2.0;0.0","(0.990461,0.389117,-1.90186)",NAVCAM_RIGHT,CAHVORE
15,"(0.971582,0.00963722,0.00390579,0.236476)",NRE_0015_0668277274_738ECM_N0030376NCAM03000_16_0LLJ,"NASA's Mars Perseverance rover acquired this image using its onboard Right Navigation Camera (Navcam). The camera is located high on the rover's mast and aids in driving. 

This image was acquired on Mar. 6, 2021 (Sol 15) at the local mean solar time of 13:55:14.",Full,Sol-00015M13:55:14.309,NASA/JPL-Caltech,2021-03-06T22:38:10.000,https://mars.nasa.gov/rss/api/?feed=raw_images&category=mars2020&feedtype=json&id=NRE_0015_0668277274_738ECM_N0030376NCAM03000_16_0LLJ,https://mars.nasa.gov/mars2020/multimedia/raw-images/?id=NRE_0015_0668277274_738ECM_N0030376NCAM03000_16_0LLJ,376,Mars Perseverance Sol 15: Right Navigation Camera (Navcam),3,2021-03-07T06:13:56Z,260.619,-31.0335,668277275.111,1,"(31.2262,8.12755,0.398731)","(3833,2873,1288,968)","(1288,968)",https://mars.nasa.gov/mars2020-raw-images/pub/ods/surface/sol/00015/ids/edr/browse/ncam/NRE_0015_0668277274_738ECM_N0030376NCAM03000_16_0LLJ01_800.jpg,https://mars.nasa.gov/mars2020-raw-images/pub/ods/surface/sol/00015/ids/edr/browse/ncam/NRE_0015_0668277274_738ECM_N0030376NCAM03000_16_0LLJ01_320.jpg,https://mars.nasa.gov/mars2020-raw-images/pub/ods/surface/sol/00015/ids/edr/browse/ncam/NRE_0015_0668277274_738ECM_N0030376NCAM03000_16_0LLJ01.png,https://mars.nasa.gov/mars2020-raw-images/pub/ods/surface/sol/00015/ids/edr/browse/ncam/NRE_0015_0668277274_738ECM_N0030376NCAM03000_16_0LLJ01_1200.jpg,UNK,"(0.4231553264862107,-0.5427921524885253,0.7254765667223317)","(0.990461,0.389117,-1.90186);(-0.13274,-0.841366,0.523926);(3081.83,592.87,-661.045);(367.852,2303.63,2029.77);(-0.133224,-0.8417,0.523267);(0.0,0.05117,-0.018889);(0.001504,0.020873,-0.009439);2.0;0.0","(0.990461,0.389117,-1.90186)",NAVCAM_RIGHT,CAHVORE
15,"(0.971582,0.00963722,0.00390579,0.236476)",NLE_0015_0668277274_738ECM_N0030376NCAM03000_06_0LLJ,"NASA's Mars Perseverance rover acquired this image using its onboard Left Navigation Camera (Navcam). The camera is located high on the rover's mast and aids in driving. 

This image was acquired on Mar. 6, 2021 (Sol 15) at the local mean solar time of 13:55:14.",Full,Sol-00015M13:55:14.309,NASA/JPL-Caltech,2021-03-06T22:38:09.000,https://mars.nasa.gov/rss/api/?feed=raw_images&category=mars2020&feedtype=json&id=NLE_0015_0668277274_738ECM_N0030376NCAM03000_06_0LLJ,https://mars.nasa.gov/mars2020/multimedia/raw-images/?id=NLE_0015_0668277274_738ECM_N0030376NCAM03000_06_0LLJ,376,Mars Perseverance Sol 15: Left Navigation Camera (Navcam),3,2021-03-07T06:13:56Z,260.229,-31.2355,668277275.086,1,"(31.2262,8.12755,0.398731)","(1273,953,1296,976)","(1296,976)",https://mars.nasa.gov/mars2020-raw-images/pub/ods/surface/sol/00015/ids/edr/browse/ncam/NLE_0015_0668277274_738ECM_N0030376NCAM03000_06_0LLJ01_800.jpg,https://mars.nasa.gov/mars2020-raw-images/pub/ods/surface/sol/00015/ids/edr/browse/ncam/NLE_0015_0668277274_738ECM_N0030376NCAM03000_06_0LLJ01_320.jpg,https://mars.nasa.gov/mars2020-raw-images/pub/ods/surface/sol/00015/ids/edr/browse/ncam/NLE_0015_0668277274_738ECM_N0030376NCAM03000_06_0LLJ01.png,https://mars.nasa.gov/mars2020-raw-images/pub/ods/surface/sol/00015/ids/edr/browse/ncam/NLE_0015_0668277274_738ECM_N0030376NCAM03000_06_0LLJ01_1200.jpg,UNK,"(-0.35810659584139576,-0.8586760009897785,0.36665404857861494)","(0.571201,0.454876,-1.90106);(-0.132356,-0.840588,0.52527);(2746.62,-1577.81,687.27);(119.336,700.619,3037.44);(-0.130939,-0.840749,0.525368);(2e-06,0.049535,-0.015973);(-0.003612,0.013016,-0.023961);2.0;0.0","(0.571201,0.454876,-1.90106)",NAVCAM_LEFT,CAHVORE
15,"(0.971582,0.00963722,0.00390579,0.236476)",NLE_0015_0668277274_738ECM_N0030376NCAM03000_11_0LLJ,"NASA's Mars Perseverance rover acquired this image using its onboard Left Navigation Camera (Navcam). The camera is located high on the rover's mast and aids in driving. 

This image was acquired on Mar. 6, 2021 (Sol 15) at the local mean solar time of 13:55:14.",Full,Sol-00015M13:55:14.309,NASA/JPL-Caltech,2021-03-06T22:38:09.000,https://mars.nasa.gov/rss/api/?feed=raw_images&category=mars2020&feedtype=json&id=NLE_0015_0668277274_738ECM_N0030376NCAM03000_11_0LLJ,https://mars.nasa.gov/mars2020/multimedia/raw-images/?id=NLE_0015_0668277274_738ECM_N0030376NCAM03000_11_0LLJ,376,Mars Perseverance Sol 15: Left Navigation Camera (Navcam),3,2021-03-07T06:13:56Z,260.229,-31.2355,668277275.086,1,"(31.2262,8.12755,0.398731)","(2553,1913,1296,976)","(1296,976)",https://mars.nasa.gov/mars2020-raw-images/pub/ods/surface/sol/00015/ids/edr/browse/ncam/NLE_0015_0668277274_738ECM_N0030376NCAM03000_11_0LLJ01_800.jpg,https://mars.nasa.gov/mars2020-raw-images/pub/ods/surface/sol/00015/ids/edr/browse/ncam/NLE_0015_0668277274_738ECM_N0030376NCAM03000_11_0LLJ01_320.jpg,https://mars.nasa.gov/mars2020-raw-images/pub/ods/surface/sol/00015/ids/edr/browse/ncam/NLE_0015_0668277274_738ECM_N0030376NCAM03000_11_0LLJ01.png,https://mars.nasa.gov/mars2020-raw-images/pub/ods/surface/sol/00015/ids/edr/browse/ncam/NLE_0015_0668277274_738ECM_N0030376NCAM03000_11_0LLJ01_1200.jpg,UNK,"(0.07988524027249866,-0.7677433734719219,0.6357581779863772)","(0.571201,0.454876,-1.90106);(-0.132356,-0.840588,0.52527);(2916.04,-501.858,14.9248);(246.398,1507.58,2533.18);(-0.130939,-0.840749,0.525368);(2e-06,0.049535,-0.015973);(-0.003612,0.013016,-0.023961);2.0;0.0","(0.571201,0.454876,-1.90106)",NAVCAM_LEFT,CAHVORE
15,"(0.971582,0.00963722,0.00390579,0.236476)",NLE_0015_0668277523_911ECM_N0030376NCAM03000_01_0LLJ,"NASA's Mars Perseverance rover acquired this image using its onboard Left Navigation Camera (Navcam). The camera is located high on the rover's mast and aids in driving. 

This image was acquired on Mar. 6, 2021 (Sol 15) at the local mean solar time of 13:59:16.",Full,Sol-00015M13:59:16.817,NASA/JPL-Caltech,2021-03-06T22:38:09.000,https://mars.nasa.gov/rss/api/?feed=raw_images&category=mars2020&feedtype=json&id=NLE_0015_0668277523_911ECM_N0030376NCAM03000_01_0LLJ,https://mars.nasa.gov/mars2020/multimedia/raw-images/?id=NLE_0015_0668277523_911ECM_N0030376NCAM03000_01_0LLJ,376,Mars Perseverance Sol 15: Left Navigation Camera (Navcam),3,2021-03-07T06:13:56Z,332.827,-31.0032,668277524.341,1,"(31.2262,8.12755,0.398731)","(1,1,1288,968)","(1288,968)",https://mars.nasa.gov/mars2020-raw-images/pub/ods/surface/sol/00015/ids/edr/browse/ncam/NLE_0015_0668277523_911ECM_N0030376NCAM03000_01_0LLJ01_800.jpg,https://mars.nasa.gov/mars2020-raw-images/pub/ods/surface/sol/00015/ids/edr/browse/ncam/NLE_0015_0668277523_911ECM_N0030376NCAM03000_01_0LLJ01_320.jpg,https://mars.nasa.gov/mars2020-raw-images/pub/ods/surface/sol/00015/ids/edr/browse/ncam/NLE_0015_0668277523_911ECM_N0030376NCAM03000_01_0LLJ01.png,https://mars.nasa.gov/mars2020-raw-images/pub/ods/surface/sol/00015/ids/edr/browse/ncam/NLE_0015_0668277523_911ECM_N0030376NCAM03000_01_0LLJ01_1200.jpg,UNK,"(0.5407346057636252,-0.8374431164272329,0.07934174738623402)","(0.834891,0.305072,-1.90163);(0.764418,-0.378673,0.521811);(3301.92,1666.04,1346.49);(105.896,-42.6117,3537.06);(0.764995,-0.37737,0.521909);(2e-06,0.049535,-0.015973);(-0.003612,0.013016,-0.023961);2.0;0.0","(0.834891,0.305072,-1.90163)",NAVCAM_LEFT,CAHVORE
15,"(0.971582,0.00963722,0.00390579,0.236476)",NRE_0015_0668277274_738ECM_N0030376NCAM03000_15_0LLJ,"NASA's Mars Perseverance rover acquired this image using its onboard Right Navigation Camera (Navcam). The camera is located high on the rover's mast and aids in driving. 

This image was acquired on Mar. 6, 2021 (Sol 15) at the local mean solar time of 13:55:14.",Full,Sol-00015M13:55:14.309,NASA/JPL-Caltech,2021-03-06T22:38:09.000,https://mars.nasa.gov/rss/api/?feed=raw_images&category=mars2020&feedtype=json&id=NRE_0015_0668277274_738ECM_N0030376NCAM03000_15_0LLJ,https://mars.nasa.gov/mars2020/multimedia/raw-images/?id=NRE_0015_0668277274_738ECM_N0030376NCAM03000_15_0LLJ,376,Mars Perseverance Sol 15: Right Navigation Camera (Navcam),3,2021-03-07T06:13:56Z,260.619,-31.0335,668277275.111,1,"(31.2262,8.12755,0.398731)","(2553,2873,1296,968)","(1296,968)",https://mars.nasa.gov/mars2020-raw-images/pub/ods/surface/sol/00015/ids/edr/browse/ncam/NRE_0015_0668277274_738ECM_N0030376NCAM03000_15_0LLJ01_800.jpg,https://mars.nasa.gov/mars2020-raw-images/pub/ods/surface/sol/00015/ids/edr/browse/ncam/NRE_0015_0668277274_738ECM_N0030376NCAM03000_15_0LLJ01_320.jpg,https://mars.nasa.gov/mars2020-raw-images/pub/ods/surface/sol/00015/ids/edr/browse/ncam/NRE_0015_0668277274_738ECM_N0030376NCAM03000_15_0LLJ01.png,https://mars.nasa.gov/mars2020-raw-images/pub/ods/surface/sol/00015/ids/edr/browse/ncam/NRE_0015_0668277274_738ECM_N0030376NCAM03000_15_0LLJ01_1200.jpg,UNK,"(0.10208782761517236,-0.55652147944102,0.8245373965888952)","(0.990461,0.389117,-1.90186);(-0.13274,-0.841366,0.523926);(2911.92,-484.079,9.58002);(367.852,2303.63,2029.77);(-0.133224,-0.8417,0.523267);(0.0,0.05117,-0.018889);(0.001504,0.020873,-0.009439);2.0;0.0","(0.990461,0.389117,-1.90186)",NAVCAM_RIGHT,CAHVORE
15,"(0.971582,0.00963722,0.00390579,0.236476)",NRE_0015_0668277274_738ECM_N0030376NCAM03000_10_0LLJ,"NASA's Mars Perseverance rover acquired this image using its onboard Right Navigation Camera (Navcam). The camera is located high on the rover's mast and aids in driving. 

This image was acquired on Mar. 6, 2021 (Sol 15) at the local mean solar time of 13:55:14.",Full,Sol-00015M13:55:14.309,NASA/JPL-Caltech,2021-03-06T22:38:08.000,https://mars.nasa.gov/rss/api/?feed=raw_images&category=mars2020&feedtype=json&id=NRE_0015_0668277274_738ECM_N0030376NCAM03000_10_0LLJ,https://mars.nasa.gov/mars2020/multimedia/raw-images/?id=NRE_0015_0668277274_738ECM_N0030376NCAM03000_10_0LLJ,376,Mars Perseverance Sol 15: Right Navigation Camera (Navcam),3,2021-03-07T06:13:56Z,260.619,-31.0335,668277275.111,1,"(31.2262,8.12755,0.398731)","(1273,1913,1296,976)","(1296,976)",https://mars.nasa.gov/mars2020-raw-images/pub/ods/surface/sol/00015/ids/edr/browse/ncam/NRE_0015_0668277274_738ECM_N0030376NCAM03000_10_0LLJ01_800.jpg,https://mars.nasa.gov/mars2020-raw-images/pub/ods/surface/sol/00015/ids/edr/browse/ncam/NRE_0015_0668277274_738ECM_N0030376NCAM03000_10_0LLJ01_320.jpg,https://mars.nasa.gov/mars2020-raw-images/pub/ods/surface/sol/00015/ids/edr/browse/ncam/NRE_0015_0668277274_738ECM_N0030376NCAM03000_10_0LLJ01.png,https://mars.nasa.gov/mars2020-raw-images/pub/ods/surface/sol/00015/ids/edr/browse/ncam/NRE_0015_0668277274_738ECM_N0030376NCAM03000_10_0LLJ01_1200.jpg,UNK,"(-0.3283191162101528,-0.7021117768489834,0.6318588534957371)","(0.990461,0.389117,-1.90186);(-0.13274,-0.841366,0.523926);(2742.02,-1561.03,680.206);(240.421,1495.92,2532.74);(-0.133224,-0.8417,0.523267);(0.0,0.05117,-0.018889);(0.001504,0.020873,-0.009439);2.0;0.0","(0.990461,0.389117,-1.90186)",NAVCAM_RIGHT,CAHVORE
15,"(0.971582,0.00963722,0.00390579,0.236476)",NLE_0015_0668277274_738ECM_N0030376NCAM03000_13_0LLJ,"NASA's Mars Perseverance rover acquired this image using its onboard Left Navigation Camera (Navcam). The camera is located high on the rover's mast and aids in driving. 

This image was acquired on Mar. 6, 2021 (Sol 15) at the local mean solar time of 13:55:14.",Full,Sol-00015M13:55:14.309,NASA/JPL-Caltech,2021-03-06T22:38:07.000,https://mars.nasa.gov/rss/api/?feed=raw_images&category=mars2020&feedtype=json&id=NLE_0015_0668277274_738ECM_N0030376NCAM03000_13_0LLJ,https://mars.nasa.gov/mars2020/multimedia/raw-images/?id=NLE_0015_0668277274_738ECM_N0030376NCAM03000_13_0LLJ,376,Mars Perseverance Sol 15: Left Navigation Camera (Navcam),3,2021-03-07T06:13:56Z,260.229,-31.2355,668277275.086,1,"(31.2262,8.12755,0.398731)","(1,2873,1288,968)","(1288,968)",https://mars.nasa.gov/mars2020-raw-images/pub/ods/surface/sol/00015/ids/edr/browse/ncam/NLE_0015_0668277274_738ECM_N0030376NCAM03000_13_0LLJ01_800.jpg,https://mars.nasa.gov/mars2020-raw-images/pub/ods/surface/sol/00015/ids/edr/browse/ncam/NLE_0015_0668277274_738ECM_N0030376NCAM03000_13_0LLJ01_320.jpg,https://mars.nasa.gov/mars2020-raw-images/pub/ods/surface/sol/00015/ids/edr/browse/ncam/NLE_0015_0668277274_738ECM_N0030376NCAM03000_13_0LLJ01.png,https://mars.nasa.gov/mars2020-raw-images/pub/ods/surface/sol/00015/ids/edr/browse/ncam/NLE_0015_0668277274_738ECM_N0030376NCAM03000_13_0LLJ01_1200.jpg,UNK,"(-0.5763313877440501,-0.3793673582383175,0.7238249367107336)","(0.571201,0.454876,-1.90106);(-0.132356,-0.840588,0.52527);(2578.27,-2647.04,1355.41);(373.459,2314.55,2028.92);(-0.130939,-0.840749,0.525368);(2e-06,0.049535,-0.015973);(-0.003612,0.013016,-0.023961);2.0;0.0","(0.571201,0.454876,-1.90106)",NAVCAM_LEFT,CAHVORE
15,"(0.971582,0.00963722,0.00390579,0.236476)",NRE_0015_0668277274_738ECM_N0030376NCAM03000_04_0LLJ,"NASA's Mars Perseverance rover acquired this image using its onboard Right Navigation Camera (Navcam). The camera is located high on the rover's mast and aids in driving. 

This image was acquired on Mar. 6, 2021 (Sol 15) at the local mean solar time of 13:55:14.",Full,Sol-00015M13:55:14.309,NASA/JPL-Caltech,2021-03-06T22:38:04.000,https://mars.nasa.gov/rss/api/?feed=raw_images&category=mars2020&feedtype=json&id=NRE_0015_0668277274_738ECM_N0030376NCAM03000_04_0LLJ,https://mars.nasa.gov/mars2020/multimedia/raw-images/?id=NRE_0015_0668277274_738ECM_N0030376NCAM03000_04_0LLJ,376,Mars Perseverance Sol 15: Right Navigation Camera (Navcam),3,2021-03-07T06:13:56Z,260.619,-31.0335,668277275.111,1,"(31.2262,8.12755,0.398731)","(3833,1,1288,968)","(1288,968)",https://mars.nasa.gov/mars2020-raw-images/pub/ods/surface/sol/00015/ids/edr/browse/ncam/NRE_0015_0668277274_738ECM_N0030376NCAM03000_04_0LLJ01_800.jpg,https://mars.nasa.gov/mars2020-raw-images/pub/ods/surface/sol/00015/ids/edr/browse/ncam/NRE_0015_0668277274_738ECM_N0030376NCAM03000_04_0LLJ01_320.jpg,https://mars.nasa.gov/mars2020-raw-images/pub/ods/surface/sol/00015/ids/edr/browse/ncam/NRE_0015_0668277274_738ECM_N0030376NCAM03000_04_0LLJ01.png,https://mars.nasa.gov/mars2020-raw-images/pub/ods/surface/sol/00015/ids/edr/browse/ncam/NRE_0015_0668277274_738ECM_N0030376NCAM03000_04_0LLJ01_1200.jpg,UNK,"(0.3579283473919819,-0.9304891020971262,0.07795722552610988)","(0.990461,0.389117,-1.90186);(-0.13274,-0.841366,0.523926);(3081.83,592.87,-661.045);(-13.3774,-112.776,3534.49);(-0.133224,-0.8417,0.523267);(0.0,0.05117,-0.018889);(0.001504,0.020873,-0.009439);2.0;0.0","(0.990461,0.389117,-1.90186)",NAVCAM_RIGHT,CAHVORE
15,"(0.971582,0.00963722,0.00390579,0.236476)",NRE_0015_0668277274_738ECM_N0030376NCAM03000_13_0LLJ,"NASA's Mars Perseverance rover acquired this image using its onboard Right Navigation Camera (Navcam). The camera is located high on the rover's mast and aids in driving. 

This image was acquired on Mar. 6, 2021 (Sol 15) at the local mean solar time of 13:55:14.",Full,Sol-00015M13:55:14.309,NASA/JPL-Caltech,2021-03-06T22:38:04.000,https://mars.nasa.gov/rss/api/?feed=raw_images&category=mars2020&feedtype=json&id=NRE_0015_0668277274_738ECM_N0030376NCAM03000_13_0LLJ,https://mars.nasa.gov/mars2020/multimedia/raw-images/?id=NRE_0015_0668277274_738ECM_N0030376NCAM03000_13_0LLJ,376,Mars Perseverance Sol 15: Right Navigation Camera (Navcam),3,2021-03-07T06:13:56Z,260.619,-31.0335,668277275.111,1,"(31.2262,8.12755,0.398731)","(1,2873,1288,968)","(1288,968)",https://mars.nasa.gov/mars2020-raw-images/pub/ods/surface/sol/00015/ids/edr/browse/ncam/NRE_0015_0668277274_738ECM_N0030376NCAM03000_13_0LLJ01_800.jpg,https://mars.nasa.gov/mars2020-raw-images/pub/ods/surface/sol/00015/ids/edr/browse/ncam/NRE_0015_0668277274_738ECM_N0030376NCAM03000_13_0LLJ01_320.jpg,https://mars.nasa.gov/mars2020-raw-images/pub/ods/surface/sol/00015/ids/edr/browse/ncam/NRE_0015_0668277274_738ECM_N0030376NCAM03000_13_0LLJ01.png,https://mars.nasa.gov/mars2020-raw-images/pub/ods/surface/sol/00015/ids/edr/browse/ncam/NRE_0015_0668277274_738ECM_N0030376NCAM03000_13_0LLJ01_1200.jpg,UNK,"(-0.5750139384077748,-0.3822862383875986,0.7233368527707127)","(0.990461,0.389117,-1.90186);(-0.13274,-0.841366,0.523926);(2573.17,-2631.24,1346.64);(367.852,2303.63,2029.77);(-0.133224,-0.8417,0.523267);(0.0,0.05117,-0.018889);(0.001504,0.020873,-0.009439);2.0;0.0","(0.990461,0.389117,-1.90186)",NAVCAM_RIGHT,CAHVORE
15,"(0.971582,0.00963722,0.00390579,0.236476)",NRE_0015_0668277274_738ECM_N0030376NCAM03000_06_0LLJ,"NASA's Mars Perseverance rover acquired this image using its onboard Right Navigation Camera (Navcam). The camera is located high on the rover's mast and aids in driving. 

This image was acquired on Mar. 6, 2021 (Sol 15) at the local mean solar time of 13:55:14.",Full,Sol-00015M13:55:14.309,NASA/JPL-Caltech,2021-03-06T22:38:03.000,https://mars.nasa.gov/rss/api/?feed=raw_images&category=mars2020&feedtype=json&id=NRE_0015_0668277274_738ECM_N0030376NCAM03000_06_0LLJ,https://mars.nasa.gov/mars2020/multimedia/raw-images/?id=NRE_0015_0668277274_738ECM_N0030376NCAM03000_06_0LLJ,376,Mars Perseverance Sol 15: Right Navigation Camera (Navcam),3,2021-03-07T06:13:56Z,260.619,-31.0335,668277275.111,1,"(31.2262,8.12755,0.398731)","(1273,953,1296,976)","(1296,976)",https://mars.nasa.gov/mars2020-raw-images/pub/ods/surface/sol/00015/ids/edr/browse/ncam/NRE_0015_0668277274_738ECM_N0030376NCAM03000_06_0LLJ01_800.jpg,https://mars.nasa.gov/mars2020-raw-images/pub/ods/surface/sol/00015/ids/edr/browse/ncam/NRE_0015_0668277274_738ECM_N0030376NCAM03000_06_0LLJ01_320.jpg,https://mars.nasa.gov/mars2020-raw-images/pub/ods/surface/sol/00015/ids/edr/browse/ncam/NRE_0015_0668277274_738ECM_N0030376NCAM03000_06_0LLJ01.png,https://mars.nasa.gov/mars2020-raw-images/pub/ods/surface/sol/00015/ids/edr/browse/ncam/NRE_0015_0668277274_738ECM_N0030376NCAM03000_06_0LLJ01_1200.jpg,UNK,"(-0.3534107382702317,-0.8620351570417406,0.36331286530938)","(0.990461,0.389117,-1.90186);(-0.13274,-0.841366,0.523926);(2742.02,-1561.03,680.206);(112.991,688.205,3035.71);(-0.133224,-0.8417,0.523267);(0.0,0.05117,-0.018889);(0.001504,0.020873,-0.009439);2.0;0.0","(0.990461,0.389117,-1.90186)",NAVCAM_RIGHT,CAHVORE
15,"(0.971582,0.00963722,0.00390579,0.236476)",NRE_0015_0668277274_738ECM_N0030376NCAM03000_07_0LLJ,"NASA's Mars Perseverance rover acquired this image using its onboard Right Navigation Camera (Navcam). The camera is located high on the rover's mast and aids in driving. 

This image was acquired on Mar. 6, 2021 (Sol 15) at the local mean solar time of 13:55:14.",Full,Sol-00015M13:55:14.309,NASA/JPL-Caltech,2021-03-06T22:38:03.000,https://mars.nasa.gov/rss/api/?feed=raw_images&category=mars2020&feedtype=json&id=NRE_0015_0668277274_738ECM_N0030376NCAM03000_07_0LLJ,https://mars.nasa.gov/mars2020/multimedia/raw-images/?id=NRE_0015_0668277274_738ECM_N0030376NCAM03000_07_0LLJ,376,Mars Perseverance Sol 15: Right Navigation Camera (Navcam),3,2021-03-07T06:13:56Z,260.619,-31.0335,668277275.111,1,"(31.2262,8.12755,0.398731)","(2553,953,1296,976)","(1296,976)",https://mars.nasa.gov/mars2020-raw-images/pub/ods/surface/sol/00015/ids/edr/browse/ncam/NRE_0015_0668277274_738ECM_N0030376NCAM03000_07_0LLJ01_800.jpg,https://mars.nasa.gov/mars2020-raw-images/pub/ods/surface/sol/00015/ids/edr/browse/ncam/NRE_0015_0668277274_738ECM_N0030376NCAM03000_07_0LLJ01_320.jpg,https://mars.nasa.gov/mars2020-raw-images/pub/ods/surface/sol/00015/ids/edr/browse/ncam/NRE_0015_0668277274_738ECM_N0030376NCAM03000_07_0LLJ01.png,https://mars.nasa.gov/mars2020-raw-images/pub/ods/surface/sol/00015/ids/edr/browse/ncam/NRE_0015_0668277274_738ECM_N0030376NCAM03000_07_0LLJ01_1200.jpg,UNK,"(0.05897730932449094,-0.9296587074137008,0.36367068168155947)","(0.990461,0.389117,-1.90186);(-0.13274,-0.841366,0.523926);(2911.92,-484.079,9.58002);(112.991,688.205,3035.71);(-0.133224,-0.8417,0.523267);(0.0,0.05117,-0.018889);(0.001504,0.020873,-0.009439);2.0;0.0","(0.990461,0.389117,-1.90186)",NAVCAM_RIGHT,CAHVORE
15,"(0.7156,0.0208675,-0.000370714,0.698199)",NRE_0015_0668288016_786ECM_N0030386NCAM02001_13_0LLJ,"NASA's Mars Perseverance rover acquired this image using its onboard Right Navigation Camera (Navcam). The camera is located high on the rover's mast and aids in driving. 

This image was acquired on Mar. 6, 2021 (Sol 15) at the local mean solar time of 16:49:29.",Full,Sol-00015M16:49:29.038,NASA/JPL-Caltech,2021-03-06T22:38:03.000,https://mars.nasa.gov/rss/api/?feed=raw_images&category=mars2020&feedtype=json&id=NRE_0015_0668288016_786ECM_N0030386NCAM02001_13_0LLJ,https://mars.nasa.gov/mars2020/multimedia/raw-images/?id=NRE_0015_0668288016_786ECM_N0030386NCAM02001_13_0LLJ,386,Mars Perseverance Sol 15: Right Navigation Camera (Navcam),3,2021-03-07T06:13:56Z,126.051,-29.3567,668288017.733,1,"(31.2262,8.12755,0.398731)","(1273,1913,1296,976)","(1296,976)",https://mars.nasa.gov/mars2020-raw-images/pub/ods/surface/sol/00015/ids/edr/browse/ncam/NRE_0015_0668288016_786ECM_N0030386NCAM02001_13_0LLJ01_800.jpg,https://mars.nasa.gov/mars2020-raw-images/pub/ods/surface/sol/00015/ids/edr/browse/ncam/NRE_0015_0668288016_786ECM_N0030386NCAM02001_13_0LLJ01_320.jpg,https://mars.nasa.gov/mars2020-raw-images/pub/ods/surface/sol/00015/ids/edr/browse/ncam/NRE_0015_0668288016_786ECM_N0030386NCAM02001_13_0LLJ01.png,https://mars.nasa.gov/mars2020-raw-images/pub/ods/surface/sol/00015/ids/edr/browse/ncam/NRE_0015_0668288016_786ECM_N0030386NCAM02001_13_0LLJ01_1200.jpg,UNK,"(-0.28068058038215316,0.740785289081697,0.6102913789957088)","(0.553144,0.547528,-1.90644);(-0.515082,0.697097,0.498761);(-3050.35,-838.794,640.263);(845.903,-1165.77,2576.0);(-0.514967,0.697661,0.498091);(0.0,0.05117,-0.018889);(0.001504,0.020873,-0.009439);2.0;0.0","(0.553144,0.547528,-1.90644)",NAVCAM_RIGHT,CAHVORE
15,"(0.971582,0.00963722,0.00390579,0.236476)",NLE_0015_0668277274_738ECM_N0030376NCAM03000_07_0LLJ,"NASA's Mars Perseverance rover acquired this image using its onboard Left Navigation Camera (Navcam). The camera is located high on the rover's mast and aids in driving. 

This image was acquired on Mar. 6, 2021 (Sol 15) at the local mean solar time of 13:55:14.",Full,Sol-00015M13:55:14.309,NASA/JPL-Caltech,2021-03-06T22:38:02.000,https://mars.nasa.gov/rss/api/?feed=raw_images&category=mars2020&feedtype=json&id=NLE_0015_0668277274_738ECM_N0030376NCAM03000_07_0LLJ,https://mars.nasa.gov/mars2020/multimedia/raw-images/?id=NLE_0015_0668277274_738ECM_N0030376NCAM03000_07_0LLJ,376,Mars Perseverance Sol 15: Left Navigation Camera (Navcam),3,2021-03-07T06:13:56Z,260.229,-31.2355,668277275.086,1,"(31.2262,8.12755,0.398731)","(2553,953,1296,976)","(1296,976)",https://mars.nasa.gov/mars2020-raw-images/pub/ods/surface/sol/00015/ids/edr/browse/ncam/NLE_0015_0668277274_738ECM_N0030376NCAM03000_07_0LLJ01_800.jpg,https://mars.nasa.gov/mars2020-raw-images/pub/ods/surface/sol/00015/ids/edr/browse/ncam/NLE_0015_0668277274_738ECM_N0030376NCAM03000_07_0LLJ01_320.jpg,https://mars.nasa.gov/mars2020-raw-images/pub/ods/surface/sol/00015/ids/edr/browse/ncam/NLE_0015_0668277274_738ECM_N0030376NCAM03000_07_0LLJ01.png,https://mars.nasa.gov/mars2020-raw-images/pub/ods/surface/sol/00015/ids/edr/browse/ncam/NLE_0015_0668277274_738ECM_N0030376NCAM03000_07_0LLJ01_1200.jpg,UNK,"(0.05308259391801852,-0.9285578260740616,0.3673725654693712)","(0.571201,0.454876,-1.90106);(-0.132356,-0.840588,0.52527);(2916.04,-501.858,14.9248);(119.336,700.619,3037.44);(-0.130939,-0.840749,0.525368);(2e-06,0.049535,-0.015973);(-0.003612,0.013016,-0.023961);2.0;0.0","(0.571201,0.454876,-1.90106)",NAVCAM_LEFT,CAHVORE
15,"(0.971582,0.00963722,0.00390579,0.236476)",NRE_0015_0668277274_738ECM_N0030376NCAM03000_08_0LLJ,"NASA's Mars Perseverance rover acquired this image using its onboard Right Navigation Camera (Navcam). The camera is located high on the rover's mast and aids in driving. 

This image was acquired on Mar. 6, 2021 (Sol 15) at the local mean solar time of 13:55:14.",Full,Sol-00015M13:55:14.309,NASA/JPL-Caltech,2021-03-06T22:38:02.000,https://mars.nasa.gov/rss/api/?feed=raw_images&category=mars2020&feedtype=json&id=NRE_0015_0668277274_738ECM_N0030376NCAM03000_08_0LLJ,https://mars.nasa.gov/mars2020/multimedia/raw-images/?id=NRE_0015_0668277274_738ECM_N0030376NCAM03000_08_0LLJ,376,Mars Perseverance Sol 15: Right Navigation Camera (Navcam),3,2021-03-07T06:13:56Z,260.619,-31.0335,668277275.111,1,"(31.2262,8.12755,0.398731)","(3833,953,1288,976)","(1288,976)",https://mars.nasa.gov/mars2020-raw-images/pub/ods/surface/sol/00015/ids/edr/browse/ncam/NRE_0015_0668277274_738ECM_N0030376NCAM03000_08_0LLJ01_800.jpg,https://mars.nasa.gov/mars2020-raw-images/pub/ods/surface/sol/00015/ids/edr/browse/ncam/NRE_0015_0668277274_738ECM_N0030376NCAM03000_08_0LLJ01_320.jpg,https://mars.nasa.gov/mars2020-raw-images/pub/ods/surface/sol/00015/ids/edr/browse/ncam/NRE_0015_0668277274_738ECM_N0030376NCAM03000_08_0LLJ01.png,https://mars.nasa.gov/mars2020-raw-images/pub/ods/surface/sol/00015/ids/edr/browse/ncam/NRE_0015_0668277274_738ECM_N0030376NCAM03000_08_0LLJ01_1200.jpg,UNK,"(0.4062741203580148,-0.8583668687832304,0.3132852656966077)","(0.990461,0.389117,-1.90186);(-0.13274,-0.841366,0.523926);(3081.83,592.87,-661.045);(112.991,688.205,3035.71);(-0.133224,-0.8417,0.523267);(0.0,0.05117,-0.018889);(0.001504,0.020873,-0.009439);2.0;0.0","(0.990461,0.389117,-1.90186)",NAVCAM_RIGHT,CAHVORE
15,"(0.971582,0.00963722,0.00390579,0.236476)",NLE_0015_0668277274_738ECM_N0030376NCAM03000_02_0LLJ,"NASA's Mars Perseverance rover acquired this image using its onboard Left Navigation Camera (Navcam). The camera is located high on the rover's mast and aids in driving. 

This image was acquired on Mar. 6, 2021 (Sol 15) at the local mean solar time of 13:55:14.",Full,Sol-00015M13:55:14.309,NASA/JPL-Caltech,2021-03-06T22:38:01.000,https://mars.nasa.gov/rss/api/?feed=raw_images&category=mars2020&feedtype=json&id=NLE_0015_0668277274_738ECM_N0030376NCAM03000_02_0LLJ,https://mars.nasa.gov/mars2020/multimedia/raw-images/?id=NLE_0015_0668277274_738ECM_N0030376NCAM03000_02_0LLJ,376,Mars Perseverance Sol 15: Left Navigation Camera (Navcam),3,2021-03-07T06:13:56Z,260.229,-31.2355,668277275.086,1,"(31.2262,8.12755,0.398731)","(1273,1,1296,968)","(1296,968)",https://mars.nasa.gov/mars2020-raw-images/pub/ods/surface/sol/00015/ids/edr/browse/ncam/NLE_0015_0668277274_738ECM_N0030376NCAM03000_02_0LLJ01_800.jpg,https://mars.nasa.gov/mars2020-raw-images/pub/ods/surface/sol/00015/ids/edr/browse/ncam/NLE_0015_0668277274_738ECM_N0030376NCAM03000_02_0LLJ01_320.jpg,https://mars.nasa.gov/mars2020-raw-images/pub/ods/surface/sol/00015/ids/edr/browse/ncam/NLE_0015_0668277274_738ECM_N0030376NCAM03000_02_0LLJ01.png,https://mars.nasa.gov/mars2020-raw-images/pub/ods/surface/sol/00015/ids/edr/browse/ncam/NLE_0015_0668277274_738ECM_N0030376NCAM03000_02_0LLJ01_1200.jpg,UNK,"(-0.35123743455473166,-0.9316247431270557,0.09331453563544137)","(0.571201,0.454876,-1.90106);(-0.132356,-0.840588,0.52527);(2746.62,-1577.81,687.27);(-6.66635,-99.6212,3537.49);(-0.130939,-0.840749,0.525368);(2e-06,0.049535,-0.015973);(-0.003612,0.013016,-0.023961);2.0;0.0","(0.571201,0.454876,-1.90106)",NAVCAM_LEFT,CAHVORE
15,"(0.971582,0.00963722,0.00390579,0.236476)",NLE_0015_0668277274_738ECM_N0030376NCAM03000_03_0LLJ,"NASA's Mars Perseverance rover acquired this image using its onboard Left Navigation Camera (Navcam). The camera is located high on the rover's mast and aids in driving. 

This image was acquired on Mar. 6, 2021 (Sol 15) at the local mean solar time of 13:55:14.",Full,Sol-00015M13:55:14.309,NASA/JPL-Caltech,2021-03-06T22:38:01.000,https://mars.nasa.gov/rss/api/?feed=raw_images&category=mars2020&feedtype=json&id=NLE_0015_0668277274_738ECM_N0030376NCAM03000_03_0LLJ,https://mars.nasa.gov/mars2020/multimedia/raw-images/?id=NLE_0015_0668277274_738ECM_N0030376NCAM03000_03_0LLJ,376,Mars Perseverance Sol 15: Left Navigation Camera (Navcam),3,2021-03-07T06:13:56Z,260.229,-31.2355,668277275.086,1,"(31.2262,8.12755,0.398731)","(2553,1,1296,968)","(1296,968)",https://mars.nasa.gov/mars2020-raw-images/pub/ods/surface/sol/00015/ids/edr/browse/ncam/NLE_0015_0668277274_738ECM_N0030376NCAM03000_03_0LLJ01_800.jpg,https://mars.nasa.gov/mars2020-raw-images/pub/ods/surface/sol/00015/ids/edr/browse/ncam/NLE_0015_0668277274_738ECM_N0030376NCAM03000_03_0LLJ01_320.jpg,https://mars.nasa.gov/mars2020-raw-images/pub/ods/surface/sol/00015/ids/edr/browse/ncam/NLE_0015_0668277274_738ECM_N0030376NCAM03000_03_0LLJ01.png,https://mars.nasa.gov/mars2020-raw-images/pub/ods/surface/sol/00015/ids/edr/browse/ncam/NLE_0015_0668277274_738ECM_N0030376NCAM03000_03_0LLJ01_1200.jpg,UNK,"(0.024259011639116243,-0.9953968521226073,0.09271789006819266)","(0.571201,0.454876,-1.90106);(-0.132356,-0.840588,0.52527);(2916.04,-501.858,14.9248);(-6.66635,-99.6212,3537.49);(-0.130939,-0.840749,0.525368);(2e-06,0.049535,-0.015973);(-0.003612,0.013016,-0.023961);2.0;0.0","(0.571201,0.454876,-1.90106)",NAVCAM_LEFT,CAHVORE
15,"(0.971582,0.00963722,0.00390579,0.236476)",NLE_0015_0668277274_738ECM_N0030376NCAM03000_04_0LLJ,"NASA's Mars Perseverance rover acquired this image using its onboard Left Navigation Camera (Navcam). The camera is located high on the rover's mast and aids in driving. 

This image was acquired on Mar. 6, 2021 (Sol 15) at the local mean solar time of 13:55:14.",Full,Sol-00015M13:55:14.309,NASA/JPL-Caltech,2021-03-06T22:38:01.000,https://mars.nasa.gov/rss/api/?feed=raw_images&category=mars2020&feedtype=json&id=NLE_0015_0668277274_738ECM_N0030376NCAM03000_04_0LLJ,https://mars.nasa.gov/mars2020/multimedia/raw-images/?id=NLE_0015_0668277274_738ECM_N0030376NCAM03000_04_0LLJ,376,Mars Perseverance Sol 15: Left Navigation Camera (Navcam),3,2021-03-07T06:13:56Z,260.229,-31.2355,668277275.086,1,"(31.2262,8.12755,0.398731)","(3833,1,1288,968)","(1288,968)",https://mars.nasa.gov/mars2020-raw-images/pub/ods/surface/sol/00015/ids/edr/browse/ncam/NLE_0015_0668277274_738ECM_N0030376NCAM03000_04_0LLJ01_800.jpg,https://mars.nasa.gov/mars2020-raw-images/pub/ods/surface/sol/00015/ids/edr/browse/ncam/NLE_0015_0668277274_738ECM_N0030376NCAM03000_04_0LLJ01_320.jpg,https://mars.nasa.gov/mars2020-raw-images/pub/ods/surface/sol/00015/ids/edr/browse/ncam/NLE_0015_0668277274_738ECM_N0030376NCAM03000_04_0LLJ01.png,https://mars.nasa.gov/mars2020-raw-images/pub/ods/surface/sol/00015/ids/edr/browse/ncam/NLE_0015_0668277274_738ECM_N0030376NCAM03000_04_0LLJ01_1200.jpg,UNK,"(0.3533159265042483,-0.9319879879397927,0.08103237880243527)","(0.571201,0.454876,-1.90106);(-0.132356,-0.840588,0.52527);(3085.45,574.095,-657.421);(-6.66635,-99.6212,3537.49);(-0.130939,-0.840749,0.525368);(2e-06,0.049535,-0.015973);(-0.003612,0.013016,-0.023961);2.0;0.0","(0.571201,0.454876,-1.90106)",NAVCAM_LEFT,CAHVORE
15,"(0.971582,0.00963722,0.00390579,0.236476)",NLE_0015_0668277274_738ECM_N0030376NCAM03000_05_0LLJ,"NASA's Mars Perseverance rover acquired this image using its onboard Left Navigation Camera (Navcam). The camera is located high on the rover's mast and aids in driving. 

This image was acquired on Mar. 6, 2021 (Sol 15) at the local mean solar time of 13:55:14.",Full,Sol-00015M13:55:14.309,NASA/JPL-Caltech,2021-03-06T22:38:01.000,https://mars.nasa.gov/rss/api/?feed=raw_images&category=mars2020&feedtype=json&id=NLE_0015_0668277274_738ECM_N0030376NCAM03000_05_0LLJ,https://mars.nasa.gov/mars2020/multimedia/raw-images/?id=NLE_0015_0668277274_738ECM_N0030376NCAM03000_05_0LLJ,376,Mars Perseverance Sol 15: Left Navigation Camera (Navcam),3,2021-03-07T06:13:56Z,260.229,-31.2355,668277275.086,1,"(31.2262,8.12755,0.398731)","(1,953,1288,976)","(1288,976)",https://mars.nasa.gov/mars2020-raw-images/pub/ods/surface/sol/00015/ids/edr/browse/ncam/NLE_0015_0668277274_738ECM_N0030376NCAM03000_05_0LLJ01_800.jpg,https://mars.nasa.gov/mars2020-raw-images/pub/ods/surface/sol/00015/ids/edr/browse/ncam/NLE_0015_0668277274_738ECM_N0030376NCAM03000_05_0LLJ01_320.jpg,https://mars.nasa.gov/mars2020-raw-images/pub/ods/surface/sol/00015/ids/edr/browse/ncam/NLE_0015_0668277274_738ECM_N0030376NCAM03000_05_0LLJ01.png,https://mars.nasa.gov/mars2020-raw-images/pub/ods/surface/sol/00015/ids/edr/browse/ncam/NLE_0015_0668277274_738ECM_N0030376NCAM03000_05_0LLJ01_1200.jpg,UNK,"(-0.6597217725778333,-0.6818552680442557,0.31597559435351635)","(0.571201,0.454876,-1.90106);(-0.132356,-0.840588,0.52527);(2578.27,-2647.04,1355.41);(119.336,700.619,3037.44);(-0.130939,-0.840749,0.525368);(2e-06,0.049535,-0.015973);(-0.003612,0.013016,-0.023961);2.0;0.0","(0.571201,0.454876,-1.90106)",NAVCAM_LEFT,CAHVORE
15,"(0.971582,0.00963722,0.00390579,0.236476)",NRE_0015_0668277274_738ECM_N0030376NCAM03000_01_0LLJ,"NASA's Mars Perseverance rover acquired this image using its onboard Right Navigation Camera (Navcam). The camera is located high on the rover's mast and aids in driving. 

This image was acquired on Mar. 6, 2021 (Sol 15) at the local mean solar time of 13:55:14.",Full,Sol-00015M13:55:14.309,NASA/JPL-Caltech,2021-03-06T22:38:01.000,https://mars.nasa.gov/rss/api/?feed=raw_images&category=mars2020&feedtype=json&id=NRE_0015_0668277274_738ECM_N0030376NCAM03000_01_0LLJ,https://mars.nasa.gov/mars2020/multimedia/raw-images/?id=NRE_0015_0668277274_738ECM_N0030376NCAM03000_01_0LLJ,376,Mars Perseverance Sol 15: Right Navigation Camera (Navcam),3,2021-03-07T06:13:56Z,260.619,-31.0335,668277275.111,1,"(31.2262,8.12755,0.398731)","(1,1,1288,968)","(1288,968)",https://mars.nasa.gov/mars2020-raw-images/pub/ods/surface/sol/00015/ids/edr/browse/ncam/NRE_0015_0668277274_738ECM_N0030376NCAM03000_01_0LLJ01_800.jpg,https://mars.nasa.gov/mars2020-raw-images/pub/ods/surface/sol/00015/ids/edr/browse/ncam/NRE_0015_0668277274_738ECM_N0030376NCAM03000_01_0LLJ01_320.jpg,https://mars.nasa.gov/mars2020-raw-images/pub/ods/surface/sol/00015/ids/edr/browse/ncam/NRE_0015_0668277274_738ECM_N0030376NCAM03000_01_0LLJ01.png,https://mars.nasa.gov/mars2020-raw-images/pub/ods/surface/sol/00015/ids/edr/browse/ncam/NRE_0015_0668277274_738ECM_N0030376NCAM03000_01_0LLJ01_1200.jpg,UNK,"(-0.6343136645082486,-0.7690438585907152,0.07885251157712693)","(0.990461,0.389117,-1.90186);(-0.13274,-0.841366,0.523926);(2573.17,-2631.24,1346.64);(-13.3774,-112.776,3534.49);(-0.133224,-0.8417,0.523267);(0.0,0.05117,-0.018889);(0.001504,0.020873,-0.009439);2.0;0.0","(0.990461,0.389117,-1.90186)",NAVCAM_RIGHT,CAHVORE
15,"(0.971582,0.00963722,0.00390579,0.236476)",NRE_0015_0668277274_738ECM_N0030376NCAM03000_02_0LLJ,"NASA's Mars Perseverance rover acquired this image using its onboard Right Navigation Camera (Navcam). The camera is located high on the rover's mast and aids in driving. 

This image was acquired on Mar. 6, 2021 (Sol 15) at the local mean solar time of 13:55:14.",Full,Sol-00015M13:55:14.309,NASA/JPL-Caltech,2021-03-06T22:38:01.000,https://mars.nasa.gov/rss/api/?feed=raw_images&category=mars2020&feedtype=json&id=NRE_0015_0668277274_738ECM_N0030376NCAM03000_02_0LLJ,https://mars.nasa.gov/mars2020/multimedia/raw-images/?id=NRE_0015_0668277274_738ECM_N0030376NCAM03000_02_0LLJ,376,Mars Perseverance Sol 15: Right Navigation Camera (Navcam),3,2021-03-07T06:13:56Z,260.619,-31.0335,668277275.111,1,"(31.2262,8.12755,0.398731)","(1273,1,1296,968)","(1296,968)",https://mars.nasa.gov/mars2020-raw-images/pub/ods/surface/sol/00015/ids/edr/browse/ncam/NRE_0015_0668277274_738ECM_N0030376NCAM03000_02_0LLJ01_800.jpg,https://mars.nasa.gov/mars2020-raw-images/pub/ods/surface/sol/00015/ids/edr/browse/ncam/NRE_0015_0668277274_738ECM_N0030376NCAM03000_02_0LLJ01_320.jpg,https://mars.nasa.gov/mars2020-raw-images/pub/ods/surface/sol/00015/ids/edr/browse/ncam/NRE_0015_0668277274_738ECM_N0030376NCAM03000_02_0LLJ01.png,https://mars.nasa.gov/mars2020-raw-images/pub/ods/surface/sol/00015/ids/edr/browse/ncam/NRE_0015_0668277274_738ECM_N0030376NCAM03000_02_0LLJ01_1200.jpg,UNK,"(-0.3462030407893892,-0.933911189838837,0.08918152298535881)","(0.990461,0.389117,-1.90186);(-0.13274,-0.841366,0.523926);(2742.02,-1561.03,680.206);(-13.3774,-112.776,3534.49);(-0.133224,-0.8417,0.523267);(0.0,0.05117,-0.018889);(0.001504,0.020873,-0.009439);2.0;0.0","(0.990461,0.389117,-1.90186)",NAVCAM_RIGHT,CAHVORE
15,"(0.971582,0.00963722,0.00390579,0.236476)",NRE_0015_0668277274_738ECM_N0030376NCAM03000_03_0LLJ,"NASA's Mars Perseverance rover acquired this image using its onboard Right Navigation Camera (Navcam). The camera is located high on the rover's mast and aids in driving. 

This image was acquired on Mar. 6, 2021 (Sol 15) at the local mean solar time of 13:55:14.",Full,Sol-00015M13:55:14.309,NASA/JPL-Caltech,2021-03-06T22:38:01.000,https://mars.nasa.gov/rss/api/?feed=raw_images&category=mars2020&feedtype=json&id=NRE_0015_0668277274_738ECM_N0030376NCAM03000_03_0LLJ,https://mars.nasa.gov/mars2020/multimedia/raw-images/?id=NRE_0015_0668277274_738ECM_N0030376NCAM03000_03_0LLJ,376,Mars Perseverance Sol 15: Right Navigation Camera (Navcam),3,2021-03-07T06:13:56Z,260.619,-31.0335,668277275.111,1,"(31.2262,8.12755,0.398731)","(2553,1,1296,968)","(1296,968)",https://mars.nasa.gov/mars2020-raw-images/pub/ods/surface/sol/00015/ids/edr/browse/ncam/NRE_0015_0668277274_738ECM_N0030376NCAM03000_03_0LLJ01_800.jpg,https://mars.nasa.gov/mars2020-raw-images/pub/ods/surface/sol/00015/ids/edr/browse/ncam/NRE_0015_0668277274_738ECM_N0030376NCAM03000_03_0LLJ01_320.jpg,https://mars.nasa.gov/mars2020-raw-images/pub/ods/surface/sol/00015/ids/edr/browse/ncam/NRE_0015_0668277274_738ECM_N0030376NCAM03000_03_0LLJ01.png,https://mars.nasa.gov/mars2020-raw-images/pub/ods/surface/sol/00015/ids/edr/browse/ncam/NRE_0015_0668277274_738ECM_N0030376NCAM03000_03_0LLJ01_1200.jpg,UNK,"(0.030081024404908816,-0.9955877736565625,0.08888260187641148)","(0.990461,0.389117,-1.90186);(-0.13274,-0.841366,0.523926);(2911.92,-484.079,9.58002);(-13.3774,-112.776,3534.49);(-0.133224,-0.8417,0.523267);(0.0,0.05117,-0.018889);(0.001504,0.020873,-0.009439);2.0;0.0","(0.990461,0.389117,-1.90186)",NAVCAM_RIGHT,CAHVORE
15,"(0.971582,0.00963722,0.00390579,0.236476)",NRE_0015_0668277274_738ECM_N0030376NCAM03000_05_0LLJ,"NASA's Mars Perseverance rover acquired this image using its onboard Right Navigation Camera (Navcam). The camera is located high on the rover's mast and aids in driving. 

This image was acquired on Mar. 6, 2021 (Sol 15) at the local mean solar time of 13:55:14.",Full,Sol-00015M13:55:14.309,NASA/JPL-Caltech,2021-03-06T22:38:01.000,https://mars.nasa.gov/rss/api/?feed=raw_images&category=mars2020&feedtype=json&id=NRE_0015_0668277274_738ECM_N0030376NCAM03000_05_0LLJ,https://mars.nasa.gov/mars2020/multimedia/raw-images/?id=NRE_0015_0668277274_738ECM_N0030376NCAM03000_05_0LLJ,376,Mars Perseverance Sol 15: Right Navigation Camera (Navcam),3,2021-03-07T06:13:56Z,260.619,-31.0335,668277275.111,1,"(31.2262,8.12755,0.398731)","(1,953,1288,976)","(1288,976)",https://mars.nasa.gov/mars2020-raw-images/pub/ods/surface/sol/00015/ids/edr/browse/ncam/NRE_0015_0668277274_738ECM_N0030376NCAM03000_05_0LLJ01_800.jpg,https://mars.nasa.gov/mars2020-raw-images/pub/ods/surface/sol/00015/ids/edr/browse/ncam/NRE_0015_0668277274_738ECM_N0030376NCAM03000_05_0LLJ01_320.jpg,https://mars.nasa.gov/mars2020-raw-images/pub/ods/surface/sol/00015/ids/edr/browse/ncam/NRE_0015_0668277274_738ECM_N0030376NCAM03000_05_0LLJ01.png,https://mars.nasa.gov/mars2020-raw-images/pub/ods/surface/sol/00015/ids/edr/browse/ncam/NRE_0015_0668277274_738ECM_N0030376NCAM03000_05_0LLJ01_1200.jpg,UNK,"(-0.6574619532916792,-0.6854236994038408,0.3129506866415906)","(0.990461,0.389117,-1.90186);(-0.13274,-0.841366,0.523926);(2573.17,-2631.24,1346.64);(112.991,688.205,3035.71);(-0.133224,-0.8417,0.523267);(0.0,0.05117,-0.018889);(0.001504,0.020873,-0.009439);2.0;0.0","(0.990461,0.389117,-1.90186)",NAVCAM_RIGHT,CAHVORE
15,"(0.7156,0.0208675,-0.000370714,0.698199)",NRE_0015_0668288016_786ECM_N0030386NCAM02001_16_0LLJ,"NASA's Mars Perseverance rover acquired this image using its onboard Right Navigation Camera (Navcam). The camera is located high on the rover's mast and aids in driving. 

This image was acquired on Mar. 6, 2021 (Sol 15) at the local mean solar time of 16:49:29.",Full,Sol-00015M16:49:29.038,NASA/JPL-Caltech,2021-03-06T22:38:01.000,https://mars.nasa.gov/rss/api/?feed=raw_images&category=mars2020&feedtype=json&id=NRE_0015_0668288016_786ECM_N0030386NCAM02001_16_0LLJ,https://mars.nasa.gov/mars2020/multimedia/raw-images/?id=NRE_0015_0668288016_786ECM_N0030386NCAM02001_16_0LLJ,386,Mars Perseverance Sol 15: Right Navigation Camera (Navcam),3,2021-03-07T06:13:56Z,126.051,-29.3567,668288017.733,1,"(31.2262,8.12755,0.398731)","(1,2873,1288,968)","(1288,968)",https://mars.nasa.gov/mars2020-raw-images/pub/ods/surface/sol/00015/ids/edr/browse/ncam/NRE_0015_0668288016_786ECM_N0030386NCAM02001_16_0LLJ01_800.jpg,https://mars.nasa.gov/mars2020-raw-images/pub/ods/surface/sol/00015/ids/edr/browse/ncam/NRE_0015_0668288016_786ECM_N0030386NCAM02001_16_0LLJ01_320.jpg,https://mars.nasa.gov/mars2020-raw-images/pub/ods/surface/sol/00015/ids/edr/browse/ncam/NRE_0015_0668288016_786ECM_N0030386NCAM02001_16_0LLJ01.png,https://mars.nasa.gov/mars2020-raw-images/pub/ods/surface/sol/00015/ids/edr/browse/ncam/NRE_0015_0668288016_786ECM_N0030386NCAM02001_16_0LLJ01_1200.jpg,UNK,"(0.11836702195164056,0.6936183188747408,0.7105511071243772)","(0.553144,0.547528,-1.90644);(-0.515082,0.697097,0.498761);(-3705.53,47.9128,1274.69);(1340.38,-1834.98,2097.19);(-0.514967,0.697661,0.498091);(0.0,0.05117,-0.018889);(0.001504,0.020873,-0.009439);2.0;0.0","(0.553144,0.547528,-1.90644)",NAVCAM_RIGHT,CAHVORE
15,"(0.971582,0.00963722,0.00390579,0.236476)",NLE_0015_0668277274_738ECM_N0030376NCAM03000_01_0LLJ,"NASA's Mars Perseverance rover acquired this image using its onboard Left Navigation Camera (Navcam). The camera is located high on the rover's mast and aids in driving. 

This image was acquired on Mar. 6, 2021 (Sol 15) at the local mean solar time of 13:55:14.",Full,Sol-00015M13:55:14.309,NASA/JPL-Caltech,2021-03-06T22:38:00.000,https://mars.nasa.gov/rss/api/?feed=raw_images&category=mars2020&feedtype=json&id=NLE_0015_0668277274_738ECM_N0030376NCAM03000_01_0LLJ,https://mars.nasa.gov/mars2020/multimedia/raw-images/?id=NLE_0015_0668277274_738ECM_N0030376NCAM03000_01_0LLJ,376,Mars Perseverance Sol 15: Left Navigation Camera (Navcam),3,2021-03-07T06:13:56Z,260.229,-31.2355,668277275.086,1,"(31.2262,8.12755,0.398731)","(1,1,1288,968)","(1288,968)",https://mars.nasa.gov/mars2020-raw-images/pub/ods/surface/sol/00015/ids/edr/browse/ncam/NLE_0015_0668277274_738ECM_N0030376NCAM03000_01_0LLJ01_800.jpg,https://mars.nasa.gov/mars2020-raw-images/pub/ods/surface/sol/00015/ids/edr/browse/ncam/NLE_0015_0668277274_738ECM_N0030376NCAM03000_01_0LLJ01_320.jpg,https://mars.nasa.gov/mars2020-raw-images/pub/ods/surface/sol/00015/ids/edr/browse/ncam/NLE_0015_0668277274_738ECM_N0030376NCAM03000_01_0LLJ01.png,https://mars.nasa.gov/mars2020-raw-images/pub/ods/surface/sol/00015/ids/edr/browse/ncam/NLE_0015_0668277274_738ECM_N0030376NCAM03000_01_0LLJ01_1200.jpg,UNK,"(-0.6373186419054208,-0.7661358259007575,0.08283021762131611)","(0.571201,0.454876,-1.90106);(-0.132356,-0.840588,0.52527);(2578.27,-2647.04,1355.41);(-6.66635,-99.6212,3537.49);(-0.130939,-0.840749,0.525368);(2e-06,0.049535,-0.015973);(-0.003612,0.013016,-0.023961);2.0;0.0","(0.571201,0.454876,-1.90106)",NAVCAM_LEFT,CAHVORE
15,"(0.7156,0.0208675,-0.000370714,0.698199)",NLE_0015_0668288016_786ECM_N0030386NCAM02001_16_0LLJ,"NASA's Mars Perseverance rover acquired this image using its onboard Left Navigation Camera (Navcam). The camera is located high on the rover's mast and aids in driving. 

This image was acquired on Mar. 6, 2021 (Sol 15) at the local mean solar time of 16:49:29.",Full,Sol-00015M16:49:29.038,NASA/JPL-Caltech,2021-03-06T22:37:59.000,https://mars.nasa.gov/rss/api/?feed=raw_images&category=mars2020&feedtype=json&id=NLE_0015_0668288016_786ECM_N0030386NCAM02001_16_0LLJ,https://mars.nasa.gov/mars2020/multimedia/raw-images/?id=NLE_0015_0668288016_786ECM_N0030386NCAM02001_16_0LLJ,386,Mars Perseverance Sol 15: Left Navigation Camera (Navcam),3,2021-03-07T06:13:56Z,125.668,-29.5597,668288017.820,1,"(31.2262,8.12755,0.398731)","(1,2873,1288,968)","(1288,968)",https://mars.nasa.gov/mars2020-raw-images/pub/ods/surface/sol/00015/ids/edr/browse/ncam/NLE_0015_0668288016_786ECM_N0030386NCAM02001_16_0LLJ01_800.jpg,https://mars.nasa.gov/mars2020-raw-images/pub/ods/surface/sol/00015/ids/edr/browse/ncam/NLE_0015_0668288016_786ECM_N0030386NCAM02001_16_0LLJ01_320.jpg,https://mars.nasa.gov/mars2020-raw-images/pub/ods/surface/sol/00015/ids/edr/browse/ncam/NLE_0015_0668288016_786ECM_N0030386NCAM02001_16_0LLJ01.png,https://mars.nasa.gov/mars2020-raw-images/pub/ods/surface/sol/00015/ids/edr/browse/ncam/NLE_0015_0668288016_786ECM_N0030386NCAM02001_16_0LLJ01_1200.jpg,UNK,"(0.12136044588065219,0.6925155574891695,0.7111215401118955)","(0.894564,0.799584,-1.90465);(-0.514825,0.696307,0.500127);(-3720.51,55.5775,1283.01);(1344.22,-1846.66,2096.67);(-0.515937,0.695414,0.500224);(2e-06,0.049535,-0.015973);(-0.003612,0.013016,-0.023961);2.0;0.0","(0.894564,0.799584,-1.90465)",NAVCAM_LEFT,CAHVORE
15,"(0.7156,0.0208675,-0.000370714,0.698199)",NLE_0015_0668288016_786ECM_N0030386NCAM02001_17_0LLJ,"NASA's Mars Perseverance rover acquired this image using its onboard Left Navigation Camera (Navcam). The camera is located high on the rover's mast and aids in driving. 

This image was acquired on Mar. 6, 2021 (Sol 15) at the local mean solar time of 16:49:29.",Full,Sol-00015M16:49:29.038,NASA/JPL-Caltech,2021-03-06T22:37:59.000,https://mars.nasa.gov/rss/api/?feed=raw_images&category=mars2020&feedtype=json&id=NLE_0015_0668288016_786ECM_N0030386NCAM02001_17_0LLJ,https://mars.nasa.gov/mars2020/multimedia/raw-images/?id=NLE_0015_0668288016_786ECM_N0030386NCAM02001_17_0LLJ,386,Mars Perseverance Sol 15: Left Navigation Camera (Navcam),3,2021-03-07T06:13:56Z,125.668,-29.5597,668288017.820,1,"(31.2262,8.12755,0.398731)","(1273,2873,1296,968)","(1296,968)",https://mars.nasa.gov/mars2020-raw-images/pub/ods/surface/sol/00015/ids/edr/browse/ncam/NLE_0015_0668288016_786ECM_N0030386NCAM02001_17_0LLJ01_800.jpg,https://mars.nasa.gov/mars2020-raw-images/pub/ods/surface/sol/00015/ids/edr/browse/ncam/NLE_0015_0668288016_786ECM_N0030386NCAM02001_17_0LLJ01_320.jpg,https://mars.nasa.gov/mars2020-raw-images/pub/ods/surface/sol/00015/ids/edr/browse/ncam/NLE_0015_0668288016_786ECM_N0030386NCAM02001_17_0LLJ01.png,https://mars.nasa.gov/mars2020-raw-images/pub/ods/surface/sol/00015/ids/edr/browse/ncam/NLE_0015_0668288016_786ECM_N0030386NCAM02001_17_0LLJ01_1200.jpg,UNK,"(-0.16879728651116258,0.5635972767720309,0.8086195555894126)","(0.894564,0.799584,-1.90465);(-0.514825,0.696307,0.500127);(-3065.66,-830.124,646.844);(1344.22,-1846.66,2096.67);(-0.515937,0.695414,0.500224);(2e-06,0.049535,-0.015973);(-0.003612,0.013016,-0.023961);2.0;0.0","(0.894564,0.799584,-1.90465)",NAVCAM_LEFT,CAHVORE
15,"(0.7156,0.0208675,-0.000370714,0.698199)",NLE_0015_0668288016_786ECM_N0030386NCAM02001_18_0LLJ,"NASA's Mars Perseverance rover acquired this image using its onboard Left Navigation Camera (Navcam). The camera is located high on the rover's mast and aids in driving. 

This image was acquired on Mar. 6, 2021 (Sol 15) at the local mean solar time of 16:49:29.",Full,Sol-00015M16:49:29.038,NASA/JPL-Caltech,2021-03-06T22:37:59.000,https://mars.nasa.gov/rss/api/?feed=raw_images&category=mars2020&feedtype=json&id=NLE_0015_0668288016_786ECM_N0030386NCAM02001_18_0LLJ,https://mars.nasa.gov/mars2020/multimedia/raw-images/?id=NLE_0015_0668288016_786ECM_N0030386NCAM02001_18_0LLJ,386,Mars Perseverance Sol 15: Left Navigation Camera (Navcam),3,2021-03-07T06:13:56Z,125.668,-29.5597,668288017.820,1,"(31.2262,8.12755,0.398731)","(2553,2873,1296,968)","(1296,968)",https://mars.nasa.gov/mars2020-raw-images/pub/ods/surface/sol/00015/ids/edr/browse/ncam/NLE_0015_0668288016_786ECM_N0030386NCAM02001_18_0LLJ01_800.jpg,https://mars.nasa.gov/mars2020-raw-images/pub/ods/surface/sol/00015/ids/edr/browse/ncam/NLE_0015_0668288016_786ECM_N0030386NCAM02001_18_0LLJ01_320.jpg,https://mars.nasa.gov/mars2020-raw-images/pub/ods/surface/sol/00015/ids/edr/browse/ncam/NLE_0015_0668288016_786ECM_N0030386NCAM02001_18_0LLJ01.png,https://mars.nasa.gov/mars2020-raw-images/pub/ods/surface/sol/00015/ids/edr/browse/ncam/NLE_0015_0668288016_786ECM_N0030386NCAM02001_18_0LLJ01_1200.jpg,UNK,"(-0.4788244530652299,0.33855221801240043,0.8100058881425909)","(0.894564,0.799584,-1.90465);(-0.514825,0.696307,0.500127);(-2406.68,-1721.4,6.68048);(1344.22,-1846.66,2096.67);(-0.515937,0.695414,0.500224);(2e-06,0.049535,-0.015973);(-0.003612,0.013016,-0.023961);2.0;0.0","(0.894564,0.799584,-1.90465)",NAVCAM_LEFT,CAHVORE
15,"(0.7156,0.0208675,-0.000370714,0.698199)",NLE_0015_0668288016_786ECM_N0030386NCAM02001_19_0LLJ,"NASA's Mars Perseverance rover acquired this image using its onboard Left Navigation Camera (Navcam). The camera is located high on the rover's mast and aids in driving. 

This image was acquired on Mar. 6, 2021 (Sol 15) at the local mean solar time of 16:49:29.",Full,Sol-00015M16:49:29.038,NASA/JPL-Caltech,2021-03-06T22:37:59.000,https://mars.nasa.gov/rss/api/?feed=raw_images&category=mars2020&feedtype=json&id=NLE_0015_0668288016_786ECM_N0030386NCAM02001_19_0LLJ,https://mars.nasa.gov/mars2020/multimedia/raw-images/?id=NLE_0015_0668288016_786ECM_N0030386NCAM02001_19_0LLJ,386,Mars Perseverance Sol 15: Left Navigation Camera (Navcam),3,2021-03-07T06:13:56Z,125.668,-29.5597,668288017.820,1,"(31.2262,8.12755,0.398731)","(3833,2873,1288,968)","(1288,968)",https://mars.nasa.gov/mars2020-raw-images/pub/ods/surface/sol/00015/ids/edr/browse/ncam/NLE_0015_0668288016_786ECM_N0030386NCAM02001_19_0LLJ01_800.jpg,https://mars.nasa.gov/mars2020-raw-images/pub/ods/surface/sol/00015/ids/edr/browse/ncam/NLE_0015_0668288016_786ECM_N0030386NCAM02001_19_0LLJ01_320.jpg,https://mars.nasa.gov/mars2020-raw-images/pub/ods/surface/sol/00015/ids/edr/browse/ncam/NLE_0015_0668288016_786ECM_N0030386NCAM02001_19_0LLJ01.png,https://mars.nasa.gov/mars2020-raw-images/pub/ods/surface/sol/00015/ids/edr/browse/ncam/NLE_0015_0668288016_786ECM_N0030386NCAM02001_19_0LLJ01_1200.jpg,UNK,"(-0.6943711544705305,0.09872412831796339,0.7128129111675242)","(0.894564,0.799584,-1.90465);(-0.514825,0.696307,0.500127);(-1747.71,-2612.67,-633.483);(1344.22,-1846.66,2096.67);(-0.515937,0.695414,0.500224);(2e-06,0.049535,-0.015973);(-0.003612,0.013016,-0.023961);2.0;0.0","(0.894564,0.799584,-1.90465)",NAVCAM_LEFT,CAHVORE
15,"(0.7156,0.0208675,-0.000370714,0.698199)",NRE_0015_0668288016_786ECM_N0030386NCAM02001_15_0LLJ,"NASA's Mars Perseverance rover acquired this image using its onboard Right Navigation Camera (Navcam). The camera is located high on the rover's mast and aids in driving. 

This image was acquired on Mar. 6, 2021 (Sol 15) at the local mean solar time of 16:49:29.",Full,Sol-00015M16:49:29.038,NASA/JPL-Caltech,2021-03-06T22:37:59.000,https://mars.nasa.gov/rss/api/?feed=raw_images&category=mars2020&feedtype=json&id=NRE_0015_0668288016_786ECM_N0030386NCAM02001_15_0LLJ,https://mars.nasa.gov/mars2020/multimedia/raw-images/?id=NRE_0015_0668288016_786ECM_N0030386NCAM02001_15_0LLJ,386,Mars Perseverance Sol 15: Right Navigation Camera (Navcam),3,2021-03-07T06:13:56Z,126.051,-29.3567,668288017.733,1,"(31.2262,8.12755,0.398731)","(3833,1913,1288,976)","(1288,976)",https://mars.nasa.gov/mars2020-raw-images/pub/ods/surface/sol/00015/ids/edr/browse/ncam/NRE_0015_0668288016_786ECM_N0030386NCAM02001_15_0LLJ01_800.jpg,https://mars.nasa.gov/mars2020-raw-images/pub/ods/surface/sol/00015/ids/edr/browse/ncam/NRE_0015_0668288016_786ECM_N0030386NCAM02001_15_0LLJ01_320.jpg,https://mars.nasa.gov/mars2020-raw-images/pub/ods/surface/sol/00015/ids/edr/browse/ncam/NRE_0015_0668288016_786ECM_N0030386NCAM02001_15_0LLJ01.png,https://mars.nasa.gov/mars2020-raw-images/pub/ods/surface/sol/00015/ids/edr/browse/ncam/NRE_0015_0668288016_786ECM_N0030386NCAM02001_15_0LLJ01_1200.jpg,UNK,"(-0.8244162726135081,0.21209807302785147,0.5247401422303446)","(0.553144,0.547528,-1.90644);(-0.515082,0.697097,0.498761);(-1731.74,-2623.36,-636.564);(845.903,-1165.77,2576.0);(-0.514967,0.697661,0.498091);(0.0,0.05117,-0.018889);(0.001504,0.020873,-0.009439);2.0;0.0","(0.553144,0.547528,-1.90644)",NAVCAM_RIGHT,CAHVORE
15,"(0.7156,0.0208675,-0.000370714,0.698199)",NRE_0015_0668288016_786ECM_N0030386NCAM02001_18_0LLJ,"NASA's Mars Perseverance rover acquired this image using its onboard Right Navigation Camera (Navcam). The camera is located high on the rover's mast and aids in driving. 

This image was acquired on Mar. 6, 2021 (Sol 15) at the local mean solar time of 16:49:29.",Full,Sol-00015M16:49:29.038,NASA/JPL-Caltech,2021-03-06T22:37:59.000,https://mars.nasa.gov/rss/api/?feed=raw_images&category=mars2020&feedtype=json&id=NRE_0015_0668288016_786ECM_N0030386NCAM02001_18_0LLJ,https://mars.nasa.gov/mars2020/multimedia/raw-images/?id=NRE_0015_0668288016_786ECM_N0030386NCAM02001_18_0LLJ,386,Mars Perseverance Sol 15: Right Navigation Camera (Navcam),3,2021-03-07T06:13:56Z,126.051,-29.3567,668288017.733,1,"(31.2262,8.12755,0.398731)","(2553,2873,1296,968)","(1296,968)",https://mars.nasa.gov/mars2020-raw-images/pub/ods/surface/sol/00015/ids/edr/browse/ncam/NRE_0015_0668288016_786ECM_N0030386NCAM02001_18_0LLJ01_800.jpg,https://mars.nasa.gov/mars2020-raw-images/pub/ods/surface/sol/00015/ids/edr/browse/ncam/NRE_0015_0668288016_786ECM_N0030386NCAM02001_18_0LLJ01_320.jpg,https://mars.nasa.gov/mars2020-raw-images/pub/ods/surface/sol/00015/ids/edr/browse/ncam/NRE_0015_0668288016_786ECM_N0030386NCAM02001_18_0LLJ01.png,https://mars.nasa.gov/mars2020-raw-images/pub/ods/surface/sol/00015/ids/edr/browse/ncam/NRE_0015_0668288016_786ECM_N0030386NCAM02001_18_0LLJ01_1200.jpg,UNK,"(-0.48338090497057873,0.3366141857726971,0.8081050616388991)","(0.553144,0.547528,-1.90644);(-0.515082,0.697097,0.498761);(-2391.04,-1731.08,1.84973);(1340.38,-1834.98,2097.19);(-0.514967,0.697661,0.498091);(0.0,0.05117,-0.018889);(0.001504,0.020873,-0.009439);2.0;0.0","(0.553144,0.547528,-1.90644)",NAVCAM_RIGHT,CAHVORE
15,"(0.7156,0.0208675,-0.000370714,0.698199)",NRE_0015_0668288016_786ECM_N0030386NCAM02001_19_0LLJ,"NASA's Mars Perseverance rover acquired this image using its onboard Right Navigation Camera (Navcam). The camera is located high on the rover's mast and aids in driving. 

This image was acquired on Mar. 6, 2021 (Sol 15) at the local mean solar time of 16:49:29.",Full,Sol-00015M16:49:29.038,NASA/JPL-Caltech,2021-03-06T22:37:59.000,https://mars.nasa.gov/rss/api/?feed=raw_images&category=mars2020&feedtype=json&id=NRE_0015_0668288016_786ECM_N0030386NCAM02001_19_0LLJ,https://mars.nasa.gov/mars2020/multimedia/raw-images/?id=NRE_0015_0668288016_786ECM_N0030386NCAM02001_19_0LLJ,386,Mars Perseverance Sol 15: Right Navigation Camera (Navcam),3,2021-03-07T06:13:56Z,126.051,-29.3567,668288017.733,1,"(31.2262,8.12755,0.398731)","(3833,2873,1288,968)","(1288,968)",https://mars.nasa.gov/mars2020-raw-images/pub/ods/surface/sol/00015/ids/edr/browse/ncam/NRE_0015_0668288016_786ECM_N0030386NCAM02001_19_0LLJ01_800.jpg,https://mars.nasa.gov/mars2020-raw-images/pub/ods/surface/sol/00015/ids/edr/browse/ncam/NRE_0015_0668288016_786ECM_N0030386NCAM02001_19_0LLJ01_320.jpg,https://mars.nasa.gov/mars2020-raw-images/pub/ods/surface/sol/00015/ids/edr/browse/ncam/NRE_0015_0668288016_786ECM_N0030386NCAM02001_19_0LLJ01.png,https://mars.nasa.gov/mars2020-raw-images/pub/ods/surface/sol/00015/ids/edr/browse/ncam/NRE_0015_0668288016_786ECM_N0030386NCAM02001_19_0LLJ01_1200.jpg,UNK,"(-0.6973694628248085,0.09638733105154927,0.7102008974453617)","(0.553144,0.547528,-1.90644);(-0.515082,0.697097,0.498761);(-1731.74,-2623.36,-636.564);(1340.38,-1834.98,2097.19);(-0.514967,0.697661,0.498091);(0.0,0.05117,-0.018889);(0.001504,0.020873,-0.009439);2.0;0.0","(0.553144,0.547528,-1.90644)",NAVCAM_RIGHT,CAHVORE
15,"(0.7156,0.0208675,-0.000370714,0.698199)",NLE_0015_0668288016_786ECM_N0030386NCAM02001_14_0LLJ,"NASA's Mars Perseverance rover acquired this image using its onboard Left Navigation Camera (Navcam). The camera is located high on the rover's mast and aids in driving. 

This image was acquired on Mar. 6, 2021 (Sol 15) at the local mean solar time of 16:49:29.",Full,Sol-00015M16:49:29.038,NASA/JPL-Caltech,2021-03-06T22:37:58.000,https://mars.nasa.gov/rss/api/?feed=raw_images&category=mars2020&feedtype=json&id=NLE_0015_0668288016_786ECM_N0030386NCAM02001_14_0LLJ,https://mars.nasa.gov/mars2020/multimedia/raw-images/?id=NLE_0015_0668288016_786ECM_N0030386NCAM02001_14_0LLJ,386,Mars Perseverance Sol 15: Left Navigation Camera (Navcam),3,2021-03-07T06:13:56Z,125.668,-29.5597,668288017.820,1,"(31.2262,8.12755,0.398731)","(2553,1913,1296,976)","(1296,976)",https://mars.nasa.gov/mars2020-raw-images/pub/ods/surface/sol/00015/ids/edr/browse/ncam/NLE_0015_0668288016_786ECM_N0030386NCAM02001_14_0LLJ01_800.jpg,https://mars.nasa.gov/mars2020-raw-images/pub/ods/surface/sol/00015/ids/edr/browse/ncam/NLE_0015_0668288016_786ECM_N0030386NCAM02001_14_0LLJ01_320.jpg,https://mars.nasa.gov/mars2020-raw-images/pub/ods/surface/sol/00015/ids/edr/browse/ncam/NLE_0015_0668288016_786ECM_N0030386NCAM02001_14_0LLJ01.png,https://mars.nasa.gov/mars2020-raw-images/pub/ods/surface/sol/00015/ids/edr/browse/ncam/NLE_0015_0668288016_786ECM_N0030386NCAM02001_14_0LLJ01_1200.jpg,UNK,"(-0.6143299155779754,0.49660553807548236,0.6131734619002345)","(0.894564,0.799584,-1.90465);(-0.514825,0.696307,0.500127);(-2406.68,-1721.4,6.68048);(849.991,-1178.21,2576.79);(-0.515937,0.695414,0.500224);(2e-06,0.049535,-0.015973);(-0.003612,0.013016,-0.023961);2.0;0.0","(0.894564,0.799584,-1.90465)",NAVCAM_LEFT,CAHVORE
15,"(0.7156,0.0208675,-0.000370714,0.698199)",NLE_0015_0668288016_786ECM_N0030386NCAM02001_15_0LLJ,"NASA's Mars Perseverance rover acquired this image using its onboard Left Navigation Camera (Navcam). The camera is located high on the rover's mast and aids in driving. 

This image was acquired on Mar. 6, 2021 (Sol 15) at the local mean solar time of 16:49:29.",Full,Sol-00015M16:49:29.038,NASA/JPL-Caltech,2021-03-06T22:37:58.000,https://mars.nasa.gov/rss/api/?feed=raw_images&category=mars2020&feedtype=json&id=NLE_0015_0668288016_786ECM_N0030386NCAM02001_15_0LLJ,https://mars.nasa.gov/mars2020/multimedia/raw-images/?id=NLE_0015_0668288016_786ECM_N0030386NCAM02001_15_0LLJ,386,Mars Perseverance Sol 15: Left Navigation Camera (Navcam),3,2021-03-07T06:13:56Z,125.668,-29.5597,668288017.820,1,"(31.2262,8.12755,0.398731)","(3833,1913,1288,976)","(1288,976)",https://mars.nasa.gov/mars2020-raw-images/pub/ods/surface/sol/00015/ids/edr/browse/ncam/NLE_0015_0668288016_786ECM_N0030386NCAM02001_15_0LLJ01_800.jpg,https://mars.nasa.gov/mars2020-raw-images/pub/ods/surface/sol/00015/ids/edr/browse/ncam/NLE_0015_0668288016_786ECM_N0030386NCAM02001_15_0LLJ01_320.jpg,https://mars.nasa.gov/mars2020-raw-images/pub/ods/surface/sol/00015/ids/edr/browse/ncam/NLE_0015_0668288016_786ECM_N0030386NCAM02001_15_0LLJ01.png,https://mars.nasa.gov/mars2020-raw-images/pub/ods/surface/sol/00015/ids/edr/browse/ncam/NLE_0015_0668288016_786ECM_N0030386NCAM02001_15_0LLJ01_1200.jpg,UNK,"(-0.8215529886196639,0.21527774291339133,0.5279263019553149)","(0.894564,0.799584,-1.90465);(-0.514825,0.696307,0.500127);(-1747.71,-2612.67,-633.483);(849.991,-1178.21,2576.79);(-0.515937,0.695414,0.500224);(2e-06,0.049535,-0.015973);(-0.003612,0.013016,-0.023961);2.0;0.0","(0.894564,0.799584,-1.90465)",NAVCAM_LEFT,CAHVORE
15,"(0.7156,0.0208675,-0.000370714,0.698199)",NRE_0015_0668288016_786ECM_N0030386NCAM02001_14_0LLJ,"NASA's Mars Perseverance rover acquired this image using its onboard Right Navigation Camera (Navcam). The camera is located high on the rover's mast and aids in driving. 

This image was acquired on Mar. 6, 2021 (Sol 15) at the local mean solar time of 16:49:29.",Full,Sol-00015M16:49:29.038,NASA/JPL-Caltech,2021-03-06T22:37:58.000,https://mars.nasa.gov/rss/api/?feed=raw_images&category=mars2020&feedtype=json&id=NRE_0015_0668288016_786ECM_N0030386NCAM02001_14_0LLJ,https://mars.nasa.gov/mars2020/multimedia/raw-images/?id=NRE_0015_0668288016_786ECM_N0030386NCAM02001_14_0LLJ,386,Mars Perseverance Sol 15: Right Navigation Camera (Navcam),3,2021-03-07T06:13:56Z,126.051,-29.3567,668288017.733,1,"(31.2262,8.12755,0.398731)","(2553,1913,1296,976)","(1296,976)",https://mars.nasa.gov/mars2020-raw-images/pub/ods/surface/sol/00015/ids/edr/browse/ncam/NRE_0015_0668288016_786ECM_N0030386NCAM02001_14_0LLJ01_800.jpg,https://mars.nasa.gov/mars2020-raw-images/pub/ods/surface/sol/00015/ids/edr/browse/ncam/NRE_0015_0668288016_786ECM_N0030386NCAM02001_14_0LLJ01_320.jpg,https://mars.nasa.gov/mars2020-raw-images/pub/ods/surface/sol/00015/ids/edr/browse/ncam/NRE_0015_0668288016_786ECM_N0030386NCAM02001_14_0LLJ01.png,https://mars.nasa.gov/mars2020-raw-images/pub/ods/surface/sol/00015/ids/edr/browse/ncam/NRE_0015_0668288016_786ECM_N0030386NCAM02001_14_0LLJ01_1200.jpg,UNK,"(-0.6193857951896218,0.49392614782836847,0.6102443749914853)","(0.553144,0.547528,-1.90644);(-0.515082,0.697097,0.498761);(-2391.04,-1731.08,1.84973);(845.903,-1165.77,2576.0);(-0.514967,0.697661,0.498091);(0.0,0.05117,-0.018889);(0.001504,0.020873,-0.009439);2.0;0.0","(0.553144,0.547528,-1.90644)",NAVCAM_RIGHT,CAHVORE
15,"(0.7156,0.0208675,-0.000370714,0.698199)",NLE_0015_0668288016_786ECM_N0030386NCAM02001_13_0LLJ,"NASA's Mars Perseverance rover acquired this image using its onboard Left Navigation Camera (Navcam). The camera is located high on the rover's mast and aids in driving. 

This image was acquired on Mar. 6, 2021 (Sol 15) at the local mean solar time of 16:49:29.",Full,Sol-00015M16:49:29.038,NASA/JPL-Caltech,2021-03-06T22:37:51.000,https://mars.nasa.gov/rss/api/?feed=raw_images&category=mars2020&feedtype=json&id=NLE_0015_0668288016_786ECM_N0030386NCAM02001_13_0LLJ,https://mars.nasa.gov/mars2020/multimedia/raw-images/?id=NLE_0015_0668288016_786ECM_N0030386NCAM02001_13_0LLJ,386,Mars Perseverance Sol 15: Left Navigation Camera (Navcam),3,2021-03-07T06:13:56Z,125.668,-29.5597,668288017.820,1,"(31.2262,8.12755,0.398731)","(1273,1913,1296,976)","(1296,976)",https://mars.nasa.gov/mars2020-raw-images/pub/ods/surface/sol/00015/ids/edr/browse/ncam/NLE_0015_0668288016_786ECM_N0030386NCAM02001_13_0LLJ02_800.jpg,https://mars.nasa.gov/mars2020-raw-images/pub/ods/surface/sol/00015/ids/edr/browse/ncam/NLE_0015_0668288016_786ECM_N0030386NCAM02001_13_0LLJ02_320.jpg,https://mars.nasa.gov/mars2020-raw-images/pub/ods/surface/sol/00015/ids/edr/browse/ncam/NLE_0015_0668288016_786ECM_N0030386NCAM02001_13_0LLJ02.png,https://mars.nasa.gov/mars2020-raw-images/pub/ods/surface/sol/00015/ids/edr/browse/ncam/NLE_0015_0668288016_786ECM_N0030386NCAM02001_13_0LLJ02_1200.jpg,UNK,"(-0.2752794316261258,0.7411789591875861,0.6122703528517477)","(0.894564,0.799584,-1.90465);(-0.514825,0.696307,0.500127);(-3065.66,-830.124,646.844);(849.991,-1178.21,2576.79);(-0.515937,0.695414,0.500224);(2e-06,0.049535,-0.015973);(-0.003612,0.013016,-0.023961);2.0;0.0","(0.894564,0.799584,-1.90465)",NAVCAM_LEFT,CAHVORE
15,"(0.7156,0.0208675,-0.000370714,0.698199)",NRE_0015_0668288016_786ECM_N0030386NCAM02001_09_0LLJ,"NASA's Mars Perseverance rover acquired this image using its onboard Right Navigation Camera (Navcam). The camera is located high on the rover's mast and aids in driving. 

This image was acquired on Mar. 6, 2021 (Sol 15) at the local mean solar time of 16:49:29.",Full,Sol-00015M16:49:29.038,NASA/JPL-Caltech,2021-03-06T19:19:30.000,https://mars.nasa.gov/rss/api/?feed=raw_images&category=mars2020&feedtype=json&id=NRE_0015_0668288016_786ECM_N0030386NCAM02001_09_0LLJ,https://mars.nasa.gov/mars2020/multimedia/raw-images/?id=NRE_0015_0668288016_786ECM_N0030386NCAM02001_09_0LLJ,386,Mars Perseverance Sol 15: Right Navigation Camera (Navcam),3,2021-03-07T06:13:56Z,126.051,-29.3567,668288017.733,1,"(31.2262,8.12755,0.398731)","(1273,953,1296,976)","(1296,976)",https://mars.nasa.gov/mars2020-raw-images/pub/ods/surface/sol/00015/ids/edr/browse/ncam/NRE_0015_0668288016_786ECM_N0030386NCAM02001_09_0LLJ01_800.jpg,https://mars.nasa.gov/mars2020-raw-images/pub/ods/surface/sol/00015/ids/edr/browse/ncam/NRE_0015_0668288016_786ECM_N0030386NCAM02001_09_0LLJ01_320.jpg,https://mars.nasa.gov/mars2020-raw-images/pub/ods/surface/sol/00015/ids/edr/browse/ncam/NRE_0015_0668288016_786ECM_N0030386NCAM02001_09_0LLJ01.png,https://mars.nasa.gov/mars2020-raw-images/pub/ods/surface/sol/00015/ids/edr/browse/ncam/NRE_0015_0668288016_786ECM_N0030386NCAM02001_09_0LLJ01_1200.jpg,UNK,"(-0.3715851827465771,0.8650278705347134,0.33712198854624126)","(0.553144,0.547528,-1.90644);(-0.515082,0.697097,0.498761);(-3050.35,-838.794,640.263);(351.425,-496.557,3054.81);(-0.514967,0.697661,0.498091);(0.0,0.05117,-0.018889);(0.001504,0.020873,-0.009439);2.0;0.0","(0.553144,0.547528,-1.90644)",NAVCAM_RIGHT,CAHVORE
15,"(0.7156,0.0208675,-0.000370714,0.698199)",NLE_0015_0668288016_786ECM_N0030386NCAM02001_07_0LLJ,"NASA's Mars Perseverance rover acquired this image using its onboard Left Navigation Camera (Navcam). The camera is located high on the rover's mast and aids in driving. 

This image was acquired on Mar. 6, 2021 (Sol 15) at the local mean solar time of 16:49:29.",Full,Sol-00015M16:49:29.038,NASA/JPL-Caltech,2021-03-06T19:19:23.000,https://mars.nasa.gov/rss/api/?feed=raw_images&category=mars2020&feedtype=json&id=NLE_0015_0668288016_786ECM_N0030386NCAM02001_07_0LLJ,https://mars.nasa.gov/mars2020/multimedia/raw-images/?id=NLE_0015_0668288016_786ECM_N0030386NCAM02001_07_0LLJ,386,Mars Perseverance Sol 15: Left Navigation Camera (Navcam),3,2021-03-07T06:13:56Z,125.668,-29.5597,668288017.820,1,"(31.2262,8.12755,0.398731)","(3833,1,1288,968)","(1288,968)",https://mars.nasa.gov/mars2020-raw-images/pub/ods/surface/sol/00015/ids/edr/browse/ncam/NLE_0015_0668288016_786ECM_N0030386NCAM02001_07_0LLJ01_800.jpg,https://mars.nasa.gov/mars2020-raw-images/pub/ods/surface/sol/00015/ids/edr/browse/ncam/NLE_0015_0668288016_786ECM_N0030386NCAM02001_07_0LLJ01_320.jpg,https://mars.nasa.gov/mars2020-raw-images/pub/ods/surface/sol/00015/ids/edr/browse/ncam/NLE_0015_0668288016_786ECM_N0030386NCAM02001_07_0LLJ01.png,https://mars.nasa.gov/mars2020-raw-images/pub/ods/surface/sol/00015/ids/edr/browse/ncam/NLE_0015_0668288016_786ECM_N0030386NCAM02001_07_0LLJ01_1200.jpg,UNK,"(-0.9126056644436327,0.4051946895274208,0.05448086640438903)","(0.894564,0.799584,-1.90465);(-0.514825,0.696307,0.500127);(-1747.71,-2612.67,-633.483);(-134.354,153.13,3533.03);(-0.515937,0.695414,0.500224);(2e-06,0.049535,-0.015973);(-0.003612,0.013016,-0.023961);2.0;0.0","(0.894564,0.799584,-1.90465)",NAVCAM_LEFT,CAHVORE
15,"(0.7156,0.0208675,-0.000370714,0.698199)",NRE_0015_0668288016_786ECM_N0030386NCAM02001_10_0LLJ,"NASA's Mars Perseverance rover acquired this image using its onboard Right Navigation Camera (Navcam). The camera is located high on the rover's mast and aids in driving. 

This image was acquired on Mar. 6, 2021 (Sol 15) at the local mean solar time of 16:49:29.",Full,Sol-00015M16:49:29.038,NASA/JPL-Caltech,2021-03-06T19:19:18.000,https://mars.nasa.gov/rss/api/?feed=raw_images&category=mars2020&feedtype=json&id=NRE_0015_0668288016_786ECM_N0030386NCAM02001_10_0LLJ,https://mars.nasa.gov/mars2020/multimedia/raw-images/?id=NRE_0015_0668288016_786ECM_N0030386NCAM02001_10_0LLJ,386,Mars Perseverance Sol 15: Right Navigation Camera (Navcam),3,2021-03-07T06:13:56Z,126.051,-29.3567,668288017.733,1,"(31.2262,8.12755,0.398731)","(2553,953,1296,976)","(1296,976)",https://mars.nasa.gov/mars2020-raw-images/pub/ods/surface/sol/00015/ids/edr/browse/ncam/NRE_0015_0668288016_786ECM_N0030386NCAM02001_10_0LLJ01_800.jpg,https://mars.nasa.gov/mars2020-raw-images/pub/ods/surface/sol/00015/ids/edr/browse/ncam/NRE_0015_0668288016_786ECM_N0030386NCAM02001_10_0LLJ01_320.jpg,https://mars.nasa.gov/mars2020-raw-images/pub/ods/surface/sol/00015/ids/edr/browse/ncam/NRE_0015_0668288016_786ECM_N0030386NCAM02001_10_0LLJ01.png,https://mars.nasa.gov/mars2020-raw-images/pub/ods/surface/sol/00015/ids/edr/browse/ncam/NRE_0015_0668288016_786ECM_N0030386NCAM02001_10_0LLJ01_1200.jpg,UNK,"(-0.7095246236148002,0.6191940953651004,0.3364126643711128)","(0.553144,0.547528,-1.90644);(-0.515082,0.697097,0.498761);(-2391.04,-1731.08,1.84973);(351.425,-496.557,3054.81);(-0.514967,0.697661,0.498091);(0.0,0.05117,-0.018889);(0.001504,0.020873,-0.009439);2.0;0.0","(0.553144,0.547528,-1.90644)",NAVCAM_RIGHT,CAHVORE
15,"(0.7156,0.0208675,-0.000370714,0.698199)",NRE_0015_0668288016_786ECM_N0030386NCAM02001_07_0LLJ,"NASA's Mars Perseverance rover acquired this image using its onboard Right Navigation Camera (Navcam). The camera is located high on the rover's mast and aids in driving. 

This image was acquired on Mar. 6, 2021 (Sol 15) at the local mean solar time of 16:49:29.",Full,Sol-00015M16:49:29.038,NASA/JPL-Caltech,2021-03-06T19:19:14.000,https://mars.nasa.gov/rss/api/?feed=raw_images&category=mars2020&feedtype=json&id=NRE_0015_0668288016_786ECM_N0030386NCAM02001_07_0LLJ,https://mars.nasa.gov/mars2020/multimedia/raw-images/?id=NRE_0015_0668288016_786ECM_N0030386NCAM02001_07_0LLJ,386,Mars Perseverance Sol 15: Right Navigation Camera (Navcam),3,2021-03-07T06:13:56Z,126.051,-29.3567,668288017.733,1,"(31.2262,8.12755,0.398731)","(3833,1,1288,968)","(1288,968)",https://mars.nasa.gov/mars2020-raw-images/pub/ods/surface/sol/00015/ids/edr/browse/ncam/NRE_0015_0668288016_786ECM_N0030386NCAM02001_07_0LLJ01_800.jpg,https://mars.nasa.gov/mars2020-raw-images/pub/ods/surface/sol/00015/ids/edr/browse/ncam/NRE_0015_0668288016_786ECM_N0030386NCAM02001_07_0LLJ01_320.jpg,https://mars.nasa.gov/mars2020-raw-images/pub/ods/surface/sol/00015/ids/edr/browse/ncam/NRE_0015_0668288016_786ECM_N0030386NCAM02001_07_0LLJ01.png,https://mars.nasa.gov/mars2020-raw-images/pub/ods/surface/sol/00015/ids/edr/browse/ncam/NRE_0015_0668288016_786ECM_N0030386NCAM02001_07_0LLJ01_1200.jpg,UNK,"(-0.9147227030971073,0.4007919065459463,0.05146089861231222)","(0.553144,0.547528,-1.90644);(-0.515082,0.697097,0.498761);(-1731.74,-2623.36,-636.564);(-138.934,167.079,3529.63);(-0.514967,0.697661,0.498091);(0.0,0.05117,-0.018889);(0.001504,0.020873,-0.009439);2.0;0.0","(0.553144,0.547528,-1.90644)",NAVCAM_RIGHT,CAHVORE
15,"(0.7156,0.0208675,-0.000370714,0.698199)",NLE_0015_0668288016_786ECM_N0030386NCAM02001_12_0LLJ,"NASA's Mars Perseverance rover acquired this image using its onboard Left Navigation Camera (Navcam). The camera is located high on the rover's mast and aids in driving. 

This image was acquired on Mar. 6, 2021 (Sol 15) at the local mean solar time of 16:49:29.",Full,Sol-00015M16:49:29.038,NASA/JPL-Caltech,2021-03-06T19:19:12.000,https://mars.nasa.gov/rss/api/?feed=raw_images&category=mars2020&feedtype=json&id=NLE_0015_0668288016_786ECM_N0030386NCAM02001_12_0LLJ,https://mars.nasa.gov/mars2020/multimedia/raw-images/?id=NLE_0015_0668288016_786ECM_N0030386NCAM02001_12_0LLJ,386,Mars Perseverance Sol 15: Left Navigation Camera (Navcam),3,2021-03-07T06:13:56Z,125.668,-29.5597,668288017.820,1,"(31.2262,8.12755,0.398731)","(1,1913,1288,976)","(1288,976)",https://mars.nasa.gov/mars2020-raw-images/pub/ods/surface/sol/00015/ids/edr/browse/ncam/NLE_0015_0668288016_786ECM_N0030386NCAM02001_12_0LLJ01_800.jpg,https://mars.nasa.gov/mars2020-raw-images/pub/ods/surface/sol/00015/ids/edr/browse/ncam/NLE_0015_0668288016_786ECM_N0030386NCAM02001_12_0LLJ01_320.jpg,https://mars.nasa.gov/mars2020-raw-images/pub/ods/surface/sol/00015/ids/edr/browse/ncam/NLE_0015_0668288016_786ECM_N0030386NCAM02001_12_0LLJ01.png,https://mars.nasa.gov/mars2020-raw-images/pub/ods/surface/sol/00015/ids/edr/browse/ncam/NLE_0015_0668288016_786ECM_N0030386NCAM02001_12_0LLJ01_1200.jpg,UNK,"(0.05130045757460742,0.8479533945849694,0.5275825088689569)","(0.894564,0.799584,-1.90465);(-0.514825,0.696307,0.500127);(-3720.51,55.5775,1283.01);(849.991,-1178.21,2576.79);(-0.515937,0.695414,0.500224);(2e-06,0.049535,-0.015973);(-0.003612,0.013016,-0.023961);2.0;0.0","(0.894564,0.799584,-1.90465)",NAVCAM_LEFT,CAHVORE
15,"(0.7156,0.0208675,-0.000370714,0.698199)",NRE_0015_0668288016_786ECM_N0030386NCAM02001_06_0LLJ,"NASA's Mars Perseverance rover acquired this image using its onboard Right Navigation Camera (Navcam). The camera is located high on the rover's mast and aids in driving. 

This image was acquired on Mar. 6, 2021 (Sol 15) at the local mean solar time of 16:49:29.",Full,Sol-00015M16:49:29.038,NASA/JPL-Caltech,2021-03-06T19:19:12.000,https://mars.nasa.gov/rss/api/?feed=raw_images&category=mars2020&feedtype=json&id=NRE_0015_0668288016_786ECM_N0030386NCAM02001_06_0LLJ,https://mars.nasa.gov/mars2020/multimedia/raw-images/?id=NRE_0015_0668288016_786ECM_N0030386NCAM02001_06_0LLJ,386,Mars Perseverance Sol 15: Right Navigation Camera (Navcam),3,2021-03-07T06:13:56Z,126.051,-29.3567,668288017.733,1,"(31.2262,8.12755,0.398731)","(2553,1,1296,968)","(1296,968)",https://mars.nasa.gov/mars2020-raw-images/pub/ods/surface/sol/00015/ids/edr/browse/ncam/NRE_0015_0668288016_786ECM_N0030386NCAM02001_06_0LLJ01_800.jpg,https://mars.nasa.gov/mars2020-raw-images/pub/ods/surface/sol/00015/ids/edr/browse/ncam/NRE_0015_0668288016_786ECM_N0030386NCAM02001_06_0LLJ01_320.jpg,https://mars.nasa.gov/mars2020-raw-images/pub/ods/surface/sol/00015/ids/edr/browse/ncam/NRE_0015_0668288016_786ECM_N0030386NCAM02001_06_0LLJ01.png,https://mars.nasa.gov/mars2020-raw-images/pub/ods/surface/sol/00015/ids/edr/browse/ncam/NRE_0015_0668288016_786ECM_N0030386NCAM02001_06_0LLJ01_1200.jpg,UNK,"(-0.7307978965316493,0.6799739707078859,0.059748084359818335)","(0.553144,0.547528,-1.90644);(-0.515082,0.697097,0.498761);(-2391.04,-1731.08,1.84973);(-138.934,167.079,3529.63);(-0.514967,0.697661,0.498091);(0.0,0.05117,-0.018889);(0.001504,0.020873,-0.009439);2.0;0.0","(0.553144,0.547528,-1.90644)",NAVCAM_RIGHT,CAHVORE
15,"(0.7156,0.0208675,-0.000370714,0.698199)",NLE_0015_0668288016_786ECM_N0030386NCAM02001_09_0LLJ,"NASA's Mars Perseverance rover acquired this image using its onboard Left Navigation Camera (Navcam). The camera is located high on the rover's mast and aids in driving. 

This image was acquired on Mar. 6, 2021 (Sol 15) at the local mean solar time of 16:49:29.",Full,Sol-00015M16:49:29.038,NASA/JPL-Caltech,2021-03-06T19:18:54.000,https://mars.nasa.gov/rss/api/?feed=raw_images&category=mars2020&feedtype=json&id=NLE_0015_0668288016_786ECM_N0030386NCAM02001_09_0LLJ,https://mars.nasa.gov/mars2020/multimedia/raw-images/?id=NLE_0015_0668288016_786ECM_N0030386NCAM02001_09_0LLJ,386,Mars Perseverance Sol 15: Left Navigation Camera (Navcam),3,2021-03-07T06:13:56Z,125.668,-29.5597,668288017.820,1,"(31.2262,8.12755,0.398731)","(1273,953,1296,976)","(1296,976)",https://mars.nasa.gov/mars2020-raw-images/pub/ods/surface/sol/00015/ids/edr/browse/ncam/NLE_0015_0668288016_786ECM_N0030386NCAM02001_09_0LLJ01_800.jpg,https://mars.nasa.gov/mars2020-raw-images/pub/ods/surface/sol/00015/ids/edr/browse/ncam/NLE_0015_0668288016_786ECM_N0030386NCAM02001_09_0LLJ01_320.jpg,https://mars.nasa.gov/mars2020-raw-images/pub/ods/surface/sol/00015/ids/edr/browse/ncam/NLE_0015_0668288016_786ECM_N0030386NCAM02001_09_0LLJ01.png,https://mars.nasa.gov/mars2020-raw-images/pub/ods/surface/sol/00015/ids/edr/browse/ncam/NLE_0015_0668288016_786ECM_N0030386NCAM02001_09_0LLJ01_1200.jpg,UNK,"(-0.36595972369361324,0.8660824232297202,0.3405506082899134)","(0.894564,0.799584,-1.90465);(-0.514825,0.696307,0.500127);(-3065.66,-830.124,646.844);(355.759,-509.754,3056.91);(-0.515937,0.695414,0.500224);(2e-06,0.049535,-0.015973);(-0.003612,0.013016,-0.023961);2.0;0.0","(0.894564,0.799584,-1.90465)",NAVCAM_LEFT,CAHVORE
15,"(0.7156,0.0208675,-0.000370714,0.698199)",NRE_0015_0668288016_786ECM_N0030386NCAM02001_11_0LLJ,"NASA's Mars Perseverance rover acquired this image using its onboard Right Navigation Camera (Navcam). The camera is located high on the rover's mast and aids in driving. 

This image was acquired on Mar. 6, 2021 (Sol 15) at the local mean solar time of 16:49:29.",Full,Sol-00015M16:49:29.038,NASA/JPL-Caltech,2021-03-06T19:18:54.000,https://mars.nasa.gov/rss/api/?feed=raw_images&category=mars2020&feedtype=json&id=NRE_0015_0668288016_786ECM_N0030386NCAM02001_11_0LLJ,https://mars.nasa.gov/mars2020/multimedia/raw-images/?id=NRE_0015_0668288016_786ECM_N0030386NCAM02001_11_0LLJ,386,Mars Perseverance Sol 15: Right Navigation Camera (Navcam),3,2021-03-07T06:13:56Z,126.051,-29.3567,668288017.733,1,"(31.2262,8.12755,0.398731)","(3833,953,1288,976)","(1288,976)",https://mars.nasa.gov/mars2020-raw-images/pub/ods/surface/sol/00015/ids/edr/browse/ncam/NRE_0015_0668288016_786ECM_N0030386NCAM02001_11_0LLJ01_800.jpg,https://mars.nasa.gov/mars2020-raw-images/pub/ods/surface/sol/00015/ids/edr/browse/ncam/NRE_0015_0668288016_786ECM_N0030386NCAM02001_11_0LLJ01_320.jpg,https://mars.nasa.gov/mars2020-raw-images/pub/ods/surface/sol/00015/ids/edr/browse/ncam/NRE_0015_0668288016_786ECM_N0030386NCAM02001_11_0LLJ01.png,https://mars.nasa.gov/mars2020-raw-images/pub/ods/surface/sol/00015/ids/edr/browse/ncam/NRE_0015_0668288016_786ECM_N0030386NCAM02001_11_0LLJ01_1200.jpg,UNK,"(-0.9019549934048519,0.3209514206992741,0.28890720901904005)","(0.553144,0.547528,-1.90644);(-0.515082,0.697097,0.498761);(-1731.74,-2623.36,-636.564);(351.425,-496.557,3054.81);(-0.514967,0.697661,0.498091);(0.0,0.05117,-0.018889);(0.001504,0.020873,-0.009439);2.0;0.0","(0.553144,0.547528,-1.90644)",NAVCAM_RIGHT,CAHVORE
15,"(0.7156,0.0208675,-0.000370714,0.698199)",NRE_0015_0668288016_786ECM_N0030386NCAM02001_04_0LLJ,"NASA's Mars Perseverance rover acquired this image using its onboard Right Navigation Camera (Navcam). The camera is located high on the rover's mast and aids in driving. 

This image was acquired on Mar. 6, 2021 (Sol 15) at the local mean solar time of 16:49:29.",Full,Sol-00015M16:49:29.038,NASA/JPL-Caltech,2021-03-06T19:18:51.000,https://mars.nasa.gov/rss/api/?feed=raw_images&category=mars2020&feedtype=json&id=NRE_0015_0668288016_786ECM_N0030386NCAM02001_04_0LLJ,https://mars.nasa.gov/mars2020/multimedia/raw-images/?id=NRE_0015_0668288016_786ECM_N0030386NCAM02001_04_0LLJ,386,Mars Perseverance Sol 15: Right Navigation Camera (Navcam),3,2021-03-07T06:13:56Z,126.051,-29.3567,668288017.733,1,"(31.2262,8.12755,0.398731)","(1,1,1288,968)","(1288,968)",https://mars.nasa.gov/mars2020-raw-images/pub/ods/surface/sol/00015/ids/edr/browse/ncam/NRE_0015_0668288016_786ECM_N0030386NCAM02001_04_0LLJ01_800.jpg,https://mars.nasa.gov/mars2020-raw-images/pub/ods/surface/sol/00015/ids/edr/browse/ncam/NRE_0015_0668288016_786ECM_N0030386NCAM02001_04_0LLJ01_320.jpg,https://mars.nasa.gov/mars2020-raw-images/pub/ods/surface/sol/00015/ids/edr/browse/ncam/NRE_0015_0668288016_786ECM_N0030386NCAM02001_04_0LLJ01.png,https://mars.nasa.gov/mars2020-raw-images/pub/ods/surface/sol/00015/ids/edr/browse/ncam/NRE_0015_0668288016_786ECM_N0030386NCAM02001_04_0LLJ01_1200.jpg,UNK,"(-0.10254349796396629,0.9932131559008301,0.05488586312364435)","(0.553144,0.547528,-1.90644);(-0.515082,0.697097,0.498761);(-3705.53,47.9128,1274.69);(-138.934,167.079,3529.63);(-0.514967,0.697661,0.498091);(0.0,0.05117,-0.018889);(0.001504,0.020873,-0.009439);2.0;0.0","(0.553144,0.547528,-1.90644)",NAVCAM_RIGHT,CAHVORE
15,"(0.7156,0.0208675,-0.000370714,0.698199)",NLE_0015_0668288016_786ECM_N0030386NCAM02001_06_0LLJ,"NASA's Mars Perseverance rover acquired this image using its onboard Left Navigation Camera (Navcam). The camera is located high on the rover's mast and aids in driving. 

This image was acquired on Mar. 6, 2021 (Sol 15) at the local mean solar time of 16:49:29.",Full,Sol-00015M16:49:29.038,NASA/JPL-Caltech,2021-03-06T19:18:44.000,https://mars.nasa.gov/rss/api/?feed=raw_images&category=mars2020&feedtype=json&id=NLE_0015_0668288016_786ECM_N0030386NCAM02001_06_0LLJ,https://mars.nasa.gov/mars2020/multimedia/raw-images/?id=NLE_0015_0668288016_786ECM_N0030386NCAM02001_06_0LLJ,386,Mars Perseverance Sol 15: Left Navigation Camera (Navcam),3,2021-03-07T06:13:56Z,125.668,-29.5597,668288017.820,1,"(31.2262,8.12755,0.398731)","(2553,1,1296,968)","(1296,968)",https://mars.nasa.gov/mars2020-raw-images/pub/ods/surface/sol/00015/ids/edr/browse/ncam/NLE_0015_0668288016_786ECM_N0030386NCAM02001_06_0LLJ01_800.jpg,https://mars.nasa.gov/mars2020-raw-images/pub/ods/surface/sol/00015/ids/edr/browse/ncam/NLE_0015_0668288016_786ECM_N0030386NCAM02001_06_0LLJ01_320.jpg,https://mars.nasa.gov/mars2020-raw-images/pub/ods/surface/sol/00015/ids/edr/browse/ncam/NLE_0015_0668288016_786ECM_N0030386NCAM02001_06_0LLJ01.png,https://mars.nasa.gov/mars2020-raw-images/pub/ods/surface/sol/00015/ids/edr/browse/ncam/NLE_0015_0668288016_786ECM_N0030386NCAM02001_06_0LLJ01_1200.jpg,UNK,"(-0.7266439178348957,0.6840664318302436,0.06357462950416526)","(0.894564,0.799584,-1.90465);(-0.514825,0.696307,0.500127);(-2406.68,-1721.4,6.68048);(-134.354,153.13,3533.03);(-0.515937,0.695414,0.500224);(2e-06,0.049535,-0.015973);(-0.003612,0.013016,-0.023961);2.0;0.0","(0.894564,0.799584,-1.90465)",NAVCAM_LEFT,CAHVORE
15,"(0.7156,0.0208675,-0.000370714,0.698199)",NLE_0015_0668288016_786ECM_N0030386NCAM02001_11_0LLJ,"NASA's Mars Perseverance rover acquired this image using its onboard Left Navigation Camera (Navcam). The camera is located high on the rover's mast and aids in driving. 

This image was acquired on Mar. 6, 2021 (Sol 15) at the local mean solar time of 16:49:29.",Full,Sol-00015M16:49:29.038,NASA/JPL-Caltech,2021-03-06T19:18:43.000,https://mars.nasa.gov/rss/api/?feed=raw_images&category=mars2020&feedtype=json&id=NLE_0015_0668288016_786ECM_N0030386NCAM02001_11_0LLJ,https://mars.nasa.gov/mars2020/multimedia/raw-images/?id=NLE_0015_0668288016_786ECM_N0030386NCAM02001_11_0LLJ,386,Mars Perseverance Sol 15: Left Navigation Camera (Navcam),3,2021-03-07T06:13:56Z,125.668,-29.5597,668288017.820,1,"(31.2262,8.12755,0.398731)","(3833,953,1288,976)","(1288,976)",https://mars.nasa.gov/mars2020-raw-images/pub/ods/surface/sol/00015/ids/edr/browse/ncam/NLE_0015_0668288016_786ECM_N0030386NCAM02001_11_0LLJ01_800.jpg,https://mars.nasa.gov/mars2020-raw-images/pub/ods/surface/sol/00015/ids/edr/browse/ncam/NLE_0015_0668288016_786ECM_N0030386NCAM02001_11_0LLJ01_320.jpg,https://mars.nasa.gov/mars2020-raw-images/pub/ods/surface/sol/00015/ids/edr/browse/ncam/NLE_0015_0668288016_786ECM_N0030386NCAM02001_11_0LLJ01.png,https://mars.nasa.gov/mars2020-raw-images/pub/ods/surface/sol/00015/ids/edr/browse/ncam/NLE_0015_0668288016_786ECM_N0030386NCAM02001_11_0LLJ01_1200.jpg,UNK,"(-0.899467999846258,0.3249006902464481,0.29222740927221996)","(0.894564,0.799584,-1.90465);(-0.514825,0.696307,0.500127);(-1747.71,-2612.67,-633.483);(355.759,-509.754,3056.91);(-0.515937,0.695414,0.500224);(2e-06,0.049535,-0.015973);(-0.003612,0.013016,-0.023961);2.0;0.0","(0.894564,0.799584,-1.90465)",NAVCAM_LEFT,CAHVORE
15,"(0.7156,0.0208675,-0.000370714,0.698199)",NRE_0015_0668287694_287ECM_N0030386NCAM02001_16_0LLJ,"NASA's Mars Perseverance rover acquired this image using its onboard Right Navigation Camera (Navcam). The camera is located high on the rover's mast and aids in driving. 

This image was acquired on Mar. 6, 2021 (Sol 15) at the local mean solar time of 16:44:15.",Full,Sol-00015M16:44:15.166,NASA/JPL-Caltech,2021-03-06T19:18:43.000,https://mars.nasa.gov/rss/api/?feed=raw_images&category=mars2020&feedtype=json&id=NRE_0015_0668287694_287ECM_N0030386NCAM02001_16_0LLJ,https://mars.nasa.gov/mars2020/multimedia/raw-images/?id=NRE_0015_0668287694_287ECM_N0030386NCAM02001_16_0LLJ,386,Mars Perseverance Sol 15: Right Navigation Camera (Navcam),3,2021-03-07T06:13:56Z,55.548,-27.7582,668287696.570,1,"(31.2262,8.12755,0.398731)","(1,2873,1288,968)","(1288,968)",https://mars.nasa.gov/mars2020-raw-images/pub/ods/surface/sol/00015/ids/edr/browse/ncam/NRE_0015_0668287694_287ECM_N0030386NCAM02001_16_0LLJ01_800.jpg,https://mars.nasa.gov/mars2020-raw-images/pub/ods/surface/sol/00015/ids/edr/browse/ncam/NRE_0015_0668287694_287ECM_N0030386NCAM02001_16_0LLJ01_320.jpg,https://mars.nasa.gov/mars2020-raw-images/pub/ods/surface/sol/00015/ids/edr/browse/ncam/NRE_0015_0668287694_287ECM_N0030386NCAM02001_16_0LLJ01.png,https://mars.nasa.gov/mars2020-raw-images/pub/ods/surface/sol/00015/ids/edr/browse/ncam/NRE_0015_0668287694_287ECM_N0030386NCAM02001_16_0LLJ01_1200.jpg,UNK,"(0.7047925443506498,0.1360998668598302,0.6962358046441405)","(0.709776,0.793055,-1.91017);(0.492893,0.729401,0.474391);(-1172.56,3536.77,1214.26);(-1246.95,-1828.26,2159.77);(0.493452,0.729465,0.47371);(0.0,0.05117,-0.018889);(0.001504,0.020873,-0.009439);2.0;0.0","(0.709776,0.793055,-1.91017)",NAVCAM_RIGHT,CAHVORE
15,"(0.7156,0.0208675,-0.000370714,0.698199)",NRE_0015_0668288016_786ECM_N0030386NCAM02001_12_0LLJ,"NASA's Mars Perseverance rover acquired this image using its onboard Right Navigation Camera (Navcam). The camera is located high on the rover's mast and aids in driving. 

This image was acquired on Mar. 6, 2021 (Sol 15) at the local mean solar time of 16:49:29.",Full,Sol-00015M16:49:29.038,NASA/JPL-Caltech,2021-03-06T19:18:29.000,https://mars.nasa.gov/rss/api/?feed=raw_images&category=mars2020&feedtype=json&id=NRE_0015_0668288016_786ECM_N0030386NCAM02001_12_0LLJ,https://mars.nasa.gov/mars2020/multimedia/raw-images/?id=NRE_0015_0668288016_786ECM_N0030386NCAM02001_12_0LLJ,386,Mars Perseverance Sol 15: Right Navigation Camera (Navcam),3,2021-03-07T06:13:56Z,126.051,-29.3567,668288017.733,1,"(31.2262,8.12755,0.398731)","(1,1913,1288,976)","(1288,976)",https://mars.nasa.gov/mars2020-raw-images/pub/ods/surface/sol/00015/ids/edr/browse/ncam/NRE_0015_0668288016_786ECM_N0030386NCAM02001_12_0LLJ01_800.jpg,https://mars.nasa.gov/mars2020-raw-images/pub/ods/surface/sol/00015/ids/edr/browse/ncam/NRE_0015_0668288016_786ECM_N0030386NCAM02001_12_0LLJ01_320.jpg,https://mars.nasa.gov/mars2020-raw-images/pub/ods/surface/sol/00015/ids/edr/browse/ncam/NRE_0015_0668288016_786ECM_N0030386NCAM02001_12_0LLJ01.png,https://mars.nasa.gov/mars2020-raw-images/pub/ods/surface/sol/00015/ids/edr/browse/ncam/NRE_0015_0668288016_786ECM_N0030386NCAM02001_12_0LLJ01_1200.jpg,UNK,"(0.04767130563610909,0.8492388107874624,0.5258525352903085)","(0.553144,0.547528,-1.90644);(-0.515082,0.697097,0.498761);(-3705.53,47.9128,1274.69);(845.903,-1165.77,2576.0);(-0.514967,0.697661,0.498091);(0.0,0.05117,-0.018889);(0.001504,0.020873,-0.009439);2.0;0.0","(0.553144,0.547528,-1.90644)",NAVCAM_RIGHT,CAHVORE
15,"(0.7156,0.0208675,-0.000370714,0.698199)",NLE_0015_0668287694_287ECM_N0030386NCAM02001_17_0LLJ,"NASA's Mars Perseverance rover acquired this image using its onboard Left Navigation Camera (Navcam). The camera is located high on the rover's mast and aids in driving. 

This image was acquired on Mar. 6, 2021 (Sol 15) at the local mean solar time of 16:44:15.",Full,Sol-00015M16:44:15.166,NASA/JPL-Caltech,2021-03-06T19:18:23.000,https://mars.nasa.gov/rss/api/?feed=raw_images&category=mars2020&feedtype=json&id=NLE_0015_0668287694_287ECM_N0030386NCAM02001_17_0LLJ,https://mars.nasa.gov/mars2020/multimedia/raw-images/?id=NLE_0015_0668287694_287ECM_N0030386NCAM02001_17_0LLJ,386,Mars Perseverance Sol 15: Left Navigation Camera (Navcam),3,2021-03-07T06:13:56Z,55.171,-27.9611,668287696.539,1,"(31.2262,8.12755,0.398731)","(1273,2873,1296,968)","(1296,968)",https://mars.nasa.gov/mars2020-raw-images/pub/ods/surface/sol/00015/ids/edr/browse/ncam/NLE_0015_0668287694_287ECM_N0030386NCAM02001_17_0LLJ01_800.jpg,https://mars.nasa.gov/mars2020-raw-images/pub/ods/surface/sol/00015/ids/edr/browse/ncam/NLE_0015_0668287694_287ECM_N0030386NCAM02001_17_0LLJ01_320.jpg,https://mars.nasa.gov/mars2020-raw-images/pub/ods/surface/sol/00015/ids/edr/browse/ncam/NLE_0015_0668287694_287ECM_N0030386NCAM02001_17_0LLJ01.png,https://mars.nasa.gov/mars2020-raw-images/pub/ods/surface/sol/00015/ids/edr/browse/ncam/NLE_0015_0668287694_287ECM_N0030386NCAM02001_17_0LLJ01_1200.jpg,UNK,"(0.48788857604064284,0.3655200429417213,0.7926915135012587)","(1.06144,0.555504,-1.90874);(0.492256,0.728926,0.47578);(-1796.35,2626.45,616.972);(-1256.68,-1835.79,2159.57);(0.491045,0.729677,0.475879);(2e-06,0.049535,-0.015973);(-0.003612,0.013016,-0.023961);2.0;0.0","(1.06144,0.555504,-1.90874)",NAVCAM_LEFT,CAHVORE
15,"(0.7156,0.0208675,-0.000370714,0.698199)",NLE_0015_0668287694_287ECM_N0030386NCAM02001_14_0LLJ,"NASA's Mars Perseverance rover acquired this image using its onboard Left Navigation Camera (Navcam). The camera is located high on the rover's mast and aids in driving. 

This image was acquired on Mar. 6, 2021 (Sol 15) at the local mean solar time of 16:44:15.",Full,Sol-00015M16:44:15.166,NASA/JPL-Caltech,2021-03-06T19:18:21.000,https://mars.nasa.gov/rss/api/?feed=raw_images&category=mars2020&feedtype=json&id=NLE_0015_0668287694_287ECM_N0030386NCAM02001_14_0LLJ,https://mars.nasa.gov/mars2020/multimedia/raw-images/?id=NLE_0015_0668287694_287ECM_N0030386NCAM02001_14_0LLJ,386,Mars Perseverance Sol 15: Left Navigation Camera (Navcam),3,2021-03-07T06:13:56Z,55.171,-27.9611,668287696.539,1,"(31.2262,8.12755,0.398731)","(2553,1913,1296,976)","(1296,976)",https://mars.nasa.gov/mars2020-raw-images/pub/ods/surface/sol/00015/ids/edr/browse/ncam/NLE_0015_0668287694_287ECM_N0030386NCAM02001_14_0LLJ01_800.jpg,https://mars.nasa.gov/mars2020-raw-images/pub/ods/surface/sol/00015/ids/edr/browse/ncam/NLE_0015_0668287694_287ECM_N0030386NCAM02001_14_0LLJ01_320.jpg,https://mars.nasa.gov/mars2020-raw-images/pub/ods/surface/sol/00015/ids/edr/browse/ncam/NLE_0015_0668287694_287ECM_N0030386NCAM02001_14_0LLJ01.png,https://mars.nasa.gov/mars2020-raw-images/pub/ods/surface/sol/00015/ids/edr/browse/ncam/NLE_0015_0668287694_287ECM_N0030386NCAM02001_14_0LLJ01_1200.jpg,UNK,"(0.272656194209723,0.758583494709625,0.5917851648302802)","(1.06144,0.555504,-1.90874);(0.492256,0.728926,0.47578);(-2426.44,1693.42,7.97385);(-784.117,-1136.02,2616.32);(0.491045,0.729677,0.475879);(2e-06,0.049535,-0.015973);(-0.003612,0.013016,-0.023961);2.0;0.0","(1.06144,0.555504,-1.90874)",NAVCAM_LEFT,CAHVORE
15,"(0.7156,0.0208675,-0.000370714,0.698199)",NLE_0015_0668288016_786ECM_N0030386NCAM02001_10_0LLJ,"NASA's Mars Perseverance rover acquired this image using its onboard Left Navigation Camera (Navcam). The camera is located high on the rover's mast and aids in driving. 

This image was acquired on Mar. 6, 2021 (Sol 15) at the local mean solar time of 16:49:29.",Full,Sol-00015M16:49:29.038,NASA/JPL-Caltech,2021-03-06T19:18:21.000,https://mars.nasa.gov/rss/api/?feed=raw_images&category=mars2020&feedtype=json&id=NLE_0015_0668288016_786ECM_N0030386NCAM02001_10_0LLJ,https://mars.nasa.gov/mars2020/multimedia/raw-images/?id=NLE_0015_0668288016_786ECM_N0030386NCAM02001_10_0LLJ,386,Mars Perseverance Sol 15: Left Navigation Camera (Navcam),3,2021-03-07T06:13:56Z,125.668,-29.5597,668288017.820,1,"(31.2262,8.12755,0.398731)","(2553,953,1296,976)","(1296,976)",https://mars.nasa.gov/mars2020-raw-images/pub/ods/surface/sol/00015/ids/edr/browse/ncam/NLE_0015_0668288016_786ECM_N0030386NCAM02001_10_0LLJ01_800.jpg,https://mars.nasa.gov/mars2020-raw-images/pub/ods/surface/sol/00015/ids/edr/browse/ncam/NLE_0015_0668288016_786ECM_N0030386NCAM02001_10_0LLJ01_320.jpg,https://mars.nasa.gov/mars2020-raw-images/pub/ods/surface/sol/00015/ids/edr/browse/ncam/NLE_0015_0668288016_786ECM_N0030386NCAM02001_10_0LLJ01.png,https://mars.nasa.gov/mars2020-raw-images/pub/ods/surface/sol/00015/ids/edr/browse/ncam/NLE_0015_0668288016_786ECM_N0030386NCAM02001_10_0LLJ01_1200.jpg,UNK,"(-0.7046697475011653,0.6226958310299027,0.3401329871897502)","(0.894564,0.799584,-1.90465);(-0.514825,0.696307,0.500127);(-2406.68,-1721.4,6.68048);(355.759,-509.754,3056.91);(-0.515937,0.695414,0.500224);(2e-06,0.049535,-0.015973);(-0.003612,0.013016,-0.023961);2.0;0.0","(0.894564,0.799584,-1.90465)",NAVCAM_LEFT,CAHVORE
15,"(0.7156,0.0208675,-0.000370714,0.698199)",NLE_0015_0668288016_786ECM_N0030386NCAM02001_05_0LLJ,"NASA's Mars Perseverance rover acquired this image using its onboard Left Navigation Camera (Navcam). The camera is located high on the rover's mast and aids in driving. 

This image was acquired on Mar. 6, 2021 (Sol 15) at the local mean solar time of 16:49:29.",Full,Sol-00015M16:49:29.038,NASA/JPL-Caltech,2021-03-06T19:18:19.000,https://mars.nasa.gov/rss/api/?feed=raw_images&category=mars2020&feedtype=json&id=NLE_0015_0668288016_786ECM_N0030386NCAM02001_05_0LLJ,https://mars.nasa.gov/mars2020/multimedia/raw-images/?id=NLE_0015_0668288016_786ECM_N0030386NCAM02001_05_0LLJ,386,Mars Perseverance Sol 15: Left Navigation Camera (Navcam),3,2021-03-07T06:13:56Z,125.668,-29.5597,668288017.820,1,"(31.2262,8.12755,0.398731)","(1273,1,1296,968)","(1296,968)",https://mars.nasa.gov/mars2020-raw-images/pub/ods/surface/sol/00015/ids/edr/browse/ncam/NLE_0015_0668288016_786ECM_N0030386NCAM02001_05_0LLJ01_800.jpg,https://mars.nasa.gov/mars2020-raw-images/pub/ods/surface/sol/00015/ids/edr/browse/ncam/NLE_0015_0668288016_786ECM_N0030386NCAM02001_05_0LLJ01_320.jpg,https://mars.nasa.gov/mars2020-raw-images/pub/ods/surface/sol/00015/ids/edr/browse/ncam/NLE_0015_0668288016_786ECM_N0030386NCAM02001_05_0LLJ01.png,https://mars.nasa.gov/mars2020-raw-images/pub/ods/surface/sol/00015/ids/edr/browse/ncam/NLE_0015_0668288016_786ECM_N0030386NCAM02001_05_0LLJ01_1200.jpg,UNK,"(-0.41739030671950916,0.9063847963388173,0.0652068464383504)","(0.894564,0.799584,-1.90465);(-0.514825,0.696307,0.500127);(-3065.66,-830.124,646.844);(-134.354,153.13,3533.03);(-0.515937,0.695414,0.500224);(2e-06,0.049535,-0.015973);(-0.003612,0.013016,-0.023961);2.0;0.0","(0.894564,0.799584,-1.90465)",NAVCAM_LEFT,CAHVORE
15,"(0.7156,0.0208675,-0.000370714,0.698199)",NLE_0015_0668287694_287ECM_N0030386NCAM02001_15_0LLJ,"NASA's Mars Perseverance rover acquired this image using its onboard Left Navigation Camera (Navcam). The camera is located high on the rover's mast and aids in driving. 

This image was acquired on Mar. 6, 2021 (Sol 15) at the local mean solar time of 16:44:15.",Full,Sol-00015M16:44:15.166,NASA/JPL-Caltech,2021-03-06T19:18:16.000,https://mars.nasa.gov/rss/api/?feed=raw_images&category=mars2020&feedtype=json&id=NLE_0015_0668287694_287ECM_N0030386NCAM02001_15_0LLJ,https://mars.nasa.gov/mars2020/multimedia/raw-images/?id=NLE_0015_0668287694_287ECM_N0030386NCAM02001_15_0LLJ,386,Mars Perseverance Sol 15: Left Navigation Camera (Navcam),3,2021-03-07T06:13:56Z,55.171,-27.9611,668287696.539,1,"(31.2262,8.12755,0.398731)","(3833,1913,1288,976)","(1288,976)",https://mars.nasa.gov/mars2020-raw-images/pub/ods/surface/sol/00015/ids/edr/browse/ncam/NLE_0015_0668287694_287ECM_N0030386NCAM02001_15_0LLJ01_800.jpg,https://mars.nasa.gov/mars2020-raw-images/pub/ods/surface/sol/00015/ids/edr/browse/ncam/NLE_0015_0668287694_287ECM_N0030386NCAM02001_15_0LLJ01_320.jpg,https://mars.nasa.gov/mars2020-raw-images/pub/ods/surface/sol/00015/ids/edr/browse/ncam/NLE_0015_0668287694_287ECM_N0030386NCAM02001_15_0LLJ01.png,https://mars.nasa.gov/mars2020-raw-images/pub/ods/surface/sol/00015/ids/edr/browse/ncam/NLE_0015_0668287694_287ECM_N0030386NCAM02001_15_0LLJ01_1200.jpg,UNK,"(-0.0631068365954987,0.8580123835528691,0.5097374587420797)","(1.06144,0.555504,-1.90874);(0.492256,0.728926,0.47578);(-3056.53,760.398,-601.024);(-784.117,-1136.02,2616.32);(0.491045,0.729677,0.475879);(2e-06,0.049535,-0.015973);(-0.003612,0.013016,-0.023961);2.0;0.0","(1.06144,0.555504,-1.90874)",NAVCAM_LEFT,CAHVORE
15,"(0.7156,0.0208675,-0.000370714,0.698199)",NRE_0015_0668287694_287ECM_N0030386NCAM02001_10_0LLJ,"NASA's Mars Perseverance rover acquired this image using its onboard Right Navigation Camera (Navcam). The camera is located high on the rover's mast and aids in driving. 

This image was acquired on Mar. 6, 2021 (Sol 15) at the local mean solar time of 16:44:15.",Full,Sol-00015M16:44:15.166,NASA/JPL-Caltech,2021-03-06T19:18:16.000,https://mars.nasa.gov/rss/api/?feed=raw_images&category=mars2020&feedtype=json&id=NRE_0015_0668287694_287ECM_N0030386NCAM02001_10_0LLJ,https://mars.nasa.gov/mars2020/multimedia/raw-images/?id=NRE_0015_0668287694_287ECM_N0030386NCAM02001_10_0LLJ,386,Mars Perseverance Sol 15: Right Navigation Camera (Navcam),3,2021-03-07T06:13:56Z,55.548,-27.7582,668287696.570,1,"(31.2262,8.12755,0.398731)","(2553,953,1296,976)","(1296,976)",https://mars.nasa.gov/mars2020-raw-images/pub/ods/surface/sol/00015/ids/edr/browse/ncam/NRE_0015_0668287694_287ECM_N0030386NCAM02001_10_0LLJ01_800.jpg,https://mars.nasa.gov/mars2020-raw-images/pub/ods/surface/sol/00015/ids/edr/browse/ncam/NRE_0015_0668287694_287ECM_N0030386NCAM02001_10_0LLJ01_320.jpg,https://mars.nasa.gov/mars2020-raw-images/pub/ods/surface/sol/00015/ids/edr/browse/ncam/NRE_0015_0668287694_287ECM_N0030386NCAM02001_10_0LLJ01.png,https://mars.nasa.gov/mars2020-raw-images/pub/ods/surface/sol/00015/ids/edr/browse/ncam/NRE_0015_0668287694_287ECM_N0030386NCAM02001_10_0LLJ01_1200.jpg,UNK,"(0.3518410691087299,0.8829535278207293,0.3108069011417769)","(0.709776,0.793055,-1.91017);(0.492893,0.729401,0.474391);(-2430.42,1675.34,3.61541);(-300.599,-427.807,3070.6);(0.493452,0.729465,0.47371);(0.0,0.05117,-0.018889);(0.001504,0.020873,-0.009439);2.0;0.0","(0.709776,0.793055,-1.91017)",NAVCAM_RIGHT,CAHVORE
15,"(0.7156,0.0208675,-0.000370714,0.698199)",NRE_0015_0668288016_786ECM_N0030386NCAM02001_08_0LLJ,"NASA's Mars Perseverance rover acquired this image using its onboard Right Navigation Camera (Navcam). The camera is located high on the rover's mast and aids in driving. 

This image was acquired on Mar. 6, 2021 (Sol 15) at the local mean solar time of 16:49:29.",Full,Sol-00015M16:49:29.038,NASA/JPL-Caltech,2021-03-06T19:18:16.000,https://mars.nasa.gov/rss/api/?feed=raw_images&category=mars2020&feedtype=json&id=NRE_0015_0668288016_786ECM_N0030386NCAM02001_08_0LLJ,https://mars.nasa.gov/mars2020/multimedia/raw-images/?id=NRE_0015_0668288016_786ECM_N0030386NCAM02001_08_0LLJ,386,Mars Perseverance Sol 15: Right Navigation Camera (Navcam),3,2021-03-07T06:13:56Z,126.051,-29.3567,668288017.733,1,"(31.2262,8.12755,0.398731)","(1,953,1288,976)","(1288,976)",https://mars.nasa.gov/mars2020-raw-images/pub/ods/surface/sol/00015/ids/edr/browse/ncam/NRE_0015_0668288016_786ECM_N0030386NCAM02001_08_0LLJ01_800.jpg,https://mars.nasa.gov/mars2020-raw-images/pub/ods/surface/sol/00015/ids/edr/browse/ncam/NRE_0015_0668288016_786ECM_N0030386NCAM02001_08_0LLJ01_320.jpg,https://mars.nasa.gov/mars2020-raw-images/pub/ods/surface/sol/00015/ids/edr/browse/ncam/NRE_0015_0668288016_786ECM_N0030386NCAM02001_08_0LLJ01.png,https://mars.nasa.gov/mars2020-raw-images/pub/ods/surface/sol/00015/ids/edr/browse/ncam/NRE_0015_0668288016_786ECM_N0030386NCAM02001_08_0LLJ01_1200.jpg,UNK,"(-0.0313265621349739,0.956124538142053,0.29128081651123083)","(0.553144,0.547528,-1.90644);(-0.515082,0.697097,0.498761);(-3705.53,47.9128,1274.69);(351.425,-496.557,3054.81);(-0.514967,0.697661,0.498091);(0.0,0.05117,-0.018889);(0.001504,0.020873,-0.009439);2.0;0.0","(0.553144,0.547528,-1.90644)",NAVCAM_RIGHT,CAHVORE
15,"(0.7156,0.0208675,-0.000370714,0.698199)",NLE_0015_0668288016_786ECM_N0030386NCAM02001_08_0LLJ,"NASA's Mars Perseverance rover acquired this image using its onboard Left Navigation Camera (Navcam). The camera is located high on the rover's mast and aids in driving. 

This image was acquired on Mar. 6, 2021 (Sol 15) at the local mean solar time of 16:49:29.",Full,Sol-00015M16:49:29.038,NASA/JPL-Caltech,2021-03-06T19:18:10.000,https://mars.nasa.gov/rss/api/?feed=raw_images&category=mars2020&feedtype=json&id=NLE_0015_0668288016_786ECM_N0030386NCAM02001_08_0LLJ,https://mars.nasa.gov/mars2020/multimedia/raw-images/?id=NLE_0015_0668288016_786ECM_N0030386NCAM02001_08_0LLJ,386,Mars Perseverance Sol 15: Left Navigation Camera (Navcam),3,2021-03-07T06:13:56Z,125.668,-29.5597,668288017.820,1,"(31.2262,8.12755,0.398731)","(1,953,1288,976)","(1288,976)",https://mars.nasa.gov/mars2020-raw-images/pub/ods/surface/sol/00015/ids/edr/browse/ncam/NLE_0015_0668288016_786ECM_N0030386NCAM02001_08_0LLJ01_800.jpg,https://mars.nasa.gov/mars2020-raw-images/pub/ods/surface/sol/00015/ids/edr/browse/ncam/NLE_0015_0668288016_786ECM_N0030386NCAM02001_08_0LLJ01_320.jpg,https://mars.nasa.gov/mars2020-raw-images/pub/ods/surface/sol/00015/ids/edr/browse/ncam/NLE_0015_0668288016_786ECM_N0030386NCAM02001_08_0LLJ01.png,https://mars.nasa.gov/mars2020-raw-images/pub/ods/surface/sol/00015/ids/edr/browse/ncam/NLE_0015_0668288016_786ECM_N0030386NCAM02001_08_0LLJ01_1200.jpg,UNK,"(-0.02725879701577137,0.9552919830564574,0.2944047980134056)","(0.894564,0.799584,-1.90465);(-0.514825,0.696307,0.500127);(-3720.51,55.5775,1283.01);(355.759,-509.754,3056.91);(-0.515937,0.695414,0.500224);(2e-06,0.049535,-0.015973);(-0.003612,0.013016,-0.023961);2.0;0.0","(0.894564,0.799584,-1.90465)",NAVCAM_LEFT,CAHVORE
15,"(0.7156,0.0208675,-0.000370714,0.698199)",NLE_0015_0668287694_287ECM_N0030386NCAM02001_12_0LLJ,"NASA's Mars Perseverance rover acquired this image using its onboard Left Navigation Camera (Navcam). The camera is located high on the rover's mast and aids in driving. 

This image was acquired on Mar. 6, 2021 (Sol 15) at the local mean solar time of 16:44:15.",Full,Sol-00015M16:44:15.166,NASA/JPL-Caltech,2021-03-06T19:18:09.000,https://mars.nasa.gov/rss/api/?feed=raw_images&category=mars2020&feedtype=json&id=NLE_0015_0668287694_287ECM_N0030386NCAM02001_12_0LLJ,https://mars.nasa.gov/mars2020/multimedia/raw-images/?id=NLE_0015_0668287694_287ECM_N0030386NCAM02001_12_0LLJ,386,Mars Perseverance Sol 15: Left Navigation Camera (Navcam),3,2021-03-07T06:13:56Z,55.171,-27.9611,668287696.539,1,"(31.2262,8.12755,0.398731)","(1,1913,1288,976)","(1288,976)",https://mars.nasa.gov/mars2020-raw-images/pub/ods/surface/sol/00015/ids/edr/browse/ncam/NLE_0015_0668287694_287ECM_N0030386NCAM02001_12_0LLJ01_800.jpg,https://mars.nasa.gov/mars2020-raw-images/pub/ods/surface/sol/00015/ids/edr/browse/ncam/NLE_0015_0668287694_287ECM_N0030386NCAM02001_12_0LLJ01_320.jpg,https://mars.nasa.gov/mars2020-raw-images/pub/ods/surface/sol/00015/ids/edr/browse/ncam/NLE_0015_0668287694_287ECM_N0030386NCAM02001_12_0LLJ01.png,https://mars.nasa.gov/mars2020-raw-images/pub/ods/surface/sol/00015/ids/edr/browse/ncam/NLE_0015_0668287694_287ECM_N0030386NCAM02001_12_0LLJ01_1200.jpg,UNK,"(0.8248275027439013,0.24668197595182412,0.5087313568650579)","(1.06144,0.555504,-1.90874);(0.492256,0.728926,0.47578);(-1170.2,3553.64,1222.16);(-784.117,-1136.02,2616.32);(0.491045,0.729677,0.475879);(2e-06,0.049535,-0.015973);(-0.003612,0.013016,-0.023961);2.0;0.0","(1.06144,0.555504,-1.90874)",NAVCAM_LEFT,CAHVORE
15,"(0.7156,0.0208675,-0.000370714,0.698199)",NLE_0015_0668287694_287ECM_N0030386NCAM02001_19_0LLJ,"NASA's Mars Perseverance rover acquired this image using its onboard Left Navigation Camera (Navcam). The camera is located high on the rover's mast and aids in driving. 

This image was acquired on Mar. 6, 2021 (Sol 15) at the local mean solar time of 16:44:15.",Full,Sol-00015M16:44:15.166,NASA/JPL-Caltech,2021-03-06T19:18:07.000,https://mars.nasa.gov/rss/api/?feed=raw_images&category=mars2020&feedtype=json&id=NLE_0015_0668287694_287ECM_N0030386NCAM02001_19_0LLJ,https://mars.nasa.gov/mars2020/multimedia/raw-images/?id=NLE_0015_0668287694_287ECM_N0030386NCAM02001_19_0LLJ,386,Mars Perseverance Sol 15: Left Navigation Camera (Navcam),3,2021-03-07T06:13:56Z,55.171,-27.9611,668287696.539,1,"(31.2262,8.12755,0.398731)","(3833,2873,1288,968)","(1288,968)",https://mars.nasa.gov/mars2020-raw-images/pub/ods/surface/sol/00015/ids/edr/browse/ncam/NLE_0015_0668287694_287ECM_N0030386NCAM02001_19_0LLJ01_800.jpg,https://mars.nasa.gov/mars2020-raw-images/pub/ods/surface/sol/00015/ids/edr/browse/ncam/NLE_0015_0668287694_287ECM_N0030386NCAM02001_19_0LLJ01_320.jpg,https://mars.nasa.gov/mars2020-raw-images/pub/ods/surface/sol/00015/ids/edr/browse/ncam/NLE_0015_0668287694_287ECM_N0030386NCAM02001_19_0LLJ01.png,https://mars.nasa.gov/mars2020-raw-images/pub/ods/surface/sol/00015/ids/edr/browse/ncam/NLE_0015_0668287694_287ECM_N0030386NCAM02001_19_0LLJ01_1200.jpg,UNK,"(-0.12741426155514146,0.7034336765304364,0.6992472157078863)","(1.06144,0.555504,-1.90874);(0.492256,0.728926,0.47578);(-3056.53,760.398,-601.024);(-1256.68,-1835.79,2159.57);(0.491045,0.729677,0.475879);(2e-06,0.049535,-0.015973);(-0.003612,0.013016,-0.023961);2.0;0.0","(1.06144,0.555504,-1.90874)",NAVCAM_LEFT,CAHVORE
15,"(0.7156,0.0208675,-0.000370714,0.698199)",NLE_0015_0668288016_786ECM_N0030386NCAM02001_04_0LLJ,"NASA's Mars Perseverance rover acquired this image using its onboard Left Navigation Camera (Navcam). The camera is located high on the rover's mast and aids in driving. 

This image was acquired on Mar. 6, 2021 (Sol 15) at the local mean solar time of 16:49:29.",Full,Sol-00015M16:49:29.038,NASA/JPL-Caltech,2021-03-06T19:18:07.000,https://mars.nasa.gov/rss/api/?feed=raw_images&category=mars2020&feedtype=json&id=NLE_0015_0668288016_786ECM_N0030386NCAM02001_04_0LLJ,https://mars.nasa.gov/mars2020/multimedia/raw-images/?id=NLE_0015_0668288016_786ECM_N0030386NCAM02001_04_0LLJ,386,Mars Perseverance Sol 15: Left Navigation Camera (Navcam),3,2021-03-07T06:13:56Z,125.668,-29.5597,668288017.820,1,"(31.2262,8.12755,0.398731)","(1,1,1288,968)","(1288,968)",https://mars.nasa.gov/mars2020-raw-images/pub/ods/surface/sol/00015/ids/edr/browse/ncam/NLE_0015_0668288016_786ECM_N0030386NCAM02001_04_0LLJ01_800.jpg,https://mars.nasa.gov/mars2020-raw-images/pub/ods/surface/sol/00015/ids/edr/browse/ncam/NLE_0015_0668288016_786ECM_N0030386NCAM02001_04_0LLJ01_320.jpg,https://mars.nasa.gov/mars2020-raw-images/pub/ods/surface/sol/00015/ids/edr/browse/ncam/NLE_0015_0668288016_786ECM_N0030386NCAM02001_04_0LLJ01.png,https://mars.nasa.gov/mars2020-raw-images/pub/ods/surface/sol/00015/ids/edr/browse/ncam/NLE_0015_0668288016_786ECM_N0030386NCAM02001_04_0LLJ01_1200.jpg,UNK,"(-0.09844081310675484,0.9933959051875788,0.05894049432632777)","(0.894564,0.799584,-1.90465);(-0.514825,0.696307,0.500127);(-3720.51,55.5775,1283.01);(-134.354,153.13,3533.03);(-0.515937,0.695414,0.500224);(2e-06,0.049535,-0.015973);(-0.003612,0.013016,-0.023961);2.0;0.0","(0.894564,0.799584,-1.90465)",NAVCAM_LEFT,CAHVORE
15,"(0.7156,0.0208675,-0.000370714,0.698199)",NRE_0015_0668287694_287ECM_N0030386NCAM02001_17_0LLJ,"NASA's Mars Perseverance rover acquired this image using its onboard Right Navigation Camera (Navcam). The camera is located high on the rover's mast and aids in driving. 

This image was acquired on Mar. 6, 2021 (Sol 15) at the local mean solar time of 16:44:15.",Full,Sol-00015M16:44:15.166,NASA/JPL-Caltech,2021-03-06T19:18:07.000,https://mars.nasa.gov/rss/api/?feed=raw_images&category=mars2020&feedtype=json&id=NRE_0015_0668287694_287ECM_N0030386NCAM02001_17_0LLJ,https://mars.nasa.gov/mars2020/multimedia/raw-images/?id=NRE_0015_0668287694_287ECM_N0030386NCAM02001_17_0LLJ,386,Mars Perseverance Sol 15: Right Navigation Camera (Navcam),3,2021-03-07T06:13:56Z,55.548,-27.7582,668287696.570,1,"(31.2262,8.12755,0.398731)","(1273,2873,1296,968)","(1296,968)",https://mars.nasa.gov/mars2020-raw-images/pub/ods/surface/sol/00015/ids/edr/browse/ncam/NRE_0015_0668287694_287ECM_N0030386NCAM02001_17_0LLJ01_800.jpg,https://mars.nasa.gov/mars2020-raw-images/pub/ods/surface/sol/00015/ids/edr/browse/ncam/NRE_0015_0668287694_287ECM_N0030386NCAM02001_17_0LLJ01_320.jpg,https://mars.nasa.gov/mars2020-raw-images/pub/ods/surface/sol/00015/ids/edr/browse/ncam/NRE_0015_0668287694_287ECM_N0030386NCAM02001_17_0LLJ01.png,https://mars.nasa.gov/mars2020-raw-images/pub/ods/surface/sol/00015/ids/edr/browse/ncam/NRE_0015_0668287694_287ECM_N0030386NCAM02001_17_0LLJ01_1200.jpg,UNK,"(0.48609791405803726,0.3696610204559051,0.7918709161876851)","(0.709776,0.793055,-1.91017);(0.492893,0.729401,0.474391);(-1799.51,2608.98,610.836);(-1246.95,-1828.26,2159.77);(0.493452,0.729465,0.47371);(0.0,0.05117,-0.018889);(0.001504,0.020873,-0.009439);2.0;0.0","(0.709776,0.793055,-1.91017)",NAVCAM_RIGHT,CAHVORE
15,"(0.7156,0.0208675,-0.000370714,0.698199)",NRE_0015_0668287694_287ECM_N0030386NCAM02001_19_0LLJ,"NASA's Mars Perseverance rover acquired this image using its onboard Right Navigation Camera (Navcam). The camera is located high on the rover's mast and aids in driving. 

This image was acquired on Mar. 6, 2021 (Sol 15) at the local mean solar time of 16:44:15.",Full,Sol-00015M16:44:15.166,NASA/JPL-Caltech,2021-03-06T19:18:07.000,https://mars.nasa.gov/rss/api/?feed=raw_images&category=mars2020&feedtype=json&id=NRE_0015_0668287694_287ECM_N0030386NCAM02001_19_0LLJ,https://mars.nasa.gov/mars2020/multimedia/raw-images/?id=NRE_0015_0668287694_287ECM_N0030386NCAM02001_19_0LLJ,386,Mars Perseverance Sol 15: Right Navigation Camera (Navcam),3,2021-03-07T06:13:56Z,55.548,-27.7582,668287696.570,1,"(31.2262,8.12755,0.398731)","(3833,2873,1288,968)","(1288,968)",https://mars.nasa.gov/mars2020-raw-images/pub/ods/surface/sol/00015/ids/edr/browse/ncam/NRE_0015_0668287694_287ECM_N0030386NCAM02001_19_0LLJ01_800.jpg,https://mars.nasa.gov/mars2020-raw-images/pub/ods/surface/sol/00015/ids/edr/browse/ncam/NRE_0015_0668287694_287ECM_N0030386NCAM02001_19_0LLJ01_320.jpg,https://mars.nasa.gov/mars2020-raw-images/pub/ods/surface/sol/00015/ids/edr/browse/ncam/NRE_0015_0668287694_287ECM_N0030386NCAM02001_19_0LLJ01.png,https://mars.nasa.gov/mars2020-raw-images/pub/ods/surface/sol/00015/ids/edr/browse/ncam/NRE_0015_0668287694_287ECM_N0030386NCAM02001_19_0LLJ01_1200.jpg,UNK,"(-0.13066011587437784,0.7054213996015289,0.6966409283870093)","(0.709776,0.793055,-1.91017);(0.492893,0.729401,0.474391);(-3061.32,741.711,-603.605);(-1246.95,-1828.26,2159.77);(0.493452,0.729465,0.47371);(0.0,0.05117,-0.018889);(0.001504,0.020873,-0.009439);2.0;0.0","(0.709776,0.793055,-1.91017)",NAVCAM_RIGHT,CAHVORE
15,"(0.7156,0.0208675,-0.000370714,0.698199)",NRE_0015_0668288016_786ECM_N0030386NCAM02001_05_0LLJ,"NASA's Mars Perseverance rover acquired this image using its onboard Right Navigation Camera (Navcam). The camera is located high on the rover's mast and aids in driving. 

This image was acquired on Mar. 6, 2021 (Sol 15) at the local mean solar time of 16:49:29.",Full,Sol-00015M16:49:29.038,NASA/JPL-Caltech,2021-03-06T19:18:07.000,https://mars.nasa.gov/rss/api/?feed=raw_images&category=mars2020&feedtype=json&id=NRE_0015_0668288016_786ECM_N0030386NCAM02001_05_0LLJ,https://mars.nasa.gov/mars2020/multimedia/raw-images/?id=NRE_0015_0668288016_786ECM_N0030386NCAM02001_05_0LLJ,386,Mars Perseverance Sol 15: Right Navigation Camera (Navcam),3,2021-03-07T06:13:56Z,126.051,-29.3567,668288017.733,1,"(31.2262,8.12755,0.398731)","(1273,1,1296,968)","(1296,968)",https://mars.nasa.gov/mars2020-raw-images/pub/ods/surface/sol/00015/ids/edr/browse/ncam/NRE_0015_0668288016_786ECM_N0030386NCAM02001_05_0LLJ01_800.jpg,https://mars.nasa.gov/mars2020-raw-images/pub/ods/surface/sol/00015/ids/edr/browse/ncam/NRE_0015_0668288016_786ECM_N0030386NCAM02001_05_0LLJ01_320.jpg,https://mars.nasa.gov/mars2020-raw-images/pub/ods/surface/sol/00015/ids/edr/browse/ncam/NRE_0015_0668288016_786ECM_N0030386NCAM02001_05_0LLJ01.png,https://mars.nasa.gov/mars2020-raw-images/pub/ods/surface/sol/00015/ids/edr/browse/ncam/NRE_0015_0668288016_786ECM_N0030386NCAM02001_05_0LLJ01_1200.jpg,UNK,"(-0.4224753795270386,0.9043180623326148,0.061019634811015896)","(0.553144,0.547528,-1.90644);(-0.515082,0.697097,0.498761);(-3050.35,-838.794,640.263);(-138.934,167.079,3529.63);(-0.514967,0.697661,0.498091);(0.0,0.05117,-0.018889);(0.001504,0.020873,-0.009439);2.0;0.0","(0.553144,0.547528,-1.90644)",NAVCAM_RIGHT,CAHVORE
15,"(0.7156,0.0208675,-0.000370714,0.698199)",NLE_0015_0668287694_287ECM_N0030386NCAM02001_18_0LLJ,"NASA's Mars Perseverance rover acquired this image using its onboard Left Navigation Camera (Navcam). The camera is located high on the rover's mast and aids in driving. 

This image was acquired on Mar. 6, 2021 (Sol 15) at the local mean solar time of 16:44:15.",Full,Sol-00015M16:44:15.166,NASA/JPL-Caltech,2021-03-06T19:18:06.000,https://mars.nasa.gov/rss/api/?feed=raw_images&category=mars2020&feedtype=json&id=NLE_0015_0668287694_287ECM_N0030386NCAM02001_18_0LLJ,https://mars.nasa.gov/mars2020/multimedia/raw-images/?id=NLE_0015_0668287694_287ECM_N0030386NCAM02001_18_0LLJ,386,Mars Perseverance Sol 15: Left Navigation Camera (Navcam),3,2021-03-07T06:13:56Z,55.171,-27.9611,668287696.539,1,"(31.2262,8.12755,0.398731)","(2553,2873,1296,968)","(1296,968)",https://mars.nasa.gov/mars2020-raw-images/pub/ods/surface/sol/00015/ids/edr/browse/ncam/NLE_0015_0668287694_287ECM_N0030386NCAM02001_18_0LLJ01_800.jpg,https://mars.nasa.gov/mars2020-raw-images/pub/ods/surface/sol/00015/ids/edr/browse/ncam/NLE_0015_0668287694_287ECM_N0030386NCAM02001_18_0LLJ01_320.jpg,https://mars.nasa.gov/mars2020-raw-images/pub/ods/surface/sol/00015/ids/edr/browse/ncam/NLE_0015_0668287694_287ECM_N0030386NCAM02001_18_0LLJ01.png,https://mars.nasa.gov/mars2020-raw-images/pub/ods/surface/sol/00015/ids/edr/browse/ncam/NLE_0015_0668287694_287ECM_N0030386NCAM02001_18_0LLJ01_1200.jpg,UNK,"(0.17221805076643507,0.5825769762825507,0.7943204703995045)","(1.06144,0.555504,-1.90874);(0.492256,0.728926,0.47578);(-2426.44,1693.42,7.97385);(-1256.68,-1835.79,2159.57);(0.491045,0.729677,0.475879);(2e-06,0.049535,-0.015973);(-0.003612,0.013016,-0.023961);2.0;0.0","(1.06144,0.555504,-1.90874)",NAVCAM_LEFT,CAHVORE
15,"(0.7156,0.0208675,-0.000370714,0.698199)",NRE_0015_0668287694_287ECM_N0030386NCAM02001_18_0LLJ,"NASA's Mars Perseverance rover acquired this image using its onboard Right Navigation Camera (Navcam). The camera is located high on the rover's mast and aids in driving. 

This image was acquired on Mar. 6, 2021 (Sol 15) at the local mean solar time of 16:44:15.",Full,Sol-00015M16:44:15.166,NASA/JPL-Caltech,2021-03-06T19:18:06.000,https://mars.nasa.gov/rss/api/?feed=raw_images&category=mars2020&feedtype=json&id=NRE_0015_0668287694_287ECM_N0030386NCAM02001_18_0LLJ,https://mars.nasa.gov/mars2020/multimedia/raw-images/?id=NRE_0015_0668287694_287ECM_N0030386NCAM02001_18_0LLJ,386,Mars Perseverance Sol 15: Right Navigation Camera (Navcam),3,2021-03-07T06:13:56Z,55.548,-27.7582,668287696.570,1,"(31.2262,8.12755,0.398731)","(2553,2873,1296,968)","(1296,968)",https://mars.nasa.gov/mars2020-raw-images/pub/ods/surface/sol/00015/ids/edr/browse/ncam/NRE_0015_0668287694_287ECM_N0030386NCAM02001_18_0LLJ01_800.jpg,https://mars.nasa.gov/mars2020-raw-images/pub/ods/surface/sol/00015/ids/edr/browse/ncam/NRE_0015_0668287694_287ECM_N0030386NCAM02001_18_0LLJ01_320.jpg,https://mars.nasa.gov/mars2020-raw-images/pub/ods/surface/sol/00015/ids/edr/browse/ncam/NRE_0015_0668287694_287ECM_N0030386NCAM02001_18_0LLJ01.png,https://mars.nasa.gov/mars2020-raw-images/pub/ods/surface/sol/00015/ids/edr/browse/ncam/NRE_0015_0668287694_287ECM_N0030386NCAM02001_18_0LLJ01_1200.jpg,UNK,"(0.16883841089129037,0.5861825362962766,0.7923910809372908)","(0.709776,0.793055,-1.91017);(0.492893,0.729401,0.474391);(-2430.42,1675.34,3.61541);(-1246.95,-1828.26,2159.77);(0.493452,0.729465,0.47371);(0.0,0.05117,-0.018889);(0.001504,0.020873,-0.009439);2.0;0.0","(0.709776,0.793055,-1.91017)",NAVCAM_RIGHT,CAHVORE
15,"(0.7156,0.0208675,-0.000370714,0.698199)",NLE_0015_0668287694_287ECM_N0030386NCAM02001_16_0LLJ,"NASA's Mars Perseverance rover acquired this image using its onboard Left Navigation Camera (Navcam). The camera is located high on the rover's mast and aids in driving. 

This image was acquired on Mar. 6, 2021 (Sol 15) at the local mean solar time of 16:44:15.",Full,Sol-00015M16:44:15.166,NASA/JPL-Caltech,2021-03-06T19:17:59.000,https://mars.nasa.gov/rss/api/?feed=raw_images&category=mars2020&feedtype=json&id=NLE_0015_0668287694_287ECM_N0030386NCAM02001_16_0LLJ,https://mars.nasa.gov/mars2020/multimedia/raw-images/?id=NLE_0015_0668287694_287ECM_N0030386NCAM02001_16_0LLJ,386,Mars Perseverance Sol 15: Left Navigation Camera (Navcam),3,2021-03-07T06:13:56Z,55.171,-27.9611,668287696.539,1,"(31.2262,8.12755,0.398731)","(1,2873,1288,968)","(1288,968)",https://mars.nasa.gov/mars2020-raw-images/pub/ods/surface/sol/00015/ids/edr/browse/ncam/NLE_0015_0668287694_287ECM_N0030386NCAM02001_16_0LLJ01_800.jpg,https://mars.nasa.gov/mars2020-raw-images/pub/ods/surface/sol/00015/ids/edr/browse/ncam/NLE_0015_0668287694_287ECM_N0030386NCAM02001_16_0LLJ01_320.jpg,https://mars.nasa.gov/mars2020-raw-images/pub/ods/surface/sol/00015/ids/edr/browse/ncam/NLE_0015_0668287694_287ECM_N0030386NCAM02001_16_0LLJ01.png,https://mars.nasa.gov/mars2020-raw-images/pub/ods/surface/sol/00015/ids/edr/browse/ncam/NLE_0015_0668287694_287ECM_N0030386NCAM02001_16_0LLJ01_1200.jpg,UNK,"(0.7047628765110007,0.13292202927806082,0.6968794888820754)","(1.06144,0.555504,-1.90874);(0.492256,0.728926,0.47578);(-1170.2,3553.64,1222.16);(-1256.68,-1835.79,2159.57);(0.491045,0.729677,0.475879);(2e-06,0.049535,-0.015973);(-0.003612,0.013016,-0.023961);2.0;0.0","(1.06144,0.555504,-1.90874)",NAVCAM_LEFT,CAHVORE
15,"(0.7156,0.0208675,-0.000370714,0.698199)",NLE_0015_0668287694_287ECM_N0030386NCAM02001_13_0LLJ,"NASA's Mars Perseverance rover acquired this image using its onboard Left Navigation Camera (Navcam). The camera is located high on the rover's mast and aids in driving. 

This image was acquired on Mar. 6, 2021 (Sol 15) at the local mean solar time of 16:44:15.",Full,Sol-00015M16:44:15.166,NASA/JPL-Caltech,2021-03-06T19:17:58.000,https://mars.nasa.gov/rss/api/?feed=raw_images&category=mars2020&feedtype=json&id=NLE_0015_0668287694_287ECM_N0030386NCAM02001_13_0LLJ,https://mars.nasa.gov/mars2020/multimedia/raw-images/?id=NLE_0015_0668287694_287ECM_N0030386NCAM02001_13_0LLJ,386,Mars Perseverance Sol 15: Left Navigation Camera (Navcam),3,2021-03-07T06:13:56Z,55.171,-27.9611,668287696.539,1,"(31.2262,8.12755,0.398731)","(1273,1913,1296,976)","(1296,976)",https://mars.nasa.gov/mars2020-raw-images/pub/ods/surface/sol/00015/ids/edr/browse/ncam/NLE_0015_0668287694_287ECM_N0030386NCAM02001_13_0LLJ01_800.jpg,https://mars.nasa.gov/mars2020-raw-images/pub/ods/surface/sol/00015/ids/edr/browse/ncam/NLE_0015_0668287694_287ECM_N0030386NCAM02001_13_0LLJ01_320.jpg,https://mars.nasa.gov/mars2020-raw-images/pub/ods/surface/sol/00015/ids/edr/browse/ncam/NLE_0015_0668287694_287ECM_N0030386NCAM02001_13_0LLJ01.png,https://mars.nasa.gov/mars2020-raw-images/pub/ods/surface/sol/00015/ids/edr/browse/ncam/NLE_0015_0668287694_287ECM_N0030386NCAM02001_13_0LLJ01_1200.jpg,UNK,"(0.6164377744902524,0.5207060427472332,0.5906519171458107)","(1.06144,0.555504,-1.90874);(0.492256,0.728926,0.47578);(-1796.35,2626.45,616.972);(-784.117,-1136.02,2616.32);(0.491045,0.729677,0.475879);(2e-06,0.049535,-0.015973);(-0.003612,0.013016,-0.023961);2.0;0.0","(1.06144,0.555504,-1.90874)",NAVCAM_LEFT,CAHVORE
15,"(0.7156,0.0208675,-0.000370714,0.698199)",NRE_0015_0668287694_287ECM_N0030386NCAM02001_12_0LLJ,"NASA's Mars Perseverance rover acquired this image using its onboard Right Navigation Camera (Navcam). The camera is located high on the rover's mast and aids in driving. 

This image was acquired on Mar. 6, 2021 (Sol 15) at the local mean solar time of 16:44:15.",Full,Sol-00015M16:44:15.166,NASA/JPL-Caltech,2021-03-06T19:17:58.000,https://mars.nasa.gov/rss/api/?feed=raw_images&category=mars2020&feedtype=json&id=NRE_0015_0668287694_287ECM_N0030386NCAM02001_12_0LLJ,https://mars.nasa.gov/mars2020/multimedia/raw-images/?id=NRE_0015_0668287694_287ECM_N0030386NCAM02001_12_0LLJ,386,Mars Perseverance Sol 15: Right Navigation Camera (Navcam),3,2021-03-07T06:13:56Z,55.548,-27.7582,668287696.570,1,"(31.2262,8.12755,0.398731)","(1,1913,1288,976)","(1288,976)",https://mars.nasa.gov/mars2020-raw-images/pub/ods/surface/sol/00015/ids/edr/browse/ncam/NRE_0015_0668287694_287ECM_N0030386NCAM02001_12_0LLJ01_800.jpg,https://mars.nasa.gov/mars2020-raw-images/pub/ods/surface/sol/00015/ids/edr/browse/ncam/NRE_0015_0668287694_287ECM_N0030386NCAM02001_12_0LLJ01_320.jpg,https://mars.nasa.gov/mars2020-raw-images/pub/ods/surface/sol/00015/ids/edr/browse/ncam/NRE_0015_0668287694_287ECM_N0030386NCAM02001_12_0LLJ01.png,https://mars.nasa.gov/mars2020-raw-images/pub/ods/surface/sol/00015/ids/edr/browse/ncam/NRE_0015_0668287694_287ECM_N0030386NCAM02001_12_0LLJ01_1200.jpg,UNK,"(0.8247965325209419,0.25049329683796334,0.5069159577096374)","(0.709776,0.793055,-1.91017);(0.492893,0.729401,0.474391);(-1172.56,3536.77,1214.26);(-773.776,-1128.03,2615.18);(0.493452,0.729465,0.47371);(0.0,0.05117,-0.018889);(0.001504,0.020873,-0.009439);2.0;0.0","(0.709776,0.793055,-1.91017)",NAVCAM_RIGHT,CAHVORE
15,"(0.7156,0.0208675,-0.000370714,0.698199)",NRE_0015_0668287694_287ECM_N0030386NCAM02001_13_0LLJ,"NASA's Mars Perseverance rover acquired this image using its onboard Right Navigation Camera (Navcam). The camera is located high on the rover's mast and aids in driving. 

This image was acquired on Mar. 6, 2021 (Sol 15) at the local mean solar time of 16:44:15.",Full,Sol-00015M16:44:15.166,NASA/JPL-Caltech,2021-03-06T19:17:58.000,https://mars.nasa.gov/rss/api/?feed=raw_images&category=mars2020&feedtype=json&id=NRE_0015_0668287694_287ECM_N0030386NCAM02001_13_0LLJ,https://mars.nasa.gov/mars2020/multimedia/raw-images/?id=NRE_0015_0668287694_287ECM_N0030386NCAM02001_13_0LLJ,386,Mars Perseverance Sol 15: Right Navigation Camera (Navcam),3,2021-03-07T06:13:56Z,55.548,-27.7582,668287696.570,1,"(31.2262,8.12755,0.398731)","(1273,1913,1296,976)","(1296,976)",https://mars.nasa.gov/mars2020-raw-images/pub/ods/surface/sol/00015/ids/edr/browse/ncam/NRE_0015_0668287694_287ECM_N0030386NCAM02001_13_0LLJ01_800.jpg,https://mars.nasa.gov/mars2020-raw-images/pub/ods/surface/sol/00015/ids/edr/browse/ncam/NRE_0015_0668287694_287ECM_N0030386NCAM02001_13_0LLJ01_320.jpg,https://mars.nasa.gov/mars2020-raw-images/pub/ods/surface/sol/00015/ids/edr/browse/ncam/NRE_0015_0668287694_287ECM_N0030386NCAM02001_13_0LLJ01.png,https://mars.nasa.gov/mars2020-raw-images/pub/ods/surface/sol/00015/ids/edr/browse/ncam/NRE_0015_0668287694_287ECM_N0030386NCAM02001_13_0LLJ01_1200.jpg,UNK,"(0.6142295140431598,0.5256193576562967,0.5885969715648272)","(0.709776,0.793055,-1.91017);(0.492893,0.729401,0.474391);(-1799.51,2608.98,610.836);(-773.776,-1128.03,2615.18);(0.493452,0.729465,0.47371);(0.0,0.05117,-0.018889);(0.001504,0.020873,-0.009439);2.0;0.0","(0.709776,0.793055,-1.91017)",NAVCAM_RIGHT,CAHVORE
15,"(0.7156,0.0208675,-0.000370714,0.698199)",NRE_0015_0668287694_287ECM_N0030386NCAM02001_14_0LLJ,"NASA's Mars Perseverance rover acquired this image using its onboard Right Navigation Camera (Navcam). The camera is located high on the rover's mast and aids in driving. 

This image was acquired on Mar. 6, 2021 (Sol 15) at the local mean solar time of 16:44:15.",Full,Sol-00015M16:44:15.166,NASA/JPL-Caltech,2021-03-06T19:17:58.000,https://mars.nasa.gov/rss/api/?feed=raw_images&category=mars2020&feedtype=json&id=NRE_0015_0668287694_287ECM_N0030386NCAM02001_14_0LLJ,https://mars.nasa.gov/mars2020/multimedia/raw-images/?id=NRE_0015_0668287694_287ECM_N0030386NCAM02001_14_0LLJ,386,Mars Perseverance Sol 15: Right Navigation Camera (Navcam),3,2021-03-07T06:13:56Z,55.548,-27.7582,668287696.570,1,"(31.2262,8.12755,0.398731)","(2553,1913,1296,976)","(1296,976)",https://mars.nasa.gov/mars2020-raw-images/pub/ods/surface/sol/00015/ids/edr/browse/ncam/NRE_0015_0668287694_287ECM_N0030386NCAM02001_14_0LLJ01_800.jpg,https://mars.nasa.gov/mars2020-raw-images/pub/ods/surface/sol/00015/ids/edr/browse/ncam/NRE_0015_0668287694_287ECM_N0030386NCAM02001_14_0LLJ01_320.jpg,https://mars.nasa.gov/mars2020-raw-images/pub/ods/surface/sol/00015/ids/edr/browse/ncam/NRE_0015_0668287694_287ECM_N0030386NCAM02001_14_0LLJ01.png,https://mars.nasa.gov/mars2020-raw-images/pub/ods/surface/sol/00015/ids/edr/browse/ncam/NRE_0015_0668287694_287ECM_N0030386NCAM02001_14_0LLJ01_1200.jpg,UNK,"(0.26839320003456457,0.7623876669860523,0.588837953432666)","(0.709776,0.793055,-1.91017);(0.492893,0.729401,0.474391);(-2430.42,1675.34,3.61541);(-773.776,-1128.03,2615.18);(0.493452,0.729465,0.47371);(0.0,0.05117,-0.018889);(0.001504,0.020873,-0.009439);2.0;0.0","(0.709776,0.793055,-1.91017)",NAVCAM_RIGHT,CAHVORE
15,"(0.7156,0.0208675,-0.000370714,0.698199)",NRE_0015_0668287694_287ECM_N0030386NCAM02001_15_0LLJ,"NASA's Mars Perseverance rover acquired this image using its onboard Right Navigation Camera (Navcam). The camera is located high on the rover's mast and aids in driving. 

This image was acquired on Mar. 6, 2021 (Sol 15) at the local mean solar time of 16:44:15.",Full,Sol-00015M16:44:15.166,NASA/JPL-Caltech,2021-03-06T19:17:58.000,https://mars.nasa.gov/rss/api/?feed=raw_images&category=mars2020&feedtype=json&id=NRE_0015_0668287694_287ECM_N0030386NCAM02001_15_0LLJ,https://mars.nasa.gov/mars2020/multimedia/raw-images/?id=NRE_0015_0668287694_287ECM_N0030386NCAM02001_15_0LLJ,386,Mars Perseverance Sol 15: Right Navigation Camera (Navcam),3,2021-03-07T06:13:56Z,55.548,-27.7582,668287696.570,1,"(31.2262,8.12755,0.398731)","(3833,1913,1288,976)","(1288,976)",https://mars.nasa.gov/mars2020-raw-images/pub/ods/surface/sol/00015/ids/edr/browse/ncam/NRE_0015_0668287694_287ECM_N0030386NCAM02001_15_0LLJ01_800.jpg,https://mars.nasa.gov/mars2020-raw-images/pub/ods/surface/sol/00015/ids/edr/browse/ncam/NRE_0015_0668287694_287ECM_N0030386NCAM02001_15_0LLJ01_320.jpg,https://mars.nasa.gov/mars2020-raw-images/pub/ods/surface/sol/00015/ids/edr/browse/ncam/NRE_0015_0668287694_287ECM_N0030386NCAM02001_15_0LLJ01.png,https://mars.nasa.gov/mars2020-raw-images/pub/ods/surface/sol/00015/ids/edr/browse/ncam/NRE_0015_0668287694_287ECM_N0030386NCAM02001_15_0LLJ01_1200.jpg,UNK,"(-0.0671115811127033,0.8595773952272813,0.5065794481567875)","(0.709776,0.793055,-1.91017);(0.492893,0.729401,0.474391);(-3061.32,741.711,-603.605);(-773.776,-1128.03,2615.18);(0.493452,0.729465,0.47371);(0.0,0.05117,-0.018889);(0.001504,0.020873,-0.009439);2.0;0.0","(0.709776,0.793055,-1.91017)",NAVCAM_RIGHT,CAHVORE
15,"(0.7156,0.0208675,-0.000370714,0.698199)",NLE_0015_0668287694_287ECM_N0030386NCAM02001_10_0LLJ,"NASA's Mars Perseverance rover acquired this image using its onboard Left Navigation Camera (Navcam). The camera is located high on the rover's mast and aids in driving. 

This image was acquired on Mar. 6, 2021 (Sol 15) at the local mean solar time of 16:44:15.",Full,Sol-00015M16:44:15.166,NASA/JPL-Caltech,2021-03-06T19:17:57.000,https://mars.nasa.gov/rss/api/?feed=raw_images&category=mars2020&feedtype=json&id=NLE_0015_0668287694_287ECM_N0030386NCAM02001_10_0LLJ,https://mars.nasa.gov/mars2020/multimedia/raw-images/?id=NLE_0015_0668287694_287ECM_N0030386NCAM02001_10_0LLJ,386,Mars Perseverance Sol 15: Left Navigation Camera (Navcam),3,2021-03-07T06:13:56Z,55.171,-27.9611,668287696.539,1,"(31.2262,8.12755,0.398731)","(2553,953,1296,976)","(1296,976)",https://mars.nasa.gov/mars2020-raw-images/pub/ods/surface/sol/00015/ids/edr/browse/ncam/NLE_0015_0668287694_287ECM_N0030386NCAM02001_10_0LLJ01_800.jpg,https://mars.nasa.gov/mars2020-raw-images/pub/ods/surface/sol/00015/ids/edr/browse/ncam/NLE_0015_0668287694_287ECM_N0030386NCAM02001_10_0LLJ01_320.jpg,https://mars.nasa.gov/mars2020-raw-images/pub/ods/surface/sol/00015/ids/edr/browse/ncam/NLE_0015_0668287694_287ECM_N0030386NCAM02001_10_0LLJ01.png,https://mars.nasa.gov/mars2020-raw-images/pub/ods/surface/sol/00015/ids/edr/browse/ncam/NLE_0015_0668287694_287ECM_N0030386NCAM02001_10_0LLJ01_1200.jpg,UNK,"(0.3568252153421294,0.8796314155228347,0.314522397487583)","(1.06144,0.555504,-1.90874);(0.492256,0.728926,0.47578);(-2426.44,1693.42,7.97385);(-311.551,-436.249,3073.07);(0.491045,0.729677,0.475879);(2e-06,0.049535,-0.015973);(-0.003612,0.013016,-0.023961);2.0;0.0","(1.06144,0.555504,-1.90874)",NAVCAM_LEFT,CAHVORE
15,"(0.7156,0.0208675,-0.000370714,0.698199)",NLE_0015_0668287694_287ECM_N0030386NCAM02001_11_0LLJ,"NASA's Mars Perseverance rover acquired this image using its onboard Left Navigation Camera (Navcam). The camera is located high on the rover's mast and aids in driving. 

This image was acquired on Mar. 6, 2021 (Sol 15) at the local mean solar time of 16:44:15.",Full,Sol-00015M16:44:15.166,NASA/JPL-Caltech,2021-03-06T19:17:57.000,https://mars.nasa.gov/rss/api/?feed=raw_images&category=mars2020&feedtype=json&id=NLE_0015_0668287694_287ECM_N0030386NCAM02001_11_0LLJ,https://mars.nasa.gov/mars2020/multimedia/raw-images/?id=NLE_0015_0668287694_287ECM_N0030386NCAM02001_11_0LLJ,386,Mars Perseverance Sol 15: Left Navigation Camera (Navcam),3,2021-03-07T06:13:56Z,55.171,-27.9611,668287696.539,1,"(31.2262,8.12755,0.398731)","(3833,953,1288,976)","(1288,976)",https://mars.nasa.gov/mars2020-raw-images/pub/ods/surface/sol/00015/ids/edr/browse/ncam/NLE_0015_0668287694_287ECM_N0030386NCAM02001_11_0LLJ01_800.jpg,https://mars.nasa.gov/mars2020-raw-images/pub/ods/surface/sol/00015/ids/edr/browse/ncam/NLE_0015_0668287694_287ECM_N0030386NCAM02001_11_0LLJ01_320.jpg,https://mars.nasa.gov/mars2020-raw-images/pub/ods/surface/sol/00015/ids/edr/browse/ncam/NLE_0015_0668287694_287ECM_N0030386NCAM02001_11_0LLJ01.png,https://mars.nasa.gov/mars2020-raw-images/pub/ods/surface/sol/00015/ids/edr/browse/ncam/NLE_0015_0668287694_287ECM_N0030386NCAM02001_11_0LLJ01_1200.jpg,UNK,"(0.010306428235314297,0.9626993821520148,0.27037691680533543)","(1.06144,0.555504,-1.90874);(0.492256,0.728926,0.47578);(-3056.53,760.398,-601.024);(-311.551,-436.249,3073.07);(0.491045,0.729677,0.475879);(2e-06,0.049535,-0.015973);(-0.003612,0.013016,-0.023961);2.0;0.0","(1.06144,0.555504,-1.90874)",NAVCAM_LEFT,CAHVORE
15,"(0.7156,0.0208675,-0.000370714,0.698199)",NRE_0015_0668287694_287ECM_N0030386NCAM02001_09_0LLJ,"NASA's Mars Perseverance rover acquired this image using its onboard Right Navigation Camera (Navcam). The camera is located high on the rover's mast and aids in driving. 

This image was acquired on Mar. 6, 2021 (Sol 15) at the local mean solar time of 16:44:15.",Full,Sol-00015M16:44:15.166,NASA/JPL-Caltech,2021-03-06T19:17:57.000,https://mars.nasa.gov/rss/api/?feed=raw_images&category=mars2020&feedtype=json&id=NRE_0015_0668287694_287ECM_N0030386NCAM02001_09_0LLJ,https://mars.nasa.gov/mars2020/multimedia/raw-images/?id=NRE_0015_0668287694_287ECM_N0030386NCAM02001_09_0LLJ,386,Mars Perseverance Sol 15: Right Navigation Camera (Navcam),3,2021-03-07T06:13:56Z,55.548,-27.7582,668287696.570,1,"(31.2262,8.12755,0.398731)","(1273,953,1296,976)","(1296,976)",https://mars.nasa.gov/mars2020-raw-images/pub/ods/surface/sol/00015/ids/edr/browse/ncam/NRE_0015_0668287694_287ECM_N0030386NCAM02001_09_0LLJ01_800.jpg,https://mars.nasa.gov/mars2020-raw-images/pub/ods/surface/sol/00015/ids/edr/browse/ncam/NRE_0015_0668287694_287ECM_N0030386NCAM02001_09_0LLJ01_320.jpg,https://mars.nasa.gov/mars2020-raw-images/pub/ods/surface/sol/00015/ids/edr/browse/ncam/NRE_0015_0668287694_287ECM_N0030386NCAM02001_09_0LLJ01.png,https://mars.nasa.gov/mars2020-raw-images/pub/ods/surface/sol/00015/ids/edr/browse/ncam/NRE_0015_0668287694_287ECM_N0030386NCAM02001_09_0LLJ01_1200.jpg,UNK,"(0.6964661487387905,0.6465794126356726,0.3112394043444136)","(0.709776,0.793055,-1.91017);(0.492893,0.729401,0.474391);(-1799.51,2608.98,610.836);(-300.599,-427.807,3070.6);(0.493452,0.729465,0.47371);(0.0,0.05117,-0.018889);(0.001504,0.020873,-0.009439);2.0;0.0","(0.709776,0.793055,-1.91017)",NAVCAM_RIGHT,CAHVORE
15,"(0.7156,0.0208675,-0.000370714,0.698199)",NRE_0015_0668287694_287ECM_N0030386NCAM02001_11_0LLJ,"NASA's Mars Perseverance rover acquired this image using its onboard Right Navigation Camera (Navcam). The camera is located high on the rover's mast and aids in driving. 

This image was acquired on Mar. 6, 2021 (Sol 15) at the local mean solar time of 16:44:15.",Full,Sol-00015M16:44:15.166,NASA/JPL-Caltech,2021-03-06T19:17:57.000,https://mars.nasa.gov/rss/api/?feed=raw_images&category=mars2020&feedtype=json&id=NRE_0015_0668287694_287ECM_N0030386NCAM02001_11_0LLJ,https://mars.nasa.gov/mars2020/multimedia/raw-images/?id=NRE_0015_0668287694_287ECM_N0030386NCAM02001_11_0LLJ,386,Mars Perseverance Sol 15: Right Navigation Camera (Navcam),3,2021-03-07T06:13:56Z,55.548,-27.7582,668287696.570,1,"(31.2262,8.12755,0.398731)","(3833,953,1288,976)","(1288,976)",https://mars.nasa.gov/mars2020-raw-images/pub/ods/surface/sol/00015/ids/edr/browse/ncam/NRE_0015_0668287694_287ECM_N0030386NCAM02001_11_0LLJ01_800.jpg,https://mars.nasa.gov/mars2020-raw-images/pub/ods/surface/sol/00015/ids/edr/browse/ncam/NRE_0015_0668287694_287ECM_N0030386NCAM02001_11_0LLJ01_320.jpg,https://mars.nasa.gov/mars2020-raw-images/pub/ods/surface/sol/00015/ids/edr/browse/ncam/NRE_0015_0668287694_287ECM_N0030386NCAM02001_11_0LLJ01.png,https://mars.nasa.gov/mars2020-raw-images/pub/ods/surface/sol/00015/ids/edr/browse/ncam/NRE_0015_0668287694_287ECM_N0030386NCAM02001_11_0LLJ01_1200.jpg,UNK,"(0.005699702769420449,0.9636494072568915,0.26710921601805926)","(0.709776,0.793055,-1.91017);(0.492893,0.729401,0.474391);(-3061.32,741.711,-603.605);(-300.599,-427.807,3070.6);(0.493452,0.729465,0.47371);(0.0,0.05117,-0.018889);(0.001504,0.020873,-0.009439);2.0;0.0","(0.709776,0.793055,-1.91017)",NAVCAM_RIGHT,CAHVORE
15,"(0.7156,0.0208675,-0.000370714,0.698199)",NLE_0015_0668287694_287ECM_N0030386NCAM02001_08_0LLJ,"NASA's Mars Perseverance rover acquired this image using its onboard Left Navigation Camera (Navcam). The camera is located high on the rover's mast and aids in driving. 

This image was acquired on Mar. 6, 2021 (Sol 15) at the local mean solar time of 16:44:15.",Full,Sol-00015M16:44:15.166,NASA/JPL-Caltech,2021-03-06T19:17:56.000,https://mars.nasa.gov/rss/api/?feed=raw_images&category=mars2020&feedtype=json&id=NLE_0015_0668287694_287ECM_N0030386NCAM02001_08_0LLJ,https://mars.nasa.gov/mars2020/multimedia/raw-images/?id=NLE_0015_0668287694_287ECM_N0030386NCAM02001_08_0LLJ,386,Mars Perseverance Sol 15: Left Navigation Camera (Navcam),3,2021-03-07T06:13:56Z,55.171,-27.9611,668287696.539,1,"(31.2262,8.12755,0.398731)","(1,953,1288,976)","(1288,976)",https://mars.nasa.gov/mars2020-raw-images/pub/ods/surface/sol/00015/ids/edr/browse/ncam/NLE_0015_0668287694_287ECM_N0030386NCAM02001_08_0LLJ01_800.jpg,https://mars.nasa.gov/mars2020-raw-images/pub/ods/surface/sol/00015/ids/edr/browse/ncam/NLE_0015_0668287694_287ECM_N0030386NCAM02001_08_0LLJ01_320.jpg,https://mars.nasa.gov/mars2020-raw-images/pub/ods/surface/sol/00015/ids/edr/browse/ncam/NLE_0015_0668287694_287ECM_N0030386NCAM02001_08_0LLJ01.png,https://mars.nasa.gov/mars2020-raw-images/pub/ods/surface/sol/00015/ids/edr/browse/ncam/NLE_0015_0668287694_287ECM_N0030386NCAM02001_08_0LLJ01_1200.jpg,UNK,"(0.895913973954753,0.35126950349739333,0.2719336080467014)","(1.06144,0.555504,-1.90874);(0.492256,0.728926,0.47578);(-1170.2,3553.64,1222.16);(-311.551,-436.249,3073.07);(0.491045,0.729677,0.475879);(2e-06,0.049535,-0.015973);(-0.003612,0.013016,-0.023961);2.0;0.0","(1.06144,0.555504,-1.90874)",NAVCAM_LEFT,CAHVORE
15,"(0.7156,0.0208675,-0.000370714,0.698199)",NLE_0015_0668287694_287ECM_N0030386NCAM02001_09_0LLJ,"NASA's Mars Perseverance rover acquired this image using its onboard Left Navigation Camera (Navcam). The camera is located high on the rover's mast and aids in driving. 

This image was acquired on Mar. 6, 2021 (Sol 15) at the local mean solar time of 16:44:15.",Full,Sol-00015M16:44:15.166,NASA/JPL-Caltech,2021-03-06T19:17:56.000,https://mars.nasa.gov/rss/api/?feed=raw_images&category=mars2020&feedtype=json&id=NLE_0015_0668287694_287ECM_N0030386NCAM02001_09_0LLJ,https://mars.nasa.gov/mars2020/multimedia/raw-images/?id=NLE_0015_0668287694_287ECM_N0030386NCAM02001_09_0LLJ,386,Mars Perseverance Sol 15: Left Navigation Camera (Navcam),3,2021-03-07T06:13:56Z,55.171,-27.9611,668287696.539,1,"(31.2262,8.12755,0.398731)","(1273,953,1296,976)","(1296,976)",https://mars.nasa.gov/mars2020-raw-images/pub/ods/surface/sol/00015/ids/edr/browse/ncam/NLE_0015_0668287694_287ECM_N0030386NCAM02001_09_0LLJ01_800.jpg,https://mars.nasa.gov/mars2020-raw-images/pub/ods/surface/sol/00015/ids/edr/browse/ncam/NLE_0015_0668287694_287ECM_N0030386NCAM02001_09_0LLJ01_320.jpg,https://mars.nasa.gov/mars2020-raw-images/pub/ods/surface/sol/00015/ids/edr/browse/ncam/NLE_0015_0668287694_287ECM_N0030386NCAM02001_09_0LLJ01.png,https://mars.nasa.gov/mars2020-raw-images/pub/ods/surface/sol/00015/ids/edr/browse/ncam/NLE_0015_0668287694_287ECM_N0030386NCAM02001_09_0LLJ01_1200.jpg,UNK,"(0.6993959356365304,0.6417081903918068,0.3147315103372636)","(1.06144,0.555504,-1.90874);(0.492256,0.728926,0.47578);(-1796.35,2626.45,616.972);(-311.551,-436.249,3073.07);(0.491045,0.729677,0.475879);(2e-06,0.049535,-0.015973);(-0.003612,0.013016,-0.023961);2.0;0.0","(1.06144,0.555504,-1.90874)",NAVCAM_LEFT,CAHVORE
15,"(0.7156,0.0208675,-0.000370714,0.698199)",NRE_0015_0668287694_287ECM_N0030386NCAM02001_08_0LLJ,"NASA's Mars Perseverance rover acquired this image using its onboard Right Navigation Camera (Navcam). The camera is located high on the rover's mast and aids in driving. 

This image was acquired on Mar. 6, 2021 (Sol 15) at the local mean solar time of 16:44:15.",Full,Sol-00015M16:44:15.166,NASA/JPL-Caltech,2021-03-06T19:17:56.000,https://mars.nasa.gov/rss/api/?feed=raw_images&category=mars2020&feedtype=json&id=NRE_0015_0668287694_287ECM_N0030386NCAM02001_08_0LLJ,https://mars.nasa.gov/mars2020/multimedia/raw-images/?id=NRE_0015_0668287694_287ECM_N0030386NCAM02001_08_0LLJ,386,Mars Perseverance Sol 15: Right Navigation Camera (Navcam),3,2021-03-07T06:13:56Z,55.548,-27.7582,668287696.570,1,"(31.2262,8.12755,0.398731)","(1,953,1288,976)","(1288,976)",https://mars.nasa.gov/mars2020-raw-images/pub/ods/surface/sol/00015/ids/edr/browse/ncam/NRE_0015_0668287694_287ECM_N0030386NCAM02001_08_0LLJ01_800.jpg,https://mars.nasa.gov/mars2020-raw-images/pub/ods/surface/sol/00015/ids/edr/browse/ncam/NRE_0015_0668287694_287ECM_N0030386NCAM02001_08_0LLJ01_320.jpg,https://mars.nasa.gov/mars2020-raw-images/pub/ods/surface/sol/00015/ids/edr/browse/ncam/NRE_0015_0668287694_287ECM_N0030386NCAM02001_08_0LLJ01.png,https://mars.nasa.gov/mars2020-raw-images/pub/ods/surface/sol/00015/ids/edr/browse/ncam/NRE_0015_0668287694_287ECM_N0030386NCAM02001_08_0LLJ01_1200.jpg,UNK,"(0.8952868462048843,0.35531216756801276,0.2687279788013006)","(0.709776,0.793055,-1.91017);(0.492893,0.729401,0.474391);(-1172.56,3536.77,1214.26);(-300.599,-427.807,3070.6);(0.493452,0.729465,0.47371);(0.0,0.05117,-0.018889);(0.001504,0.020873,-0.009439);2.0;0.0","(0.709776,0.793055,-1.91017)",NAVCAM_RIGHT,CAHVORE
15,"(0.7156,0.0208675,-0.000370714,0.698199)",NRE_0015_0668287694_287ECM_N0030386NCAM02001_07_0LLJ,"NASA's Mars Perseverance rover acquired this image using its onboard Right Navigation Camera (Navcam). The camera is located high on the rover's mast and aids in driving. 

This image was acquired on Mar. 6, 2021 (Sol 15) at the local mean solar time of 16:44:15.",Full,Sol-00015M16:44:15.166,NASA/JPL-Caltech,2021-03-06T19:17:55.000,https://mars.nasa.gov/rss/api/?feed=raw_images&category=mars2020&feedtype=json&id=NRE_0015_0668287694_287ECM_N0030386NCAM02001_07_0LLJ,https://mars.nasa.gov/mars2020/multimedia/raw-images/?id=NRE_0015_0668287694_287ECM_N0030386NCAM02001_07_0LLJ,386,Mars Perseverance Sol 15: Right Navigation Camera (Navcam),3,2021-03-07T06:13:56Z,55.548,-27.7582,668287696.570,1,"(31.2262,8.12755,0.398731)","(3833,1,1288,968)","(1288,968)",https://mars.nasa.gov/mars2020-raw-images/pub/ods/surface/sol/00015/ids/edr/browse/ncam/NRE_0015_0668287694_287ECM_N0030386NCAM02001_07_0LLJ01_800.jpg,https://mars.nasa.gov/mars2020-raw-images/pub/ods/surface/sol/00015/ids/edr/browse/ncam/NRE_0015_0668287694_287ECM_N0030386NCAM02001_07_0LLJ01_320.jpg,https://mars.nasa.gov/mars2020-raw-images/pub/ods/surface/sol/00015/ids/edr/browse/ncam/NRE_0015_0668287694_287ECM_N0030386NCAM02001_07_0LLJ01.png,https://mars.nasa.gov/mars2020-raw-images/pub/ods/surface/sol/00015/ids/edr/browse/ncam/NRE_0015_0668287694_287ECM_N0030386NCAM02001_07_0LLJ01_1200.jpg,UNK,"(0.07279302338405372,0.9969617460507458,0.027720978663404363)","(0.709776,0.793055,-1.91017);(0.492893,0.729401,0.474391);(-3061.32,741.711,-603.605);(168.635,266.583,3522.22);(0.493452,0.729465,0.47371);(0.0,0.05117,-0.018889);(0.001504,0.020873,-0.009439);2.0;0.0","(0.709776,0.793055,-1.91017)",NAVCAM_RIGHT,CAHVORE
15,"(0.7156,0.0208675,-0.000370714,0.698199)",NLE_0015_0668287694_287ECM_N0030386NCAM02001_07_0LLJ,"NASA's Mars Perseverance rover acquired this image using its onboard Left Navigation Camera (Navcam). The camera is located high on the rover's mast and aids in driving. 

This image was acquired on Mar. 6, 2021 (Sol 15) at the local mean solar time of 16:44:15.",Full,Sol-00015M16:44:15.166,NASA/JPL-Caltech,2021-03-06T19:17:49.000,https://mars.nasa.gov/rss/api/?feed=raw_images&category=mars2020&feedtype=json&id=NLE_0015_0668287694_287ECM_N0030386NCAM02001_07_0LLJ,https://mars.nasa.gov/mars2020/multimedia/raw-images/?id=NLE_0015_0668287694_287ECM_N0030386NCAM02001_07_0LLJ,386,Mars Perseverance Sol 15: Left Navigation Camera (Navcam),3,2021-03-07T06:13:56Z,55.171,-27.9611,668287696.539,1,"(31.2262,8.12755,0.398731)","(3833,1,1288,968)","(1288,968)",https://mars.nasa.gov/mars2020-raw-images/pub/ods/surface/sol/00015/ids/edr/browse/ncam/NLE_0015_0668287694_287ECM_N0030386NCAM02001_07_0LLJ02_800.jpg,https://mars.nasa.gov/mars2020-raw-images/pub/ods/surface/sol/00015/ids/edr/browse/ncam/NLE_0015_0668287694_287ECM_N0030386NCAM02001_07_0LLJ02_320.jpg,https://mars.nasa.gov/mars2020-raw-images/pub/ods/surface/sol/00015/ids/edr/browse/ncam/NLE_0015_0668287694_287ECM_N0030386NCAM02001_07_0LLJ02.png,https://mars.nasa.gov/mars2020-raw-images/pub/ods/surface/sol/00015/ids/edr/browse/ncam/NLE_0015_0668287694_287ECM_N0030386NCAM02001_07_0LLJ02_1200.jpg,UNK,"(0.07769874803717733,0.9965049565442355,0.030672074208093914)","(1.06144,0.555504,-1.90874);(0.492256,0.728926,0.47578);(-3056.53,760.398,-601.024);(157.077,257.688,3526.01);(0.491045,0.729677,0.475879);(2e-06,0.049535,-0.015973);(-0.003612,0.013016,-0.023961);2.0;0.0","(1.06144,0.555504,-1.90874)",NAVCAM_LEFT,CAHVORE
15,"(0.7156,0.0208675,-0.000370714,0.698199)",NRE_0015_0668287694_287ECM_N0030386NCAM02001_04_0LLJ,"NASA's Mars Perseverance rover acquired this image using its onboard Right Navigation Camera (Navcam). The camera is located high on the rover's mast and aids in driving. 

This image was acquired on Mar. 6, 2021 (Sol 15) at the local mean solar time of 16:44:15.",Full,Sol-00015M16:44:15.166,NASA/JPL-Caltech,2021-03-06T18:14:15.000,https://mars.nasa.gov/rss/api/?feed=raw_images&category=mars2020&feedtype=json&id=NRE_0015_0668287694_287ECM_N0030386NCAM02001_04_0LLJ,https://mars.nasa.gov/mars2020/multimedia/raw-images/?id=NRE_0015_0668287694_287ECM_N0030386NCAM02001_04_0LLJ,386,Mars Perseverance Sol 15: Right Navigation Camera (Navcam),3,2021-03-07T06:13:56Z,55.548,-27.7582,668287696.570,1,"(31.2262,8.12755,0.398731)","(1,1,1288,968)","(1288,968)",https://mars.nasa.gov/mars2020-raw-images/pub/ods/surface/sol/00015/ids/edr/browse/ncam/NRE_0015_0668287694_287ECM_N0030386NCAM02001_04_0LLJ01_800.jpg,https://mars.nasa.gov/mars2020-raw-images/pub/ods/surface/sol/00015/ids/edr/browse/ncam/NRE_0015_0668287694_287ECM_N0030386NCAM02001_04_0LLJ01_320.jpg,https://mars.nasa.gov/mars2020-raw-images/pub/ods/surface/sol/00015/ids/edr/browse/ncam/NRE_0015_0668287694_287ECM_N0030386NCAM02001_04_0LLJ01.png,https://mars.nasa.gov/mars2020-raw-images/pub/ods/surface/sol/00015/ids/edr/browse/ncam/NRE_0015_0668287694_287ECM_N0030386NCAM02001_04_0LLJ01_1200.jpg,UNK,"(0.90257470476281,0.42945559785299775,0.030443255329396093)","(0.709776,0.793055,-1.91017);(0.492893,0.729401,0.474391);(-1172.56,3536.77,1214.26);(168.635,266.583,3522.22);(0.493452,0.729465,0.47371);(0.0,0.05117,-0.018889);(0.001504,0.020873,-0.009439);2.0;0.0","(0.709776,0.793055,-1.91017)",NAVCAM_RIGHT,CAHVORE
15,"(0.996207,0.00588069,-0.0132222,0.0858027)",NRE_0015_0668275956_042ECM_N0030188NCAM00400_14_0LLJ,"NASA's Mars Perseverance rover acquired this image using its onboard Right Navigation Camera (Navcam). The camera is located high on the rover's mast and aids in driving. 

This image was acquired on Mar. 6, 2021 (Sol 15) at the local mean solar time of 13:33:50.",Full,Sol-00015M13:33:50.884,NASA/JPL-Caltech,2021-03-06T18:14:13.000,https://mars.nasa.gov/rss/api/?feed=raw_images&category=mars2020&feedtype=json&id=NRE_0015_0668275956_042ECM_N0030188NCAM00400_14_0LLJ,https://mars.nasa.gov/mars2020/multimedia/raw-images/?id=NRE_0015_0668275956_042ECM_N0030188NCAM00400_14_0LLJ,188,Mars Perseverance Sol 15: Right Navigation Camera (Navcam),3,2021-03-07T06:13:56Z,52.1484,-12.5265,668275957.301,1,"(5.80078,2.95615,0.102654)","(1273,2873,1296,968)","(1296,968)",https://mars.nasa.gov/mars2020-raw-images/pub/ods/surface/sol/00015/ids/edr/browse/ncam/NRE_0015_0668275956_042ECM_N0030188NCAM00400_14_0LLJ01_800.jpg,https://mars.nasa.gov/mars2020-raw-images/pub/ods/surface/sol/00015/ids/edr/browse/ncam/NRE_0015_0668275956_042ECM_N0030188NCAM00400_14_0LLJ01_320.jpg,https://mars.nasa.gov/mars2020-raw-images/pub/ods/surface/sol/00015/ids/edr/browse/ncam/NRE_0015_0668275956_042ECM_N0030188NCAM00400_14_0LLJ01.png,https://mars.nasa.gov/mars2020-raw-images/pub/ods/surface/sol/00015/ids/edr/browse/ncam/NRE_0015_0668275956_042ECM_N0030188NCAM00400_14_0LLJ01_1200.jpg,UNK,"(0.6221402811344557,0.48848944024841623,0.611816588003079)","(0.72227,0.796279,-1.94703);(0.592775,0.772887,0.226449);(-1567.41,2806.63,290.19);(-958.44,-1240.78,2665.3);(0.59322,0.772767,0.225695);(0.0,0.05117,-0.018889);(0.001504,0.020873,-0.009439);2.0;0.0","(0.72227,0.796279,-1.94703)",NAVCAM_RIGHT,CAHVORE
15,"(0.996207,0.00588069,-0.0132222,0.0858027)",NLE_0015_0668275956_042ECM_N0030188NCAM00400_16_0LLJ,"NASA's Mars Perseverance rover acquired this image using its onboard Left Navigation Camera (Navcam). The camera is located high on the rover's mast and aids in driving. 

This image was acquired on Mar. 6, 2021 (Sol 15) at the local mean solar time of 13:33:50.",Full,Sol-00015M13:33:50.884,NASA/JPL-Caltech,2021-03-06T18:14:09.000,https://mars.nasa.gov/rss/api/?feed=raw_images&category=mars2020&feedtype=json&id=NLE_0015_0668275956_042ECM_N0030188NCAM00400_16_0LLJ,https://mars.nasa.gov/mars2020/multimedia/raw-images/?id=NLE_0015_0668275956_042ECM_N0030188NCAM00400_16_0LLJ,188,Mars Perseverance Sol 15: Left Navigation Camera (Navcam),3,2021-03-07T06:13:56Z,51.8071,-12.7297,668275957.209,1,"(5.80078,2.95615,0.102654)","(3833,2873,1288,968)","(1288,968)",https://mars.nasa.gov/mars2020-raw-images/pub/ods/surface/sol/00015/ids/edr/browse/ncam/NLE_0015_0668275956_042ECM_N0030188NCAM00400_16_0LLJ01_800.jpg,https://mars.nasa.gov/mars2020-raw-images/pub/ods/surface/sol/00015/ids/edr/browse/ncam/NLE_0015_0668275956_042ECM_N0030188NCAM00400_16_0LLJ01_320.jpg,https://mars.nasa.gov/mars2020-raw-images/pub/ods/surface/sol/00015/ids/edr/browse/ncam/NLE_0015_0668275956_042ECM_N0030188NCAM00400_16_0LLJ01.png,https://mars.nasa.gov/mars2020-raw-images/pub/ods/surface/sol/00015/ids/edr/browse/ncam/NLE_0015_0668275956_042ECM_N0030188NCAM00400_16_0LLJ01_1200.jpg,UNK,"(0.016182201503307646,0.8408768196589658,0.540984575117193)","(1.05937,0.538469,-1.94625);(0.592351,0.77276,0.227986);(-3079.0,846.438,-291.791);(-968.381,-1247.44,2668.19);(0.591204,0.773604,0.228098);(2e-06,0.049535,-0.015973);(-0.003612,0.013016,-0.023961);2.0;0.0","(1.05937,0.538469,-1.94625)",NAVCAM_LEFT,CAHVORE
15,"(0.996207,0.00588069,-0.0132222,0.0858027)",NLE_0015_0668275956_042ECM_N0030188NCAM00400_14_0LLJ,"NASA's Mars Perseverance rover acquired this image using its onboard Left Navigation Camera (Navcam). The camera is located high on the rover's mast and aids in driving. 

This image was acquired on Mar. 6, 2021 (Sol 15) at the local mean solar time of 13:33:50.",Full,Sol-00015M13:33:50.884,NASA/JPL-Caltech,2021-03-06T18:13:47.000,https://mars.nasa.gov/rss/api/?feed=raw_images&category=mars2020&feedtype=json&id=NLE_0015_0668275956_042ECM_N0030188NCAM00400_14_0LLJ,https://mars.nasa.gov/mars2020/multimedia/raw-images/?id=NLE_0015_0668275956_042ECM_N0030188NCAM00400_14_0LLJ,188,Mars Perseverance Sol 15: Left Navigation Camera (Navcam),3,2021-03-07T06:13:56Z,51.8071,-12.7297,668275957.209,1,"(5.80078,2.95615,0.102654)","(1273,2873,1296,968)","(1296,968)",https://mars.nasa.gov/mars2020-raw-images/pub/ods/surface/sol/00015/ids/edr/browse/ncam/NLE_0015_0668275956_042ECM_N0030188NCAM00400_14_0LLJ01_800.jpg,https://mars.nasa.gov/mars2020-raw-images/pub/ods/surface/sol/00015/ids/edr/browse/ncam/NLE_0015_0668275956_042ECM_N0030188NCAM00400_14_0LLJ01_320.jpg,https://mars.nasa.gov/mars2020-raw-images/pub/ods/surface/sol/00015/ids/edr/browse/ncam/NLE_0015_0668275956_042ECM_N0030188NCAM00400_14_0LLJ01.png,https://mars.nasa.gov/mars2020-raw-images/pub/ods/surface/sol/00015/ids/edr/browse/ncam/NLE_0015_0668275956_042ECM_N0030188NCAM00400_14_0LLJ01_1200.jpg,UNK,"(0.6238647931549524,0.48448771823128706,0.6132408749788042)","(1.05937,0.538469,-1.94625);(0.592351,0.77276,0.227986);(-1562.58,2824.7,291.853);(-968.381,-1247.44,2668.19);(0.591204,0.773604,0.228098);(2e-06,0.049535,-0.015973);(-0.003612,0.013016,-0.023961);2.0;0.0","(1.05937,0.538469,-1.94625)",NAVCAM_LEFT,CAHVORE
15,"(0.7156,0.0208675,-0.000370714,0.698199)",NLE_0015_0668287694_287ECM_N0030386NCAM02001_06_0LLJ,"NASA's Mars Perseverance rover acquired this image using its onboard Left Navigation Camera (Navcam). The camera is located high on the rover's mast and aids in driving. 

This image was acquired on Mar. 6, 2021 (Sol 15) at the local mean solar time of 16:44:15.",Full,Sol-00015M16:44:15.166,NASA/JPL-Caltech,2021-03-06T18:13:36.000,https://mars.nasa.gov/rss/api/?feed=raw_images&category=mars2020&feedtype=json&id=NLE_0015_0668287694_287ECM_N0030386NCAM02001_06_0LLJ,https://mars.nasa.gov/mars2020/multimedia/raw-images/?id=NLE_0015_0668287694_287ECM_N0030386NCAM02001_06_0LLJ,386,Mars Perseverance Sol 15: Left Navigation Camera (Navcam),3,2021-03-07T06:13:56Z,55.171,-27.9611,668287696.539,1,"(31.2262,8.12755,0.398731)","(2553,1,1296,968)","(1296,968)",https://mars.nasa.gov/mars2020-raw-images/pub/ods/surface/sol/00015/ids/edr/browse/ncam/NLE_0015_0668287694_287ECM_N0030386NCAM02001_06_0LLJ01_800.jpg,https://mars.nasa.gov/mars2020-raw-images/pub/ods/surface/sol/00015/ids/edr/browse/ncam/NLE_0015_0668287694_287ECM_N0030386NCAM02001_06_0LLJ01_320.jpg,https://mars.nasa.gov/mars2020-raw-images/pub/ods/surface/sol/00015/ids/edr/browse/ncam/NLE_0015_0668287694_287ECM_N0030386NCAM02001_06_0LLJ01.png,https://mars.nasa.gov/mars2020-raw-images/pub/ods/surface/sol/00015/ids/edr/browse/ncam/NLE_0015_0668287694_287ECM_N0030386NCAM02001_06_0LLJ01_1200.jpg,UNK,"(0.4027981029530503,0.91456816466074,0.03631474144902398)","(1.06144,0.555504,-1.90874);(0.492256,0.728926,0.47578);(-2426.44,1693.42,7.97385);(157.077,257.688,3526.01);(0.491045,0.729677,0.475879);(2e-06,0.049535,-0.015973);(-0.003612,0.013016,-0.023961);2.0;0.0","(1.06144,0.555504,-1.90874)",NAVCAM_LEFT,CAHVORE
15,"(0.996207,0.00588069,-0.0132222,0.0858027)",NLE_0015_0668275956_042ECM_N0030188NCAM00400_15_0LLJ,"NASA's Mars Perseverance rover acquired this image using its onboard Left Navigation Camera (Navcam). The camera is located high on the rover's mast and aids in driving. 

This image was acquired on Mar. 6, 2021 (Sol 15) at the local mean solar time of 13:33:50.",Full,Sol-00015M13:33:50.884,NASA/JPL-Caltech,2021-03-06T18:13:30.000,https://mars.nasa.gov/rss/api/?feed=raw_images&category=mars2020&feedtype=json&id=NLE_0015_0668275956_042ECM_N0030188NCAM00400_15_0LLJ,https://mars.nasa.gov/mars2020/multimedia/raw-images/?id=NLE_0015_0668275956_042ECM_N0030188NCAM00400_15_0LLJ,188,Mars Perseverance Sol 15: Left Navigation Camera (Navcam),3,2021-03-07T06:13:56Z,51.8071,-12.7297,668275957.209,1,"(5.80078,2.95615,0.102654)","(2553,2873,1296,968)","(1296,968)",https://mars.nasa.gov/mars2020-raw-images/pub/ods/surface/sol/00015/ids/edr/browse/ncam/NLE_0015_0668275956_042ECM_N0030188NCAM00400_15_0LLJ01_800.jpg,https://mars.nasa.gov/mars2020-raw-images/pub/ods/surface/sol/00015/ids/edr/browse/ncam/NLE_0015_0668275956_042ECM_N0030188NCAM00400_15_0LLJ01_320.jpg,https://mars.nasa.gov/mars2020-raw-images/pub/ods/surface/sol/00015/ids/edr/browse/ncam/NLE_0015_0668275956_042ECM_N0030188NCAM00400_15_0LLJ01.png,https://mars.nasa.gov/mars2020-raw-images/pub/ods/surface/sol/00015/ids/edr/browse/ncam/NLE_0015_0668275956_042ECM_N0030188NCAM00400_15_0LLJ01_1200.jpg,UNK,"(0.3219008519222874,0.7202393744010656,0.614520207230053)","(1.05937,0.538469,-1.94625);(0.592351,0.77276,0.227986);(-2320.79,1835.57,0.0307445);(-968.381,-1247.44,2668.19);(0.591204,0.773604,0.228098);(2e-06,0.049535,-0.015973);(-0.003612,0.013016,-0.023961);2.0;0.0","(1.05937,0.538469,-1.94625)",NAVCAM_LEFT,CAHVORE
15,"(0.7156,0.0208675,-0.000370714,0.698199)",NRE_0015_0668287694_287ECM_N0030386NCAM02001_06_0LLJ,"NASA's Mars Perseverance rover acquired this image using its onboard Right Navigation Camera (Navcam). The camera is located high on the rover's mast and aids in driving. 

This image was acquired on Mar. 6, 2021 (Sol 15) at the local mean solar time of 16:44:15.",Full,Sol-00015M16:44:15.166,NASA/JPL-Caltech,2021-03-06T18:13:30.000,https://mars.nasa.gov/rss/api/?feed=raw_images&category=mars2020&feedtype=json&id=NRE_0015_0668287694_287ECM_N0030386NCAM02001_06_0LLJ,https://mars.nasa.gov/mars2020/multimedia/raw-images/?id=NRE_0015_0668287694_287ECM_N0030386NCAM02001_06_0LLJ,386,Mars Perseverance Sol 15: Right Navigation Camera (Navcam),3,2021-03-07T06:13:56Z,55.548,-27.7582,668287696.570,1,"(31.2262,8.12755,0.398731)","(2553,1,1296,968)","(1296,968)",https://mars.nasa.gov/mars2020-raw-images/pub/ods/surface/sol/00015/ids/edr/browse/ncam/NRE_0015_0668287694_287ECM_N0030386NCAM02001_06_0LLJ01_800.jpg,https://mars.nasa.gov/mars2020-raw-images/pub/ods/surface/sol/00015/ids/edr/browse/ncam/NRE_0015_0668287694_287ECM_N0030386NCAM02001_06_0LLJ01_320.jpg,https://mars.nasa.gov/mars2020-raw-images/pub/ods/surface/sol/00015/ids/edr/browse/ncam/NRE_0015_0668287694_287ECM_N0030386NCAM02001_06_0LLJ01.png,https://mars.nasa.gov/mars2020-raw-images/pub/ods/surface/sol/00015/ids/edr/browse/ncam/NRE_0015_0668287694_287ECM_N0030386NCAM02001_06_0LLJ01_1200.jpg,UNK,"(0.3974896404772646,0.9170302979970594,0.03251796839717294)","(0.709776,0.793055,-1.91017);(0.492893,0.729401,0.474391);(-2430.42,1675.34,3.61541);(168.635,266.583,3522.22);(0.493452,0.729465,0.47371);(0.0,0.05117,-0.018889);(0.001504,0.020873,-0.009439);2.0;0.0","(0.709776,0.793055,-1.91017)",NAVCAM_RIGHT,CAHVORE
15,"(0.996207,0.00588069,-0.0132222,0.0858027)",NRE_0015_0668275956_042ECM_N0030188NCAM00400_08_0LLJ,"NASA's Mars Perseverance rover acquired this image using its onboard Right Navigation Camera (Navcam). The camera is located high on the rover's mast and aids in driving. 

This image was acquired on Mar. 6, 2021 (Sol 15) at the local mean solar time of 13:33:50.",Full,Sol-00015M13:33:50.884,NASA/JPL-Caltech,2021-03-06T18:13:29.000,https://mars.nasa.gov/rss/api/?feed=raw_images&category=mars2020&feedtype=json&id=NRE_0015_0668275956_042ECM_N0030188NCAM00400_08_0LLJ,https://mars.nasa.gov/mars2020/multimedia/raw-images/?id=NRE_0015_0668275956_042ECM_N0030188NCAM00400_08_0LLJ,188,Mars Perseverance Sol 15: Right Navigation Camera (Navcam),3,2021-03-07T06:13:56Z,52.1484,-12.5265,668275957.301,1,"(5.80078,2.95615,0.102654)","(3833,953,1288,976)","(1288,976)",https://mars.nasa.gov/mars2020-raw-images/pub/ods/surface/sol/00015/ids/edr/browse/ncam/NRE_0015_0668275956_042ECM_N0030188NCAM00400_08_0LLJ01_800.jpg,https://mars.nasa.gov/mars2020-raw-images/pub/ods/surface/sol/00015/ids/edr/browse/ncam/NRE_0015_0668275956_042ECM_N0030188NCAM00400_08_0LLJ01_320.jpg,https://mars.nasa.gov/mars2020-raw-images/pub/ods/surface/sol/00015/ids/edr/browse/ncam/NRE_0015_0668275956_042ECM_N0030188NCAM00400_08_0LLJ01.png,https://mars.nasa.gov/mars2020-raw-images/pub/ods/surface/sol/00015/ids/edr/browse/ncam/NRE_0015_0668275956_042ECM_N0030188NCAM00400_08_0LLJ01_1200.jpg,UNK,"(0.08878304291437449,0.994900903867744,0.04785146574568213)","(0.72227,0.796279,-1.94703);(0.592775,0.772887,0.226449);(-3084.91,828.036,-289.518);(179.688,243.159,3100.09);(0.59322,0.772767,0.225695);(0.0,0.05117,-0.018889);(0.001504,0.020873,-0.009439);2.0;0.0","(0.72227,0.796279,-1.94703)",NAVCAM_RIGHT,CAHVORE
15,"(0.7156,0.0208675,-0.000370714,0.698199)",NLE_0015_0668287694_287ECM_N0030386NCAM02001_04_0LLJ,"NASA's Mars Perseverance rover acquired this image using its onboard Left Navigation Camera (Navcam). The camera is located high on the rover's mast and aids in driving. 

This image was acquired on Mar. 6, 2021 (Sol 15) at the local mean solar time of 16:44:15.",Full,Sol-00015M16:44:15.166,NASA/JPL-Caltech,2021-03-06T18:13:27.000,https://mars.nasa.gov/rss/api/?feed=raw_images&category=mars2020&feedtype=json&id=NLE_0015_0668287694_287ECM_N0030386NCAM02001_04_0LLJ,https://mars.nasa.gov/mars2020/multimedia/raw-images/?id=NLE_0015_0668287694_287ECM_N0030386NCAM02001_04_0LLJ,386,Mars Perseverance Sol 15: Left Navigation Camera (Navcam),3,2021-03-07T06:13:56Z,55.171,-27.9611,668287696.539,1,"(31.2262,8.12755,0.398731)","(1,1,1288,968)","(1288,968)",https://mars.nasa.gov/mars2020-raw-images/pub/ods/surface/sol/00015/ids/edr/browse/ncam/NLE_0015_0668287694_287ECM_N0030386NCAM02001_04_0LLJ01_800.jpg,https://mars.nasa.gov/mars2020-raw-images/pub/ods/surface/sol/00015/ids/edr/browse/ncam/NLE_0015_0668287694_287ECM_N0030386NCAM02001_04_0LLJ01_320.jpg,https://mars.nasa.gov/mars2020-raw-images/pub/ods/surface/sol/00015/ids/edr/browse/ncam/NLE_0015_0668287694_287ECM_N0030386NCAM02001_04_0LLJ01.png,https://mars.nasa.gov/mars2020-raw-images/pub/ods/surface/sol/00015/ids/edr/browse/ncam/NLE_0015_0668287694_287ECM_N0030386NCAM02001_04_0LLJ01_1200.jpg,UNK,"(0.9041856447621756,0.4257395242885966,0.034556870004800025)","(1.06144,0.555504,-1.90874);(0.492256,0.728926,0.47578);(-1170.2,3553.64,1222.16);(157.077,257.688,3526.01);(0.491045,0.729677,0.475879);(2e-06,0.049535,-0.015973);(-0.003612,0.013016,-0.023961);2.0;0.0","(1.06144,0.555504,-1.90874)",NAVCAM_LEFT,CAHVORE
15,"(0.7156,0.0208675,-0.000370714,0.698199)",NLE_0015_0668287694_287ECM_N0030386NCAM02001_05_0LLJ,"NASA's Mars Perseverance rover acquired this image using its onboard Left Navigation Camera (Navcam). The camera is located high on the rover's mast and aids in driving. 

This image was acquired on Mar. 6, 2021 (Sol 15) at the local mean solar time of 16:44:15.",Full,Sol-00015M16:44:15.166,NASA/JPL-Caltech,2021-03-06T18:13:26.000,https://mars.nasa.gov/rss/api/?feed=raw_images&category=mars2020&feedtype=json&id=NLE_0015_0668287694_287ECM_N0030386NCAM02001_05_0LLJ,https://mars.nasa.gov/mars2020/multimedia/raw-images/?id=NLE_0015_0668287694_287ECM_N0030386NCAM02001_05_0LLJ,386,Mars Perseverance Sol 15: Left Navigation Camera (Navcam),3,2021-03-07T06:13:56Z,55.171,-27.9611,668287696.539,1,"(31.2262,8.12755,0.398731)","(1273,1,1296,968)","(1296,968)",https://mars.nasa.gov/mars2020-raw-images/pub/ods/surface/sol/00015/ids/edr/browse/ncam/NLE_0015_0668287694_287ECM_N0030386NCAM02001_05_0LLJ01_800.jpg,https://mars.nasa.gov/mars2020-raw-images/pub/ods/surface/sol/00015/ids/edr/browse/ncam/NLE_0015_0668287694_287ECM_N0030386NCAM02001_05_0LLJ01_320.jpg,https://mars.nasa.gov/mars2020-raw-images/pub/ods/surface/sol/00015/ids/edr/browse/ncam/NLE_0015_0668287694_287ECM_N0030386NCAM02001_05_0LLJ01.png,https://mars.nasa.gov/mars2020-raw-images/pub/ods/surface/sol/00015/ids/edr/browse/ncam/NLE_0015_0668287694_287ECM_N0030386NCAM02001_05_0LLJ01_1200.jpg,UNK,"(0.7156896217237232,0.6973973059684135,0.03775397972337598)","(1.06144,0.555504,-1.90874);(0.492256,0.728926,0.47578);(-1796.35,2626.45,616.972);(157.077,257.688,3526.01);(0.491045,0.729677,0.475879);(2e-06,0.049535,-0.015973);(-0.003612,0.013016,-0.023961);2.0;0.0","(1.06144,0.555504,-1.90874)",NAVCAM_LEFT,CAHVORE
15,"(0.996207,0.00588069,-0.0132222,0.0858027)",NRE_0015_0668275956_042ECM_N0030188NCAM00400_16_0LLJ,"NASA's Mars Perseverance rover acquired this image using its onboard Right Navigation Camera (Navcam). The camera is located high on the rover's mast and aids in driving. 

This image was acquired on Mar. 6, 2021 (Sol 15) at the local mean solar time of 13:33:50.",Full,Sol-00015M13:33:50.884,NASA/JPL-Caltech,2021-03-06T18:13:24.000,https://mars.nasa.gov/rss/api/?feed=raw_images&category=mars2020&feedtype=json&id=NRE_0015_0668275956_042ECM_N0030188NCAM00400_16_0LLJ,https://mars.nasa.gov/mars2020/multimedia/raw-images/?id=NRE_0015_0668275956_042ECM_N0030188NCAM00400_16_0LLJ,188,Mars Perseverance Sol 15: Right Navigation Camera (Navcam),3,2021-03-07T06:13:56Z,52.1484,-12.5265,668275957.301,1,"(5.80078,2.95615,0.102654)","(3833,2873,1288,968)","(1288,968)",https://mars.nasa.gov/mars2020-raw-images/pub/ods/surface/sol/00015/ids/edr/browse/ncam/NRE_0015_0668275956_042ECM_N0030188NCAM00400_16_0LLJ01_800.jpg,https://mars.nasa.gov/mars2020-raw-images/pub/ods/surface/sol/00015/ids/edr/browse/ncam/NRE_0015_0668275956_042ECM_N0030188NCAM00400_16_0LLJ01_320.jpg,https://mars.nasa.gov/mars2020-raw-images/pub/ods/surface/sol/00015/ids/edr/browse/ncam/NRE_0015_0668275956_042ECM_N0030188NCAM00400_16_0LLJ01.png,https://mars.nasa.gov/mars2020-raw-images/pub/ods/surface/sol/00015/ids/edr/browse/ncam/NRE_0015_0668275956_042ECM_N0030188NCAM00400_16_0LLJ01_1200.jpg,UNK,"(0.012644997779901695,0.8425180912691612,0.5385196095921815)","(0.72227,0.796279,-1.94703);(0.592775,0.772887,0.226449);(-3084.91,828.036,-289.518);(-958.44,-1240.78,2665.3);(0.59322,0.772767,0.225695);(0.0,0.05117,-0.018889);(0.001504,0.020873,-0.009439);2.0;0.0","(0.72227,0.796279,-1.94703)",NAVCAM_RIGHT,CAHVORE
15,"(0.996207,0.00588069,-0.0132222,0.0858027)",NRE_0015_0668275956_042ECM_N0030188NCAM00400_15_0LLJ,"NASA's Mars Perseverance rover acquired this image using its onboard Right Navigation Camera (Navcam). The camera is located high on the rover's mast and aids in driving. 

This image was acquired on Mar. 6, 2021 (Sol 15) at the local mean solar time of 13:33:50.",Full,Sol-00015M13:33:50.884,NASA/JPL-Caltech,2021-03-06T18:13:20.000,https://mars.nasa.gov/rss/api/?feed=raw_images&category=mars2020&feedtype=json&id=NRE_0015_0668275956_042ECM_N0030188NCAM00400_15_0LLJ,https://mars.nasa.gov/mars2020/multimedia/raw-images/?id=NRE_0015_0668275956_042ECM_N0030188NCAM00400_15_0LLJ,188,Mars Perseverance Sol 15: Right Navigation Camera (Navcam),3,2021-03-07T06:13:56Z,52.1484,-12.5265,668275957.301,1,"(5.80078,2.95615,0.102654)","(2553,2873,1296,968)","(1296,968)",https://mars.nasa.gov/mars2020-raw-images/pub/ods/surface/sol/00015/ids/edr/browse/ncam/NRE_0015_0668275956_042ECM_N0030188NCAM00400_15_0LLJ01_800.jpg,https://mars.nasa.gov/mars2020-raw-images/pub/ods/surface/sol/00015/ids/edr/browse/ncam/NRE_0015_0668275956_042ECM_N0030188NCAM00400_15_0LLJ01_320.jpg,https://mars.nasa.gov/mars2020-raw-images/pub/ods/surface/sol/00015/ids/edr/browse/ncam/NRE_0015_0668275956_042ECM_N0030188NCAM00400_15_0LLJ01.png,https://mars.nasa.gov/mars2020-raw-images/pub/ods/surface/sol/00015/ids/edr/browse/ncam/NRE_0015_0668275956_042ECM_N0030188NCAM00400_15_0LLJ01_1200.jpg,UNK,"(0.3184087488176548,0.7236086301223071,0.6123776768375001)","(0.72227,0.796279,-1.94703);(0.592775,0.772887,0.226449);(-2326.16,1817.33,0.335984);(-958.44,-1240.78,2665.3);(0.59322,0.772767,0.225695);(0.0,0.05117,-0.018889);(0.001504,0.020873,-0.009439);2.0;0.0","(0.72227,0.796279,-1.94703)",NAVCAM_RIGHT,CAHVORE
15,"(0.7156,0.0208675,-0.000370714,0.698199)",NRE_0015_0668287694_287ECM_N0030386NCAM02001_05_0LLJ,"NASA's Mars Perseverance rover acquired this image using its onboard Right Navigation Camera (Navcam). The camera is located high on the rover's mast and aids in driving. 

This image was acquired on Mar. 6, 2021 (Sol 15) at the local mean solar time of 16:44:15.",Full,Sol-00015M16:44:15.166,NASA/JPL-Caltech,2021-03-06T18:13:19.000,https://mars.nasa.gov/rss/api/?feed=raw_images&category=mars2020&feedtype=json&id=NRE_0015_0668287694_287ECM_N0030386NCAM02001_05_0LLJ,https://mars.nasa.gov/mars2020/multimedia/raw-images/?id=NRE_0015_0668287694_287ECM_N0030386NCAM02001_05_0LLJ,386,Mars Perseverance Sol 15: Right Navigation Camera (Navcam),3,2021-03-07T06:13:56Z,55.548,-27.7582,668287696.570,1,"(31.2262,8.12755,0.398731)","(1273,1,1296,968)","(1296,968)",https://mars.nasa.gov/mars2020-raw-images/pub/ods/surface/sol/00015/ids/edr/browse/ncam/NRE_0015_0668287694_287ECM_N0030386NCAM02001_05_0LLJ01_800.jpg,https://mars.nasa.gov/mars2020-raw-images/pub/ods/surface/sol/00015/ids/edr/browse/ncam/NRE_0015_0668287694_287ECM_N0030386NCAM02001_05_0LLJ01_320.jpg,https://mars.nasa.gov/mars2020-raw-images/pub/ods/surface/sol/00015/ids/edr/browse/ncam/NRE_0015_0668287694_287ECM_N0030386NCAM02001_05_0LLJ01.png,https://mars.nasa.gov/mars2020-raw-images/pub/ods/surface/sol/00015/ids/edr/browse/ncam/NRE_0015_0668287694_287ECM_N0030386NCAM02001_05_0LLJ01_1200.jpg,UNK,"(0.711974238293227,0.7014043468302967,0.033535447728399906)","(0.709776,0.793055,-1.91017);(0.492893,0.729401,0.474391);(-1799.51,2608.98,610.836);(168.635,266.583,3522.22);(0.493452,0.729465,0.47371);(0.0,0.05117,-0.018889);(0.001504,0.020873,-0.009439);2.0;0.0","(0.709776,0.793055,-1.91017)",NAVCAM_RIGHT,CAHVORE
15,"(0.996207,0.00588069,-0.0132222,0.0858027)",NRE_0015_0668275956_042ECM_N0030188NCAM00400_13_0LLJ,"NASA's Mars Perseverance rover acquired this image using its onboard Right Navigation Camera (Navcam). The camera is located high on the rover's mast and aids in driving. 

This image was acquired on Mar. 6, 2021 (Sol 15) at the local mean solar time of 13:33:50.",Full,Sol-00015M13:33:50.884,NASA/JPL-Caltech,2021-03-06T18:13:18.000,https://mars.nasa.gov/rss/api/?feed=raw_images&category=mars2020&feedtype=json&id=NRE_0015_0668275956_042ECM_N0030188NCAM00400_13_0LLJ,https://mars.nasa.gov/mars2020/multimedia/raw-images/?id=NRE_0015_0668275956_042ECM_N0030188NCAM00400_13_0LLJ,188,Mars Perseverance Sol 15: Right Navigation Camera (Navcam),3,2021-03-07T06:13:56Z,52.1484,-12.5265,668275957.301,1,"(5.80078,2.95615,0.102654)","(1,2873,1288,968)","(1288,968)",https://mars.nasa.gov/mars2020-raw-images/pub/ods/surface/sol/00015/ids/edr/browse/ncam/NRE_0015_0668275956_042ECM_N0030188NCAM00400_13_0LLJ01_800.jpg,https://mars.nasa.gov/mars2020-raw-images/pub/ods/surface/sol/00015/ids/edr/browse/ncam/NRE_0015_0668275956_042ECM_N0030188NCAM00400_13_0LLJ01_320.jpg,https://mars.nasa.gov/mars2020-raw-images/pub/ods/surface/sol/00015/ids/edr/browse/ncam/NRE_0015_0668275956_042ECM_N0030188NCAM00400_13_0LLJ01.png,https://mars.nasa.gov/mars2020-raw-images/pub/ods/surface/sol/00015/ids/edr/browse/ncam/NRE_0015_0668275956_042ECM_N0030188NCAM00400_13_0LLJ01_1200.jpg,UNK,"(0.8126686663593552,0.224398081897286,0.5377872623617315)","(0.72227,0.796279,-1.94703);(0.592775,0.772887,0.226449);(-813.399,3789.74,578.233);(-958.44,-1240.78,2665.3);(0.59322,0.772767,0.225695);(0.0,0.05117,-0.018889);(0.001504,0.020873,-0.009439);2.0;0.0","(0.72227,0.796279,-1.94703)",NAVCAM_RIGHT,CAHVORE
15,"(0.996207,0.00588069,-0.0132222,0.0858027)",NLE_0015_0668275956_042ECM_N0030188NCAM00400_07_0LLJ,"NASA's Mars Perseverance rover acquired this image using its onboard Left Navigation Camera (Navcam). The camera is located high on the rover's mast and aids in driving. 

This image was acquired on Mar. 6, 2021 (Sol 15) at the local mean solar time of 13:33:50.",Full,Sol-00015M13:33:50.884,NASA/JPL-Caltech,2021-03-06T18:13:17.000,https://mars.nasa.gov/rss/api/?feed=raw_images&category=mars2020&feedtype=json&id=NLE_0015_0668275956_042ECM_N0030188NCAM00400_07_0LLJ,https://mars.nasa.gov/mars2020/multimedia/raw-images/?id=NLE_0015_0668275956_042ECM_N0030188NCAM00400_07_0LLJ,188,Mars Perseverance Sol 15: Left Navigation Camera (Navcam),3,2021-03-07T06:13:56Z,51.8071,-12.7297,668275957.209,1,"(5.80078,2.95615,0.102654)","(2553,953,1296,976)","(1296,976)",https://mars.nasa.gov/mars2020-raw-images/pub/ods/surface/sol/00015/ids/edr/browse/ncam/NLE_0015_0668275956_042ECM_N0030188NCAM00400_07_0LLJ01_800.jpg,https://mars.nasa.gov/mars2020-raw-images/pub/ods/surface/sol/00015/ids/edr/browse/ncam/NLE_0015_0668275956_042ECM_N0030188NCAM00400_07_0LLJ01_320.jpg,https://mars.nasa.gov/mars2020-raw-images/pub/ods/surface/sol/00015/ids/edr/browse/ncam/NLE_0015_0668275956_042ECM_N0030188NCAM00400_07_0LLJ01.png,https://mars.nasa.gov/mars2020-raw-images/pub/ods/surface/sol/00015/ids/edr/browse/ncam/NLE_0015_0668275956_042ECM_N0030188NCAM00400_07_0LLJ01_1200.jpg,UNK,"(0.43914859331368566,0.8964235200657499,0.05977780243151573)","(1.05937,0.538469,-1.94625);(0.592351,0.77276,0.227986);(-2320.79,1835.57,0.0307445);(168.933,236.261,3105.92);(0.591204,0.773604,0.228098);(2e-06,0.049535,-0.015973);(-0.003612,0.013016,-0.023961);2.0;0.0","(1.05937,0.538469,-1.94625)",NAVCAM_LEFT,CAHVORE
15,"(0.996207,0.00588069,-0.0132222,0.0858027)",NLE_0015_0668275956_042ECM_N0030188NCAM00400_13_0LLJ,"NASA's Mars Perseverance rover acquired this image using its onboard Left Navigation Camera (Navcam). The camera is located high on the rover's mast and aids in driving. 

This image was acquired on Mar. 6, 2021 (Sol 15) at the local mean solar time of 13:33:50.",Full,Sol-00015M13:33:50.884,NASA/JPL-Caltech,2021-03-06T18:13:17.000,https://mars.nasa.gov/rss/api/?feed=raw_images&category=mars2020&feedtype=json&id=NLE_0015_0668275956_042ECM_N0030188NCAM00400_13_0LLJ,https://mars.nasa.gov/mars2020/multimedia/raw-images/?id=NLE_0015_0668275956_042ECM_N0030188NCAM00400_13_0LLJ,188,Mars Perseverance Sol 15: Left Navigation Camera (Navcam),3,2021-03-07T06:13:56Z,51.8071,-12.7297,668275957.209,1,"(5.80078,2.95615,0.102654)","(1,2873,1288,968)","(1288,968)",https://mars.nasa.gov/mars2020-raw-images/pub/ods/surface/sol/00015/ids/edr/browse/ncam/NLE_0015_0668275956_042ECM_N0030188NCAM00400_13_0LLJ01_800.jpg,https://mars.nasa.gov/mars2020-raw-images/pub/ods/surface/sol/00015/ids/edr/browse/ncam/NLE_0015_0668275956_042ECM_N0030188NCAM00400_13_0LLJ01_320.jpg,https://mars.nasa.gov/mars2020-raw-images/pub/ods/surface/sol/00015/ids/edr/browse/ncam/NLE_0015_0668275956_042ECM_N0030188NCAM00400_13_0LLJ01.png,https://mars.nasa.gov/mars2020-raw-images/pub/ods/surface/sol/00015/ids/edr/browse/ncam/NLE_0015_0668275956_042ECM_N0030188NCAM00400_13_0LLJ01_1200.jpg,UNK,"(0.8126100199261204,0.2214363998882793,0.5391019164501164)","(1.05937,0.538469,-1.94625);(0.592351,0.77276,0.227986);(-809.106,3807.65,581.851);(-968.381,-1247.44,2668.19);(0.591204,0.773604,0.228098);(2e-06,0.049535,-0.015973);(-0.003612,0.013016,-0.023961);2.0;0.0","(1.05937,0.538469,-1.94625)",NAVCAM_LEFT,CAHVORE
15,"(0.996207,0.00588069,-0.0132222,0.0858027)",NRE_0015_0668275956_042ECM_N0030188NCAM00400_09_0LLJ,"NASA's Mars Perseverance rover acquired this image using its onboard Right Navigation Camera (Navcam). The camera is located high on the rover's mast and aids in driving. 

This image was acquired on Mar. 6, 2021 (Sol 15) at the local mean solar time of 13:33:50.",Full,Sol-00015M13:33:50.884,NASA/JPL-Caltech,2021-03-06T18:13:17.000,https://mars.nasa.gov/rss/api/?feed=raw_images&category=mars2020&feedtype=json&id=NRE_0015_0668275956_042ECM_N0030188NCAM00400_09_0LLJ,https://mars.nasa.gov/mars2020/multimedia/raw-images/?id=NRE_0015_0668275956_042ECM_N0030188NCAM00400_09_0LLJ,188,Mars Perseverance Sol 15: Right Navigation Camera (Navcam),3,2021-03-07T06:13:56Z,52.1484,-12.5265,668275957.301,1,"(5.80078,2.95615,0.102654)","(1,1913,1288,976)","(1288,976)",https://mars.nasa.gov/mars2020-raw-images/pub/ods/surface/sol/00015/ids/edr/browse/ncam/NRE_0015_0668275956_042ECM_N0030188NCAM00400_09_0LLJ01_800.jpg,https://mars.nasa.gov/mars2020-raw-images/pub/ods/surface/sol/00015/ids/edr/browse/ncam/NRE_0015_0668275956_042ECM_N0030188NCAM00400_09_0LLJ01_320.jpg,https://mars.nasa.gov/mars2020-raw-images/pub/ods/surface/sol/00015/ids/edr/browse/ncam/NRE_0015_0668275956_042ECM_N0030188NCAM00400_09_0LLJ01.png,https://mars.nasa.gov/mars2020-raw-images/pub/ods/surface/sol/00015/ids/edr/browse/ncam/NRE_0015_0668275956_042ECM_N0030188NCAM00400_09_0LLJ01_1200.jpg,UNK,"(0.9053214012593783,0.28762451676778433,0.312514476106074)","(0.72227,0.796279,-1.94703);(0.592775,0.772887,0.226449);(-813.399,3789.74,578.233);(-389.376,-498.813,2882.7);(0.59322,0.772767,0.225695);(0.0,0.05117,-0.018889);(0.001504,0.020873,-0.009439);2.0;0.0","(0.72227,0.796279,-1.94703)",NAVCAM_RIGHT,CAHVORE
15,"(0.996207,0.00588069,-0.0132222,0.0858027)",NRE_0015_0668275956_042ECM_N0030188NCAM00400_11_0LLJ,"NASA's Mars Perseverance rover acquired this image using its onboard Right Navigation Camera (Navcam). The camera is located high on the rover's mast and aids in driving. 

This image was acquired on Mar. 6, 2021 (Sol 15) at the local mean solar time of 13:33:50.",Full,Sol-00015M13:33:50.884,NASA/JPL-Caltech,2021-03-06T18:13:16.000,https://mars.nasa.gov/rss/api/?feed=raw_images&category=mars2020&feedtype=json&id=NRE_0015_0668275956_042ECM_N0030188NCAM00400_11_0LLJ,https://mars.nasa.gov/mars2020/multimedia/raw-images/?id=NRE_0015_0668275956_042ECM_N0030188NCAM00400_11_0LLJ,188,Mars Perseverance Sol 15: Right Navigation Camera (Navcam),3,2021-03-07T06:13:56Z,52.1484,-12.5265,668275957.301,1,"(5.80078,2.95615,0.102654)","(2553,1913,1296,976)","(1296,976)",https://mars.nasa.gov/mars2020-raw-images/pub/ods/surface/sol/00015/ids/edr/browse/ncam/NRE_0015_0668275956_042ECM_N0030188NCAM00400_11_0LLJ01_800.jpg,https://mars.nasa.gov/mars2020-raw-images/pub/ods/surface/sol/00015/ids/edr/browse/ncam/NRE_0015_0668275956_042ECM_N0030188NCAM00400_11_0LLJ01_320.jpg,https://mars.nasa.gov/mars2020-raw-images/pub/ods/surface/sol/00015/ids/edr/browse/ncam/NRE_0015_0668275956_042ECM_N0030188NCAM00400_11_0LLJ01.png,https://mars.nasa.gov/mars2020-raw-images/pub/ods/surface/sol/00015/ids/edr/browse/ncam/NRE_0015_0668275956_042ECM_N0030188NCAM00400_11_0LLJ01_1200.jpg,UNK,"(0.39118475544118503,0.8456998750801616,0.36299615480032194)","(0.72227,0.796279,-1.94703);(0.592775,0.772887,0.226449);(-2326.16,1817.33,0.335984);(-389.376,-498.813,2882.7);(0.59322,0.772767,0.225695);(0.0,0.05117,-0.018889);(0.001504,0.020873,-0.009439);2.0;0.0","(0.72227,0.796279,-1.94703)",NAVCAM_RIGHT,CAHVORE
15,"(0.996207,0.00588069,-0.0132222,0.0858027)",NLE_0015_0668275956_042ECM_N0030188NCAM00400_11_0LLJ,"NASA's Mars Perseverance rover acquired this image using its onboard Left Navigation Camera (Navcam). The camera is located high on the rover's mast and aids in driving. 

This image was acquired on Mar. 6, 2021 (Sol 15) at the local mean solar time of 13:33:50.",Full,Sol-00015M13:33:50.884,NASA/JPL-Caltech,2021-03-06T18:13:15.000,https://mars.nasa.gov/rss/api/?feed=raw_images&category=mars2020&feedtype=json&id=NLE_0015_0668275956_042ECM_N0030188NCAM00400_11_0LLJ,https://mars.nasa.gov/mars2020/multimedia/raw-images/?id=NLE_0015_0668275956_042ECM_N0030188NCAM00400_11_0LLJ,188,Mars Perseverance Sol 15: Left Navigation Camera (Navcam),3,2021-03-07T06:13:56Z,51.8071,-12.7297,668275957.209,1,"(5.80078,2.95615,0.102654)","(2553,1913,1296,976)","(1296,976)",https://mars.nasa.gov/mars2020-raw-images/pub/ods/surface/sol/00015/ids/edr/browse/ncam/NLE_0015_0668275956_042ECM_N0030188NCAM00400_11_0LLJ01_800.jpg,https://mars.nasa.gov/mars2020-raw-images/pub/ods/surface/sol/00015/ids/edr/browse/ncam/NLE_0015_0668275956_042ECM_N0030188NCAM00400_11_0LLJ01_320.jpg,https://mars.nasa.gov/mars2020-raw-images/pub/ods/surface/sol/00015/ids/edr/browse/ncam/NLE_0015_0668275956_042ECM_N0030188NCAM00400_11_0LLJ01.png,https://mars.nasa.gov/mars2020-raw-images/pub/ods/surface/sol/00015/ids/edr/browse/ncam/NLE_0015_0668275956_042ECM_N0030188NCAM00400_11_0LLJ01_1200.jpg,UNK,"(0.39570297881011557,0.8422819901429411,0.36603306085878046)","(1.05937,0.538469,-1.94625);(0.592351,0.77276,0.227986);(-2320.79,1835.57,0.0307445);(-399.724,-505.589,2887.06);(0.591204,0.773604,0.228098);(2e-06,0.049535,-0.015973);(-0.003612,0.013016,-0.023961);2.0;0.0","(1.05937,0.538469,-1.94625)",NAVCAM_LEFT,CAHVORE
15,"(0.996207,0.00588069,-0.0132222,0.0858027)",NRE_0015_0668275956_042ECM_N0030188NCAM00400_07_0LLJ,"NASA's Mars Perseverance rover acquired this image using its onboard Right Navigation Camera (Navcam). The camera is located high on the rover's mast and aids in driving. 

This image was acquired on Mar. 6, 2021 (Sol 15) at the local mean solar time of 13:33:50.",Full,Sol-00015M13:33:50.884,NASA/JPL-Caltech,2021-03-06T18:13:15.000,https://mars.nasa.gov/rss/api/?feed=raw_images&category=mars2020&feedtype=json&id=NRE_0015_0668275956_042ECM_N0030188NCAM00400_07_0LLJ,https://mars.nasa.gov/mars2020/multimedia/raw-images/?id=NRE_0015_0668275956_042ECM_N0030188NCAM00400_07_0LLJ,188,Mars Perseverance Sol 15: Right Navigation Camera (Navcam),3,2021-03-07T06:13:56Z,52.1484,-12.5265,668275957.301,1,"(5.80078,2.95615,0.102654)","(2553,953,1296,976)","(1296,976)",https://mars.nasa.gov/mars2020-raw-images/pub/ods/surface/sol/00015/ids/edr/browse/ncam/NRE_0015_0668275956_042ECM_N0030188NCAM00400_07_0LLJ01_800.jpg,https://mars.nasa.gov/mars2020-raw-images/pub/ods/surface/sol/00015/ids/edr/browse/ncam/NRE_0015_0668275956_042ECM_N0030188NCAM00400_07_0LLJ01_320.jpg,https://mars.nasa.gov/mars2020-raw-images/pub/ods/surface/sol/00015/ids/edr/browse/ncam/NRE_0015_0668275956_042ECM_N0030188NCAM00400_07_0LLJ01.png,https://mars.nasa.gov/mars2020-raw-images/pub/ods/surface/sol/00015/ids/edr/browse/ncam/NRE_0015_0668275956_042ECM_N0030188NCAM00400_07_0LLJ01_1200.jpg,UNK,"(0.43377585643286515,0.8992657405383222,0.05621062417370152)","(0.72227,0.796279,-1.94703);(0.592775,0.772887,0.226449);(-2326.16,1817.33,0.335984);(179.688,243.159,3100.09);(0.59322,0.772767,0.225695);(0.0,0.05117,-0.018889);(0.001504,0.020873,-0.009439);2.0;0.0","(0.72227,0.796279,-1.94703)",NAVCAM_RIGHT,CAHVORE
15,"(0.996207,0.00588069,-0.0132222,0.0858027)",NRE_0015_0668275956_042ECM_N0030188NCAM00400_10_0LLJ,"NASA's Mars Perseverance rover acquired this image using its onboard Right Navigation Camera (Navcam). The camera is located high on the rover's mast and aids in driving. 

This image was acquired on Mar. 6, 2021 (Sol 15) at the local mean solar time of 13:33:50.",Full,Sol-00015M13:33:50.884,NASA/JPL-Caltech,2021-03-06T18:13:15.000,https://mars.nasa.gov/rss/api/?feed=raw_images&category=mars2020&feedtype=json&id=NRE_0015_0668275956_042ECM_N0030188NCAM00400_10_0LLJ,https://mars.nasa.gov/mars2020/multimedia/raw-images/?id=NRE_0015_0668275956_042ECM_N0030188NCAM00400_10_0LLJ,188,Mars Perseverance Sol 15: Right Navigation Camera (Navcam),3,2021-03-07T06:13:56Z,52.1484,-12.5265,668275957.301,1,"(5.80078,2.95615,0.102654)","(1273,1913,1296,976)","(1296,976)",https://mars.nasa.gov/mars2020-raw-images/pub/ods/surface/sol/00015/ids/edr/browse/ncam/NRE_0015_0668275956_042ECM_N0030188NCAM00400_10_0LLJ01_800.jpg,https://mars.nasa.gov/mars2020-raw-images/pub/ods/surface/sol/00015/ids/edr/browse/ncam/NRE_0015_0668275956_042ECM_N0030188NCAM00400_10_0LLJ01_320.jpg,https://mars.nasa.gov/mars2020-raw-images/pub/ods/surface/sol/00015/ids/edr/browse/ncam/NRE_0015_0668275956_042ECM_N0030188NCAM00400_10_0LLJ01.png,https://mars.nasa.gov/mars2020-raw-images/pub/ods/surface/sol/00015/ids/edr/browse/ncam/NRE_0015_0668275956_042ECM_N0030188NCAM00400_10_0LLJ01_1200.jpg,UNK,"(0.7222961641406633,0.5887454258422418,0.36285958002720753)","(0.72227,0.796279,-1.94703);(0.592775,0.772887,0.226449);(-1567.41,2806.63,290.19);(-389.376,-498.813,2882.7);(0.59322,0.772767,0.225695);(0.0,0.05117,-0.018889);(0.001504,0.020873,-0.009439);2.0;0.0","(0.72227,0.796279,-1.94703)",NAVCAM_RIGHT,CAHVORE
15,"(0.996207,0.00588069,-0.0132222,0.0858027)",NRE_0015_0668275956_042ECM_N0030188NCAM00400_12_0LLJ,"NASA's Mars Perseverance rover acquired this image using its onboard Right Navigation Camera (Navcam). The camera is located high on the rover's mast and aids in driving. 

This image was acquired on Mar. 6, 2021 (Sol 15) at the local mean solar time of 13:33:50.",Full,Sol-00015M13:33:50.884,NASA/JPL-Caltech,2021-03-06T18:13:15.000,https://mars.nasa.gov/rss/api/?feed=raw_images&category=mars2020&feedtype=json&id=NRE_0015_0668275956_042ECM_N0030188NCAM00400_12_0LLJ,https://mars.nasa.gov/mars2020/multimedia/raw-images/?id=NRE_0015_0668275956_042ECM_N0030188NCAM00400_12_0LLJ,188,Mars Perseverance Sol 15: Right Navigation Camera (Navcam),3,2021-03-07T06:13:56Z,52.1484,-12.5265,668275957.301,1,"(5.80078,2.95615,0.102654)","(3833,1913,1288,976)","(1288,976)",https://mars.nasa.gov/mars2020-raw-images/pub/ods/surface/sol/00015/ids/edr/browse/ncam/NRE_0015_0668275956_042ECM_N0030188NCAM00400_12_0LLJ01_800.jpg,https://mars.nasa.gov/mars2020-raw-images/pub/ods/surface/sol/00015/ids/edr/browse/ncam/NRE_0015_0668275956_042ECM_N0030188NCAM00400_12_0LLJ01_320.jpg,https://mars.nasa.gov/mars2020-raw-images/pub/ods/surface/sol/00015/ids/edr/browse/ncam/NRE_0015_0668275956_042ECM_N0030188NCAM00400_12_0LLJ01.png,https://mars.nasa.gov/mars2020-raw-images/pub/ods/surface/sol/00015/ids/edr/browse/ncam/NRE_0015_0668275956_042ECM_N0030188NCAM00400_12_0LLJ01_1200.jpg,UNK,"(0.05116561889957432,0.948612378729986,0.3122765350820668)","(0.72227,0.796279,-1.94703);(0.592775,0.772887,0.226449);(-3084.91,828.036,-289.518);(-389.376,-498.813,2882.7);(0.59322,0.772767,0.225695);(0.0,0.05117,-0.018889);(0.001504,0.020873,-0.009439);2.0;0.0","(0.72227,0.796279,-1.94703)",NAVCAM_RIGHT,CAHVORE
15,"(0.996207,0.00588069,-0.0132222,0.0858027)",NLE_0015_0668275956_042ECM_N0030188NCAM00400_08_0LLJ,"NASA's Mars Perseverance rover acquired this image using its onboard Left Navigation Camera (Navcam). The camera is located high on the rover's mast and aids in driving. 

This image was acquired on Mar. 6, 2021 (Sol 15) at the local mean solar time of 13:33:50.",Full,Sol-00015M13:33:50.884,NASA/JPL-Caltech,2021-03-06T18:13:10.000,https://mars.nasa.gov/rss/api/?feed=raw_images&category=mars2020&feedtype=json&id=NLE_0015_0668275956_042ECM_N0030188NCAM00400_08_0LLJ,https://mars.nasa.gov/mars2020/multimedia/raw-images/?id=NLE_0015_0668275956_042ECM_N0030188NCAM00400_08_0LLJ,188,Mars Perseverance Sol 15: Left Navigation Camera (Navcam),3,2021-03-07T06:13:56Z,51.8071,-12.7297,668275957.209,1,"(5.80078,2.95615,0.102654)","(3833,953,1288,976)","(1288,976)",https://mars.nasa.gov/mars2020-raw-images/pub/ods/surface/sol/00015/ids/edr/browse/ncam/NLE_0015_0668275956_042ECM_N0030188NCAM00400_08_0LLJ01_800.jpg,https://mars.nasa.gov/mars2020-raw-images/pub/ods/surface/sol/00015/ids/edr/browse/ncam/NLE_0015_0668275956_042ECM_N0030188NCAM00400_08_0LLJ01_320.jpg,https://mars.nasa.gov/mars2020-raw-images/pub/ods/surface/sol/00015/ids/edr/browse/ncam/NLE_0015_0668275956_042ECM_N0030188NCAM00400_08_0LLJ01.png,https://mars.nasa.gov/mars2020-raw-images/pub/ods/surface/sol/00015/ids/edr/browse/ncam/NLE_0015_0668275956_042ECM_N0030188NCAM00400_08_0LLJ01_1200.jpg,UNK,"(0.09381162413861671,0.9943069497390307,0.05052790196653626)","(1.05937,0.538469,-1.94625);(0.592351,0.77276,0.227986);(-3079.0,846.438,-291.791);(168.933,236.261,3105.92);(0.591204,0.773604,0.228098);(2e-06,0.049535,-0.015973);(-0.003612,0.013016,-0.023961);2.0;0.0","(1.05937,0.538469,-1.94625)",NAVCAM_LEFT,CAHVORE
15,"(0.996207,0.00588069,-0.0132222,0.0858027)",NLE_0015_0668275956_042ECM_N0030188NCAM00400_12_0LLJ,"NASA's Mars Perseverance rover acquired this image using its onboard Left Navigation Camera (Navcam). The camera is located high on the rover's mast and aids in driving. 

This image was acquired on Mar. 6, 2021 (Sol 15) at the local mean solar time of 13:33:50.",Full,Sol-00015M13:33:50.884,NASA/JPL-Caltech,2021-03-06T18:13:10.000,https://mars.nasa.gov/rss/api/?feed=raw_images&category=mars2020&feedtype=json&id=NLE_0015_0668275956_042ECM_N0030188NCAM00400_12_0LLJ,https://mars.nasa.gov/mars2020/multimedia/raw-images/?id=NLE_0015_0668275956_042ECM_N0030188NCAM00400_12_0LLJ,188,Mars Perseverance Sol 15: Left Navigation Camera (Navcam),3,2021-03-07T06:13:56Z,51.8071,-12.7297,668275957.209,1,"(5.80078,2.95615,0.102654)","(3833,1913,1288,976)","(1288,976)",https://mars.nasa.gov/mars2020-raw-images/pub/ods/surface/sol/00015/ids/edr/browse/ncam/NLE_0015_0668275956_042ECM_N0030188NCAM00400_12_0LLJ01_800.jpg,https://mars.nasa.gov/mars2020-raw-images/pub/ods/surface/sol/00015/ids/edr/browse/ncam/NLE_0015_0668275956_042ECM_N0030188NCAM00400_12_0LLJ01_320.jpg,https://mars.nasa.gov/mars2020-raw-images/pub/ods/surface/sol/00015/ids/edr/browse/ncam/NLE_0015_0668275956_042ECM_N0030188NCAM00400_12_0LLJ01.png,https://mars.nasa.gov/mars2020-raw-images/pub/ods/surface/sol/00015/ids/edr/browse/ncam/NLE_0015_0668275956_042ECM_N0030188NCAM00400_12_0LLJ01_1200.jpg,UNK,"(0.05555750675810663,0.9474411698533466,0.3150691878139543)","(1.05937,0.538469,-1.94625);(0.592351,0.77276,0.227986);(-3079.0,846.438,-291.791);(-399.724,-505.589,2887.06);(0.591204,0.773604,0.228098);(2e-06,0.049535,-0.015973);(-0.003612,0.013016,-0.023961);2.0;0.0","(1.05937,0.538469,-1.94625)",NAVCAM_LEFT,CAHVORE
15,"(0.996207,0.00588069,-0.0132222,0.0858027)",NLE_0015_0668275956_042ECM_N0030188NCAM00400_09_0LLJ,"NASA's Mars Perseverance rover acquired this image using its onboard Left Navigation Camera (Navcam). The camera is located high on the rover's mast and aids in driving. 

This image was acquired on Mar. 6, 2021 (Sol 15) at the local mean solar time of 13:33:50.",Full,Sol-00015M13:33:50.884,NASA/JPL-Caltech,2021-03-06T18:13:09.000,https://mars.nasa.gov/rss/api/?feed=raw_images&category=mars2020&feedtype=json&id=NLE_0015_0668275956_042ECM_N0030188NCAM00400_09_0LLJ,https://mars.nasa.gov/mars2020/multimedia/raw-images/?id=NLE_0015_0668275956_042ECM_N0030188NCAM00400_09_0LLJ,188,Mars Perseverance Sol 15: Left Navigation Camera (Navcam),3,2021-03-07T06:13:56Z,51.8071,-12.7297,668275957.209,1,"(5.80078,2.95615,0.102654)","(1,1913,1288,976)","(1288,976)",https://mars.nasa.gov/mars2020-raw-images/pub/ods/surface/sol/00015/ids/edr/browse/ncam/NLE_0015_0668275956_042ECM_N0030188NCAM00400_09_0LLJ01_800.jpg,https://mars.nasa.gov/mars2020-raw-images/pub/ods/surface/sol/00015/ids/edr/browse/ncam/NLE_0015_0668275956_042ECM_N0030188NCAM00400_09_0LLJ01_320.jpg,https://mars.nasa.gov/mars2020-raw-images/pub/ods/surface/sol/00015/ids/edr/browse/ncam/NLE_0015_0668275956_042ECM_N0030188NCAM00400_09_0LLJ01.png,https://mars.nasa.gov/mars2020-raw-images/pub/ods/surface/sol/00015/ids/edr/browse/ncam/NLE_0015_0668275956_042ECM_N0030188NCAM00400_09_0LLJ01_1200.jpg,UNK,"(0.9054839680791125,0.28428415734115353,0.315089354686151)","(1.05937,0.538469,-1.94625);(0.592351,0.77276,0.227986);(-809.106,3807.65,581.851);(-399.724,-505.589,2887.06);(0.591204,0.773604,0.228098);(2e-06,0.049535,-0.015973);(-0.003612,0.013016,-0.023961);2.0;0.0","(1.05937,0.538469,-1.94625)",NAVCAM_LEFT,CAHVORE
15,"(0.996207,0.00588069,-0.0132222,0.0858027)",NLE_0015_0668275956_042ECM_N0030188NCAM00400_10_0LLJ,"NASA's Mars Perseverance rover acquired this image using its onboard Left Navigation Camera (Navcam). The camera is located high on the rover's mast and aids in driving. 

This image was acquired on Mar. 6, 2021 (Sol 15) at the local mean solar time of 13:33:50.",Full,Sol-00015M13:33:50.884,NASA/JPL-Caltech,2021-03-06T18:13:09.000,https://mars.nasa.gov/rss/api/?feed=raw_images&category=mars2020&feedtype=json&id=NLE_0015_0668275956_042ECM_N0030188NCAM00400_10_0LLJ,https://mars.nasa.gov/mars2020/multimedia/raw-images/?id=NLE_0015_0668275956_042ECM_N0030188NCAM00400_10_0LLJ,188,Mars Perseverance Sol 15: Left Navigation Camera (Navcam),3,2021-03-07T06:13:56Z,51.8071,-12.7297,668275957.209,1,"(5.80078,2.95615,0.102654)","(1273,1913,1296,976)","(1296,976)",https://mars.nasa.gov/mars2020-raw-images/pub/ods/surface/sol/00015/ids/edr/browse/ncam/NLE_0015_0668275956_042ECM_N0030188NCAM00400_10_0LLJ01_800.jpg,https://mars.nasa.gov/mars2020-raw-images/pub/ods/surface/sol/00015/ids/edr/browse/ncam/NLE_0015_0668275956_042ECM_N0030188NCAM00400_10_0LLJ01_320.jpg,https://mars.nasa.gov/mars2020-raw-images/pub/ods/surface/sol/00015/ids/edr/browse/ncam/NLE_0015_0668275956_042ECM_N0030188NCAM00400_10_0LLJ01.png,https://mars.nasa.gov/mars2020-raw-images/pub/ods/surface/sol/00015/ids/edr/browse/ncam/NLE_0015_0668275956_042ECM_N0030188NCAM00400_10_0LLJ01_1200.jpg,UNK,"(0.724598304785154,0.5842153983541841,0.3655812700732124)","(1.05937,0.538469,-1.94625);(0.592351,0.77276,0.227986);(-1562.58,2824.7,291.853);(-399.724,-505.589,2887.06);(0.591204,0.773604,0.228098);(2e-06,0.049535,-0.015973);(-0.003612,0.013016,-0.023961);2.0;0.0","(1.05937,0.538469,-1.94625)",NAVCAM_LEFT,CAHVORE
15,"(0.996207,0.00588069,-0.0132222,0.0858027)",NRE_0015_0668275956_042ECM_N0030188NCAM00400_06_0LLJ,"NASA's Mars Perseverance rover acquired this image using its onboard Right Navigation Camera (Navcam). The camera is located high on the rover's mast and aids in driving. 

This image was acquired on Mar. 6, 2021 (Sol 15) at the local mean solar time of 13:33:50.",Full,Sol-00015M13:33:50.884,NASA/JPL-Caltech,2021-03-06T18:13:08.000,https://mars.nasa.gov/rss/api/?feed=raw_images&category=mars2020&feedtype=json&id=NRE_0015_0668275956_042ECM_N0030188NCAM00400_06_0LLJ,https://mars.nasa.gov/mars2020/multimedia/raw-images/?id=NRE_0015_0668275956_042ECM_N0030188NCAM00400_06_0LLJ,188,Mars Perseverance Sol 15: Right Navigation Camera (Navcam),3,2021-03-07T06:13:56Z,52.1484,-12.5265,668275957.301,1,"(5.80078,2.95615,0.102654)","(1273,953,1296,976)","(1296,976)",https://mars.nasa.gov/mars2020-raw-images/pub/ods/surface/sol/00015/ids/edr/browse/ncam/NRE_0015_0668275956_042ECM_N0030188NCAM00400_06_0LLJ01_800.jpg,https://mars.nasa.gov/mars2020-raw-images/pub/ods/surface/sol/00015/ids/edr/browse/ncam/NRE_0015_0668275956_042ECM_N0030188NCAM00400_06_0LLJ01_320.jpg,https://mars.nasa.gov/mars2020-raw-images/pub/ods/surface/sol/00015/ids/edr/browse/ncam/NRE_0015_0668275956_042ECM_N0030188NCAM00400_06_0LLJ01.png,https://mars.nasa.gov/mars2020-raw-images/pub/ods/surface/sol/00015/ids/edr/browse/ncam/NRE_0015_0668275956_042ECM_N0030188NCAM00400_06_0LLJ01_1200.jpg,UNK,"(0.7638172299326406,0.6429268581280622,0.056818081238334414)","(0.72227,0.796279,-1.94703);(0.592775,0.772887,0.226449);(-1567.41,2806.63,290.19);(179.688,243.159,3100.09);(0.59322,0.772767,0.225695);(0.0,0.05117,-0.018889);(0.001504,0.020873,-0.009439);2.0;0.0","(0.72227,0.796279,-1.94703)",NAVCAM_RIGHT,CAHVORE
15,"(0.996207,0.00588069,-0.0132222,0.0858027)",NLE_0015_0668275956_042ECM_N0030188NCAM00400_06_0LLJ,"NASA's Mars Perseverance rover acquired this image using its onboard Left Navigation Camera (Navcam). The camera is located high on the rover's mast and aids in driving. 

This image was acquired on Mar. 6, 2021 (Sol 15) at the local mean solar time of 13:33:50.",Full,Sol-00015M13:33:50.884,NASA/JPL-Caltech,2021-03-06T18:13:07.000,https://mars.nasa.gov/rss/api/?feed=raw_images&category=mars2020&feedtype=json&id=NLE_0015_0668275956_042ECM_N0030188NCAM00400_06_0LLJ,https://mars.nasa.gov/mars2020/multimedia/raw-images/?id=NLE_0015_0668275956_042ECM_N0030188NCAM00400_06_0LLJ,188,Mars Perseverance Sol 15: Left Navigation Camera (Navcam),3,2021-03-07T06:13:56Z,51.8071,-12.7297,668275957.209,1,"(5.80078,2.95615,0.102654)","(1273,953,1296,976)","(1296,976)",https://mars.nasa.gov/mars2020-raw-images/pub/ods/surface/sol/00015/ids/edr/browse/ncam/NLE_0015_0668275956_042ECM_N0030188NCAM00400_06_0LLJ01_800.jpg,https://mars.nasa.gov/mars2020-raw-images/pub/ods/surface/sol/00015/ids/edr/browse/ncam/NLE_0015_0668275956_042ECM_N0030188NCAM00400_06_0LLJ01_320.jpg,https://mars.nasa.gov/mars2020-raw-images/pub/ods/surface/sol/00015/ids/edr/browse/ncam/NLE_0015_0668275956_042ECM_N0030188NCAM00400_06_0LLJ01.png,https://mars.nasa.gov/mars2020-raw-images/pub/ods/surface/sol/00015/ids/edr/browse/ncam/NLE_0015_0668275956_042ECM_N0030188NCAM00400_06_0LLJ01_1200.jpg,UNK,"(0.7670637737688021,0.6386824485267074,0.06081033559760924)","(1.05937,0.538469,-1.94625);(0.592351,0.77276,0.227986);(-1562.58,2824.7,291.853);(168.933,236.261,3105.92);(0.591204,0.773604,0.228098);(2e-06,0.049535,-0.015973);(-0.003612,0.013016,-0.023961);2.0;0.0","(1.05937,0.538469,-1.94625)",NAVCAM_LEFT,CAHVORE
15,"(0.996207,0.00588069,-0.0132222,0.0858027)",NRE_0015_0668275956_042ECM_N0030188NCAM00400_05_0LLJ,"NASA's Mars Perseverance rover acquired this image using its onboard Right Navigation Camera (Navcam). The camera is located high on the rover's mast and aids in driving. 

This image was acquired on Mar. 6, 2021 (Sol 15) at the local mean solar time of 13:33:50.",Full,Sol-00015M13:33:50.884,NASA/JPL-Caltech,2021-03-06T18:13:07.000,https://mars.nasa.gov/rss/api/?feed=raw_images&category=mars2020&feedtype=json&id=NRE_0015_0668275956_042ECM_N0030188NCAM00400_05_0LLJ,https://mars.nasa.gov/mars2020/multimedia/raw-images/?id=NRE_0015_0668275956_042ECM_N0030188NCAM00400_05_0LLJ,188,Mars Perseverance Sol 15: Right Navigation Camera (Navcam),3,2021-03-06T10:13:12Z,52.1484,-12.5265,668275957.301,1,"(5.80078,2.95615,0.102654)","(1,953,1288,976)","(1288,976)",https://mars.nasa.gov/mars2020-raw-images/pub/ods/surface/sol/00015/ids/edr/browse/ncam/NRE_0015_0668275956_042ECM_N0030188NCAM00400_05_0LLJ02_800.jpg,https://mars.nasa.gov/mars2020-raw-images/pub/ods/surface/sol/00015/ids/edr/browse/ncam/NRE_0015_0668275956_042ECM_N0030188NCAM00400_05_0LLJ02_320.jpg,https://mars.nasa.gov/mars2020-raw-images/pub/ods/surface/sol/00015/ids/edr/browse/ncam/NRE_0015_0668275956_042ECM_N0030188NCAM00400_05_0LLJ02.png,https://mars.nasa.gov/mars2020-raw-images/pub/ods/surface/sol/00015/ids/edr/browse/ncam/NRE_0015_0668275956_042ECM_N0030188NCAM00400_05_0LLJ02_1200.jpg,UNK,"(0.9408873077218752,0.33508191615253013,0.04950942976272335)","(0.72227,0.796279,-1.94703);(0.592775,0.772887,0.226449);(-813.399,3789.74,578.233);(179.688,243.159,3100.09);(0.59322,0.772767,0.225695);(0.0,0.05117,-0.018889);(0.001504,0.020873,-0.009439);2.0;0.0","(0.72227,0.796279,-1.94703)",NAVCAM_RIGHT,CAHVORE
15,"(0.996207,0.00588069,-0.0132222,0.0858027)",NLE_0015_0668275956_042ECM_N0030188NCAM00400_05_0LLJ,"NASA's Mars Perseverance rover acquired this image using its onboard Left Navigation Camera (Navcam). The camera is located high on the rover's mast and aids in driving. 

This image was acquired on Mar. 6, 2021 (Sol 15) at the local mean solar time of 13:33:50.",Full,Sol-00015M13:33:50.884,NASA/JPL-Caltech,2021-03-06T09:43:34.000,https://mars.nasa.gov/rss/api/?feed=raw_images&category=mars2020&feedtype=json&id=NLE_0015_0668275956_042ECM_N0030188NCAM00400_05_0LLJ,https://mars.nasa.gov/mars2020/multimedia/raw-images/?id=NLE_0015_0668275956_042ECM_N0030188NCAM00400_05_0LLJ,188,Mars Perseverance Sol 15: Left Navigation Camera (Navcam),3,2021-03-06T10:13:12Z,51.8071,-12.7297,668275957.209,1,"(5.80078,2.95615,0.102654)","(1,953,1288,976)","(1288,976)",https://mars.nasa.gov/mars2020-raw-images/pub/ods/surface/sol/00015/ids/edr/browse/ncam/NLE_0015_0668275956_042ECM_N0030188NCAM00400_05_0LLJ01_800.jpg,https://mars.nasa.gov/mars2020-raw-images/pub/ods/surface/sol/00015/ids/edr/browse/ncam/NLE_0015_0668275956_042ECM_N0030188NCAM00400_05_0LLJ01_320.jpg,https://mars.nasa.gov/mars2020-raw-images/pub/ods/surface/sol/00015/ids/edr/browse/ncam/NLE_0015_0668275956_042ECM_N0030188NCAM00400_05_0LLJ01.png,https://mars.nasa.gov/mars2020-raw-images/pub/ods/surface/sol/00015/ids/edr/browse/ncam/NLE_0015_0668275956_042ECM_N0030188NCAM00400_05_0LLJ01_1200.jpg,UNK,"(0.9418517628895835,0.3317605978032015,0.053386913069084656)","(1.05937,0.538469,-1.94625);(0.592351,0.77276,0.227986);(-809.106,3807.65,581.851);(168.933,236.261,3105.92);(0.591204,0.773604,0.228098);(2e-06,0.049535,-0.015973);(-0.003612,0.013016,-0.023961);2.0;0.0","(1.05937,0.538469,-1.94625)",NAVCAM_LEFT,CAHVORE
15,"(0.996207,0.00588069,-0.0132222,0.0858027)",NLE_0015_0668275677_973ECM_N0030188NCAM00400_16_0LLJ,"NASA's Mars Perseverance rover acquired this image using its onboard Left Navigation Camera (Navcam). The camera is located high on the rover's mast and aids in driving. 

This image was acquired on Mar. 6, 2021 (Sol 15) at the local mean solar time of 13:29:20.",Full,Sol-00015M13:29:20.252,NASA/JPL-Caltech,2021-03-06T09:43:32.000,https://mars.nasa.gov/rss/api/?feed=raw_images&category=mars2020&feedtype=json&id=NLE_0015_0668275677_973ECM_N0030188NCAM00400_16_0LLJ,https://mars.nasa.gov/mars2020/multimedia/raw-images/?id=NLE_0015_0668275677_973ECM_N0030188NCAM00400_16_0LLJ,188,Mars Perseverance Sol 15: Left Navigation Camera (Navcam),3,2021-03-06T10:13:12Z,340.453,-12.8188,668275679.037,1,"(5.80078,2.95615,0.102654)","(3833,2873,1288,968)","(1288,968)",https://mars.nasa.gov/mars2020-raw-images/pub/ods/surface/sol/00015/ids/edr/browse/ncam/NLE_0015_0668275677_973ECM_N0030188NCAM00400_16_0LLJ01_800.jpg,https://mars.nasa.gov/mars2020-raw-images/pub/ods/surface/sol/00015/ids/edr/browse/ncam/NLE_0015_0668275677_973ECM_N0030188NCAM00400_16_0LLJ01_320.jpg,https://mars.nasa.gov/mars2020-raw-images/pub/ods/surface/sol/00015/ids/edr/browse/ncam/NLE_0015_0668275677_973ECM_N0030188NCAM00400_16_0LLJ01.png,https://mars.nasa.gov/mars2020-raw-images/pub/ods/surface/sol/00015/ids/edr/browse/ncam/NLE_0015_0668275677_973ECM_N0030188NCAM00400_16_0LLJ01_1200.jpg,UNK,"(0.8007378167246729,0.2532631222877472,0.5428413578165041)","(0.866576,0.311735,-1.94637);(0.921242,-0.314087,0.229518);(-182.982,3188.23,-288.979);(-1497.1,515.522,2665.71);(0.921674,-0.31273,0.229633);(2e-06,0.049535,-0.015973);(-0.003612,0.013016,-0.023961);2.0;0.0","(0.866576,0.311735,-1.94637)",NAVCAM_LEFT,CAHVORE
15,"(0.996207,0.00588069,-0.0132222,0.0858027)",NLE_0015_0668275956_042ECM_N0030188NCAM00400_04_0LLJ,"NASA's Mars Perseverance rover acquired this image using its onboard Left Navigation Camera (Navcam). The camera is located high on the rover's mast and aids in driving. 

This image was acquired on Mar. 6, 2021 (Sol 15) at the local mean solar time of 13:33:50.",Full,Sol-00015M13:33:50.884,NASA/JPL-Caltech,2021-03-06T09:43:31.000,https://mars.nasa.gov/rss/api/?feed=raw_images&category=mars2020&feedtype=json&id=NLE_0015_0668275956_042ECM_N0030188NCAM00400_04_0LLJ,https://mars.nasa.gov/mars2020/multimedia/raw-images/?id=NLE_0015_0668275956_042ECM_N0030188NCAM00400_04_0LLJ,188,Mars Perseverance Sol 15: Left Navigation Camera (Navcam),3,2021-03-06T10:13:12Z,51.8071,-12.7297,668275957.209,1,"(5.80078,2.95615,0.102654)","(3833,1,1288,968)","(1288,968)",https://mars.nasa.gov/mars2020-raw-images/pub/ods/surface/sol/00015/ids/edr/browse/ncam/NLE_0015_0668275956_042ECM_N0030188NCAM00400_04_0LLJ01_800.jpg,https://mars.nasa.gov/mars2020-raw-images/pub/ods/surface/sol/00015/ids/edr/browse/ncam/NLE_0015_0668275956_042ECM_N0030188NCAM00400_04_0LLJ01_320.jpg,https://mars.nasa.gov/mars2020-raw-images/pub/ods/surface/sol/00015/ids/edr/browse/ncam/NLE_0015_0668275956_042ECM_N0030188NCAM00400_04_0LLJ01.png,https://mars.nasa.gov/mars2020-raw-images/pub/ods/surface/sol/00015/ids/edr/browse/ncam/NLE_0015_0668275956_042ECM_N0030188NCAM00400_04_0LLJ01_1200.jpg,UNK,"(0.12311678702075268,0.9724232984323227,-0.1980787354051122)","(1.05937,0.538469,-1.94625);(0.592351,0.77276,0.227986);(-3079.0,846.438,-291.791);(732.851,971.928,3322.97);(0.591204,0.773604,0.228098);(2e-06,0.049535,-0.015973);(-0.003612,0.013016,-0.023961);2.0;0.0","(1.05937,0.538469,-1.94625)",NAVCAM_LEFT,CAHVORE
15,"(0.996207,0.00588069,-0.0132222,0.0858027)",NRE_0015_0668275956_042ECM_N0030188NCAM00400_03_0LLJ,"NASA's Mars Perseverance rover acquired this image using its onboard Right Navigation Camera (Navcam). The camera is located high on the rover's mast and aids in driving. 

This image was acquired on Mar. 6, 2021 (Sol 15) at the local mean solar time of 13:33:50.",Full,Sol-00015M13:33:50.884,NASA/JPL-Caltech,2021-03-06T09:43:29.000,https://mars.nasa.gov/rss/api/?feed=raw_images&category=mars2020&feedtype=json&id=NRE_0015_0668275956_042ECM_N0030188NCAM00400_03_0LLJ,https://mars.nasa.gov/mars2020/multimedia/raw-images/?id=NRE_0015_0668275956_042ECM_N0030188NCAM00400_03_0LLJ,188,Mars Perseverance Sol 15: Right Navigation Camera (Navcam),3,2021-03-06T10:13:12Z,52.1484,-12.5265,668275957.301,1,"(5.80078,2.95615,0.102654)","(2553,1,1296,968)","(1296,968)",https://mars.nasa.gov/mars2020-raw-images/pub/ods/surface/sol/00015/ids/edr/browse/ncam/NRE_0015_0668275956_042ECM_N0030188NCAM00400_03_0LLJ01_800.jpg,https://mars.nasa.gov/mars2020-raw-images/pub/ods/surface/sol/00015/ids/edr/browse/ncam/NRE_0015_0668275956_042ECM_N0030188NCAM00400_03_0LLJ01_320.jpg,https://mars.nasa.gov/mars2020-raw-images/pub/ods/surface/sol/00015/ids/edr/browse/ncam/NRE_0015_0668275956_042ECM_N0030188NCAM00400_03_0LLJ01.png,https://mars.nasa.gov/mars2020-raw-images/pub/ods/surface/sol/00015/ids/edr/browse/ncam/NRE_0015_0668275956_042ECM_N0030188NCAM00400_03_0LLJ01_1200.jpg,UNK,"(0.43544428994621803,0.8712657817312359,-0.226460168545138)","(0.72227,0.796279,-1.94703);(0.592775,0.772887,0.226449);(-2326.16,1817.33,0.335984);(744.01,978.947,3315.67);(0.59322,0.772767,0.225695);(0.0,0.05117,-0.018889);(0.001504,0.020873,-0.009439);2.0;0.0","(0.72227,0.796279,-1.94703)",NAVCAM_RIGHT,CAHVORE
15,"(0.996207,0.00588069,-0.0132222,0.0858027)",NRE_0015_0668275677_973ECM_N0030188NCAM00400_08_0LLJ,"NASA's Mars Perseverance rover acquired this image using its onboard Right Navigation Camera (Navcam). The camera is located high on the rover's mast and aids in driving. 

This image was acquired on Mar. 6, 2021 (Sol 15) at the local mean solar time of 13:29:20.",Full,Sol-00015M13:29:20.252,NASA/JPL-Caltech,2021-03-06T09:43:27.000,https://mars.nasa.gov/rss/api/?feed=raw_images&category=mars2020&feedtype=json&id=NRE_0015_0668275677_973ECM_N0030188NCAM00400_08_0LLJ,https://mars.nasa.gov/mars2020/multimedia/raw-images/?id=NRE_0015_0668275677_973ECM_N0030188NCAM00400_08_0LLJ,188,Mars Perseverance Sol 15: Right Navigation Camera (Navcam),3,2021-03-06T10:13:12Z,340.795,-12.616,668275679.222,1,"(5.80078,2.95615,0.102654)","(3833,953,1288,976)","(1288,976)",https://mars.nasa.gov/mars2020-raw-images/pub/ods/surface/sol/00015/ids/edr/browse/ncam/NRE_0015_0668275677_973ECM_N0030188NCAM00400_08_0LLJ01_800.jpg,https://mars.nasa.gov/mars2020-raw-images/pub/ods/surface/sol/00015/ids/edr/browse/ncam/NRE_0015_0668275677_973ECM_N0030188NCAM00400_08_0LLJ01_320.jpg,https://mars.nasa.gov/mars2020-raw-images/pub/ods/surface/sol/00015/ids/edr/browse/ncam/NRE_0015_0668275677_973ECM_N0030188NCAM00400_08_0LLJ01.png,https://mars.nasa.gov/mars2020-raw-images/pub/ods/surface/sol/00015/ids/edr/browse/ncam/NRE_0015_0668275677_973ECM_N0030188NCAM00400_08_0LLJ01_1200.jpg,UNK,"(0.970883428890176,0.23426988615263863,0.050029870562337556)","(1.00293,0.713618,-1.94648);(0.921501,-0.314446,0.227981);(-202.313,3187.95,-286.746);(281.67,-95.5007,3100.56);(0.921531,-0.314905,0.227227);(0.0,0.05117,-0.018889);(0.001504,0.020873,-0.009439);2.0;0.0","(1.00293,0.713618,-1.94648)",NAVCAM_RIGHT,CAHVORE
15,"(0.996207,0.00588069,-0.0132222,0.0858027)",NLE_0015_0668275677_973ECM_N0030188NCAM00400_12_0LLJ,"NASA's Mars Perseverance rover acquired this image using its onboard Left Navigation Camera (Navcam). The camera is located high on the rover's mast and aids in driving. 

This image was acquired on Mar. 6, 2021 (Sol 15) at the local mean solar time of 13:29:20.",Full,Sol-00015M13:29:20.252,NASA/JPL-Caltech,2021-03-06T09:43:24.000,https://mars.nasa.gov/rss/api/?feed=raw_images&category=mars2020&feedtype=json&id=NLE_0015_0668275677_973ECM_N0030188NCAM00400_12_0LLJ,https://mars.nasa.gov/mars2020/multimedia/raw-images/?id=NLE_0015_0668275677_973ECM_N0030188NCAM00400_12_0LLJ,188,Mars Perseverance Sol 15: Left Navigation Camera (Navcam),3,2021-03-06T10:13:12Z,340.453,-12.8188,668275679.037,1,"(5.80078,2.95615,0.102654)","(3833,1913,1288,976)","(1288,976)",https://mars.nasa.gov/mars2020-raw-images/pub/ods/surface/sol/00015/ids/edr/browse/ncam/NLE_0015_0668275677_973ECM_N0030188NCAM00400_12_0LLJ01_800.jpg,https://mars.nasa.gov/mars2020-raw-images/pub/ods/surface/sol/00015/ids/edr/browse/ncam/NLE_0015_0668275677_973ECM_N0030188NCAM00400_12_0LLJ01_320.jpg,https://mars.nasa.gov/mars2020-raw-images/pub/ods/surface/sol/00015/ids/edr/browse/ncam/NLE_0015_0668275677_973ECM_N0030188NCAM00400_12_0LLJ01.png,https://mars.nasa.gov/mars2020-raw-images/pub/ods/surface/sol/00015/ids/edr/browse/ncam/NLE_0015_0668275677_973ECM_N0030188NCAM00400_12_0LLJ01_1200.jpg,UNK,"(0.9147506852726649,0.25029165139213133,0.3171518138629981)","(0.866576,0.311735,-1.94637);(0.921242,-0.314087,0.229518);(-182.982,3188.23,-288.979);(-612.711,213.998,2886.05);(0.921674,-0.31273,0.229633);(2e-06,0.049535,-0.015973);(-0.003612,0.013016,-0.023961);2.0;0.0","(0.866576,0.311735,-1.94637)",NAVCAM_LEFT,CAHVORE
15,"(0.996207,0.00588069,-0.0132222,0.0858027)",NRE_0015_0668275677_973ECM_N0030188NCAM00400_12_0LLJ,"NASA's Mars Perseverance rover acquired this image using its onboard Right Navigation Camera (Navcam). The camera is located high on the rover's mast and aids in driving. 

This image was acquired on Mar. 6, 2021 (Sol 15) at the local mean solar time of 13:29:20.",Full,Sol-00015M13:29:20.252,NASA/JPL-Caltech,2021-03-06T09:43:24.000,https://mars.nasa.gov/rss/api/?feed=raw_images&category=mars2020&feedtype=json&id=NRE_0015_0668275677_973ECM_N0030188NCAM00400_12_0LLJ,https://mars.nasa.gov/mars2020/multimedia/raw-images/?id=NRE_0015_0668275677_973ECM_N0030188NCAM00400_12_0LLJ,188,Mars Perseverance Sol 15: Right Navigation Camera (Navcam),3,2021-03-06T10:13:12Z,340.795,-12.616,668275679.222,1,"(5.80078,2.95615,0.102654)","(3833,1913,1288,976)","(1288,976)",https://mars.nasa.gov/mars2020-raw-images/pub/ods/surface/sol/00015/ids/edr/browse/ncam/NRE_0015_0668275677_973ECM_N0030188NCAM00400_12_0LLJ01_800.jpg,https://mars.nasa.gov/mars2020-raw-images/pub/ods/surface/sol/00015/ids/edr/browse/ncam/NRE_0015_0668275677_973ECM_N0030188NCAM00400_12_0LLJ01_320.jpg,https://mars.nasa.gov/mars2020-raw-images/pub/ods/surface/sol/00015/ids/edr/browse/ncam/NRE_0015_0668275677_973ECM_N0030188NCAM00400_12_0LLJ01.png,https://mars.nasa.gov/mars2020-raw-images/pub/ods/surface/sol/00015/ids/edr/browse/ncam/NRE_0015_0668275677_973ECM_N0030188NCAM00400_12_0LLJ01_1200.jpg,UNK,"(0.9144602291326803,0.2548295804753994,0.31436344292766877)","(1.00293,0.713618,-1.94648);(0.921501,-0.314446,0.227981);(-202.313,3187.95,-286.746);(-602.971,206.368,2881.7);(0.921531,-0.314905,0.227227);(0.0,0.05117,-0.018889);(0.001504,0.020873,-0.009439);2.0;0.0","(1.00293,0.713618,-1.94648)",NAVCAM_RIGHT,CAHVORE
15,"(0.996207,0.00588069,-0.0132222,0.0858027)",NLE_0015_0668275677_973ECM_N0030188NCAM00400_07_0LLJ,"NASA's Mars Perseverance rover acquired this image using its onboard Left Navigation Camera (Navcam). The camera is located high on the rover's mast and aids in driving. 

This image was acquired on Mar. 6, 2021 (Sol 15) at the local mean solar time of 13:29:20.",Full,Sol-00015M13:29:20.252,NASA/JPL-Caltech,2021-03-06T09:43:20.000,https://mars.nasa.gov/rss/api/?feed=raw_images&category=mars2020&feedtype=json&id=NLE_0015_0668275677_973ECM_N0030188NCAM00400_07_0LLJ,https://mars.nasa.gov/mars2020/multimedia/raw-images/?id=NLE_0015_0668275677_973ECM_N0030188NCAM00400_07_0LLJ,188,Mars Perseverance Sol 15: Left Navigation Camera (Navcam),3,2021-03-06T10:13:12Z,340.453,-12.8188,668275679.037,1,"(5.80078,2.95615,0.102654)","(2553,953,1296,976)","(1296,976)",https://mars.nasa.gov/mars2020-raw-images/pub/ods/surface/sol/00015/ids/edr/browse/ncam/NLE_0015_0668275677_973ECM_N0030188NCAM00400_07_0LLJ01_800.jpg,https://mars.nasa.gov/mars2020-raw-images/pub/ods/surface/sol/00015/ids/edr/browse/ncam/NLE_0015_0668275677_973ECM_N0030188NCAM00400_07_0LLJ01_320.jpg,https://mars.nasa.gov/mars2020-raw-images/pub/ods/surface/sol/00015/ids/edr/browse/ncam/NLE_0015_0668275677_973ECM_N0030188NCAM00400_07_0LLJ01.png,https://mars.nasa.gov/mars2020-raw-images/pub/ods/surface/sol/00015/ids/edr/browse/ncam/NLE_0015_0668275677_973ECM_N0030188NCAM00400_07_0LLJ01_1200.jpg,UNK,"(0.9897019624052458,-0.1291958630573597,0.061631603744096757)","(0.866576,0.311735,-1.94637);(0.921242,-0.314087,0.229518);(996.207,2786.2,4.80418);(271.68,-87.5251,3106.39);(0.921674,-0.31273,0.229633);(2e-06,0.049535,-0.015973);(-0.003612,0.013016,-0.023961);2.0;0.0","(0.866576,0.311735,-1.94637)",NAVCAM_LEFT,CAHVORE
15,"(0.996207,0.00588069,-0.0132222,0.0858027)",NLE_0015_0668275677_973ECM_N0030188NCAM00400_03_0LLJ,"NASA's Mars Perseverance rover acquired this image using its onboard Left Navigation Camera (Navcam). The camera is located high on the rover's mast and aids in driving. 

This image was acquired on Mar. 6, 2021 (Sol 15) at the local mean solar time of 13:29:20.",Full,Sol-00015M13:29:20.252,NASA/JPL-Caltech,2021-03-06T09:43:15.000,https://mars.nasa.gov/rss/api/?feed=raw_images&category=mars2020&feedtype=json&id=NLE_0015_0668275677_973ECM_N0030188NCAM00400_03_0LLJ,https://mars.nasa.gov/mars2020/multimedia/raw-images/?id=NLE_0015_0668275677_973ECM_N0030188NCAM00400_03_0LLJ,188,Mars Perseverance Sol 15: Left Navigation Camera (Navcam),3,2021-03-06T10:13:12Z,340.453,-12.8188,668275679.037,1,"(5.80078,2.95615,0.102654)","(2553,1,1296,968)","(1296,968)",https://mars.nasa.gov/mars2020-raw-images/pub/ods/surface/sol/00015/ids/edr/browse/ncam/NLE_0015_0668275677_973ECM_N0030188NCAM00400_03_0LLJ01_800.jpg,https://mars.nasa.gov/mars2020-raw-images/pub/ods/surface/sol/00015/ids/edr/browse/ncam/NLE_0015_0668275677_973ECM_N0030188NCAM00400_03_0LLJ01_320.jpg,https://mars.nasa.gov/mars2020-raw-images/pub/ods/surface/sol/00015/ids/edr/browse/ncam/NLE_0015_0668275677_973ECM_N0030188NCAM00400_03_0LLJ01.png,https://mars.nasa.gov/mars2020-raw-images/pub/ods/surface/sol/00015/ids/edr/browse/ncam/NLE_0015_0668275677_973ECM_N0030188NCAM00400_03_0LLJ01_1200.jpg,UNK,"(0.9651811776045668,-0.1395394056869035,-0.22125561836574323)","(0.866576,0.311735,-1.94637);(0.921242,-0.314087,0.229518);(996.207,2786.2,4.80418);(1148.7,-386.536,3324.89);(0.921674,-0.31273,0.229633);(2e-06,0.049535,-0.015973);(-0.003612,0.013016,-0.023961);2.0;0.0","(0.866576,0.311735,-1.94637)",NAVCAM_LEFT,CAHVORE
15,"(0.996207,0.00588069,-0.0132222,0.0858027)",NLE_0015_0668275677_973ECM_N0030188NCAM00400_05_0LLJ,"NASA's Mars Perseverance rover acquired this image using its onboard Left Navigation Camera (Navcam). The camera is located high on the rover's mast and aids in driving. 

This image was acquired on Mar. 6, 2021 (Sol 15) at the local mean solar time of 13:29:20.",Full,Sol-00015M13:29:20.252,NASA/JPL-Caltech,2021-03-06T09:43:12.000,https://mars.nasa.gov/rss/api/?feed=raw_images&category=mars2020&feedtype=json&id=NLE_0015_0668275677_973ECM_N0030188NCAM00400_05_0LLJ,https://mars.nasa.gov/mars2020/multimedia/raw-images/?id=NLE_0015_0668275677_973ECM_N0030188NCAM00400_05_0LLJ,188,Mars Perseverance Sol 15: Left Navigation Camera (Navcam),3,2021-03-06T10:13:12Z,340.453,-12.8188,668275679.037,1,"(5.80078,2.95615,0.102654)","(1,953,1288,976)","(1288,976)",https://mars.nasa.gov/mars2020-raw-images/pub/ods/surface/sol/00015/ids/edr/browse/ncam/NLE_0015_0668275677_973ECM_N0030188NCAM00400_05_0LLJ01_800.jpg,https://mars.nasa.gov/mars2020-raw-images/pub/ods/surface/sol/00015/ids/edr/browse/ncam/NLE_0015_0668275677_973ECM_N0030188NCAM00400_05_0LLJ01_320.jpg,https://mars.nasa.gov/mars2020-raw-images/pub/ods/surface/sol/00015/ids/edr/browse/ncam/NLE_0015_0668275677_973ECM_N0030188NCAM00400_05_0LLJ01.png,https://mars.nasa.gov/mars2020-raw-images/pub/ods/surface/sol/00015/ids/edr/browse/ncam/NLE_0015_0668275677_973ECM_N0030188NCAM00400_05_0LLJ01_1200.jpg,UNK,"(0.615652966248085,-0.7861762370371143,0.05383632108621299)","(0.866576,0.311735,-1.94637);(0.921242,-0.314087,0.229518);(3347.22,1984.65,590.535);(271.68,-87.5251,3106.39);(0.921674,-0.31273,0.229633);(2e-06,0.049535,-0.015973);(-0.003612,0.013016,-0.023961);2.0;0.0","(0.866576,0.311735,-1.94637)",NAVCAM_LEFT,CAHVORE
15,"(0.996207,0.00588069,-0.0132222,0.0858027)",NLE_0015_0668275677_973ECM_N0030188NCAM00400_06_0LLJ,"NASA's Mars Perseverance rover acquired this image using its onboard Left Navigation Camera (Navcam). The camera is located high on the rover's mast and aids in driving. 

This image was acquired on Mar. 6, 2021 (Sol 15) at the local mean solar time of 13:29:20.",Full,Sol-00015M13:29:20.252,NASA/JPL-Caltech,2021-03-06T09:43:10.000,https://mars.nasa.gov/rss/api/?feed=raw_images&category=mars2020&feedtype=json&id=NLE_0015_0668275677_973ECM_N0030188NCAM00400_06_0LLJ,https://mars.nasa.gov/mars2020/multimedia/raw-images/?id=NLE_0015_0668275677_973ECM_N0030188NCAM00400_06_0LLJ,188,Mars Perseverance Sol 15: Left Navigation Camera (Navcam),3,2021-03-06T10:13:12Z,340.453,-12.8188,668275679.037,1,"(5.80078,2.95615,0.102654)","(1273,953,1296,976)","(1296,976)",https://mars.nasa.gov/mars2020-raw-images/pub/ods/surface/sol/00015/ids/edr/browse/ncam/NLE_0015_0668275677_973ECM_N0030188NCAM00400_06_0LLJ01_800.jpg,https://mars.nasa.gov/mars2020-raw-images/pub/ods/surface/sol/00015/ids/edr/browse/ncam/NLE_0015_0668275677_973ECM_N0030188NCAM00400_06_0LLJ01_320.jpg,https://mars.nasa.gov/mars2020-raw-images/pub/ods/surface/sol/00015/ids/edr/browse/ncam/NLE_0015_0668275677_973ECM_N0030188NCAM00400_06_0LLJ01.png,https://mars.nasa.gov/mars2020-raw-images/pub/ods/surface/sol/00015/ids/edr/browse/ncam/NLE_0015_0668275677_973ECM_N0030188NCAM00400_06_0LLJ01_1200.jpg,UNK,"(0.8504703832922502,-0.5223571298858184,0.061993193176212553)","(0.866576,0.311735,-1.94637);(0.921242,-0.314087,0.229518);(2175.4,2384.17,298.588);(271.68,-87.5251,3106.39);(0.921674,-0.31273,0.229633);(2e-06,0.049535,-0.015973);(-0.003612,0.013016,-0.023961);2.0;0.0","(0.866576,0.311735,-1.94637)",NAVCAM_LEFT,CAHVORE
15,"(0.996207,0.00588069,-0.0132222,0.0858027)",NLE_0015_0668275677_973ECM_N0030188NCAM00400_14_0LLJ,"NASA's Mars Perseverance rover acquired this image using its onboard Left Navigation Camera (Navcam). The camera is located high on the rover's mast and aids in driving. 

This image was acquired on Mar. 6, 2021 (Sol 15) at the local mean solar time of 13:29:20.",Full,Sol-00015M13:29:20.252,NASA/JPL-Caltech,2021-03-06T09:43:10.000,https://mars.nasa.gov/rss/api/?feed=raw_images&category=mars2020&feedtype=json&id=NLE_0015_0668275677_973ECM_N0030188NCAM00400_14_0LLJ,https://mars.nasa.gov/mars2020/multimedia/raw-images/?id=NLE_0015_0668275677_973ECM_N0030188NCAM00400_14_0LLJ,188,Mars Perseverance Sol 15: Left Navigation Camera (Navcam),3,2021-03-06T10:13:12Z,340.453,-12.8188,668275679.037,1,"(5.80078,2.95615,0.102654)","(1273,2873,1296,968)","(1296,968)",https://mars.nasa.gov/mars2020-raw-images/pub/ods/surface/sol/00015/ids/edr/browse/ncam/NLE_0015_0668275677_973ECM_N0030188NCAM00400_14_0LLJ01_800.jpg,https://mars.nasa.gov/mars2020-raw-images/pub/ods/surface/sol/00015/ids/edr/browse/ncam/NLE_0015_0668275677_973ECM_N0030188NCAM00400_14_0LLJ01_320.jpg,https://mars.nasa.gov/mars2020-raw-images/pub/ods/surface/sol/00015/ids/edr/browse/ncam/NLE_0015_0668275677_973ECM_N0030188NCAM00400_14_0LLJ01.png,https://mars.nasa.gov/mars2020-raw-images/pub/ods/surface/sol/00015/ids/edr/browse/ncam/NLE_0015_0668275677_973ECM_N0030188NCAM00400_14_0LLJ01_1200.jpg,UNK,"(0.657448506500134,-0.43659361347354236,0.6141233410112811)","(0.866576,0.311735,-1.94637);(0.921242,-0.314087,0.229518);(2175.4,2384.17,298.588);(-1497.1,515.522,2665.71);(0.921674,-0.31273,0.229633);(2e-06,0.049535,-0.015973);(-0.003612,0.013016,-0.023961);2.0;0.0","(0.866576,0.311735,-1.94637)",NAVCAM_LEFT,CAHVORE
15,"(0.996207,0.00588069,-0.0132222,0.0858027)",NRE_0015_0668275677_973ECM_N0030188NCAM00400_16_0LLJ,"NASA's Mars Perseverance rover acquired this image using its onboard Right Navigation Camera (Navcam). The camera is located high on the rover's mast and aids in driving. 

This image was acquired on Mar. 6, 2021 (Sol 15) at the local mean solar time of 13:29:20.",Full,Sol-00015M13:29:20.252,NASA/JPL-Caltech,2021-03-06T09:43:10.000,https://mars.nasa.gov/rss/api/?feed=raw_images&category=mars2020&feedtype=json&id=NRE_0015_0668275677_973ECM_N0030188NCAM00400_16_0LLJ,https://mars.nasa.gov/mars2020/multimedia/raw-images/?id=NRE_0015_0668275677_973ECM_N0030188NCAM00400_16_0LLJ,188,Mars Perseverance Sol 15: Right Navigation Camera (Navcam),3,2021-03-06T10:13:12Z,340.795,-12.616,668275679.222,1,"(5.80078,2.95615,0.102654)","(3833,2873,1288,968)","(1288,968)",https://mars.nasa.gov/mars2020-raw-images/pub/ods/surface/sol/00015/ids/edr/browse/ncam/NRE_0015_0668275677_973ECM_N0030188NCAM00400_16_0LLJ01_800.jpg,https://mars.nasa.gov/mars2020-raw-images/pub/ods/surface/sol/00015/ids/edr/browse/ncam/NRE_0015_0668275677_973ECM_N0030188NCAM00400_16_0LLJ01_320.jpg,https://mars.nasa.gov/mars2020-raw-images/pub/ods/surface/sol/00015/ids/edr/browse/ncam/NRE_0015_0668275677_973ECM_N0030188NCAM00400_16_0LLJ01.png,https://mars.nasa.gov/mars2020-raw-images/pub/ods/surface/sol/00015/ids/edr/browse/ncam/NRE_0015_0668275677_973ECM_N0030188NCAM00400_16_0LLJ01_1200.jpg,UNK,"(0.8011652747233424,0.2571414440434943,0.5403817912667838)","(1.00293,0.713618,-1.94648);(0.921501,-0.314446,0.227981);(-202.313,3187.95,-286.746);(-1487.61,508.236,2662.84);(0.921531,-0.314905,0.227227);(0.0,0.05117,-0.018889);(0.001504,0.020873,-0.009439);2.0;0.0","(1.00293,0.713618,-1.94648)",NAVCAM_RIGHT,CAHVORE
15,"(0.996207,0.00588069,-0.0132222,0.0858027)",NLE_0015_0668275956_042ECM_N0030188NCAM00400_02_0LLJ,"NASA's Mars Perseverance rover acquired this image using its onboard Left Navigation Camera (Navcam). The camera is located high on the rover's mast and aids in driving. 

This image was acquired on Mar. 6, 2021 (Sol 15) at the local mean solar time of 13:33:50.",Full,Sol-00015M13:33:50.884,NASA/JPL-Caltech,2021-03-06T09:43:09.000,https://mars.nasa.gov/rss/api/?feed=raw_images&category=mars2020&feedtype=json&id=NLE_0015_0668275956_042ECM_N0030188NCAM00400_02_0LLJ,https://mars.nasa.gov/mars2020/multimedia/raw-images/?id=NLE_0015_0668275956_042ECM_N0030188NCAM00400_02_0LLJ,188,Mars Perseverance Sol 15: Left Navigation Camera (Navcam),3,2021-03-06T10:13:12Z,51.8071,-12.7297,668275957.209,1,"(5.80078,2.95615,0.102654)","(1273,1,1296,968)","(1296,968)",https://mars.nasa.gov/mars2020-raw-images/pub/ods/surface/sol/00015/ids/edr/browse/ncam/NLE_0015_0668275956_042ECM_N0030188NCAM00400_02_0LLJ01_800.jpg,https://mars.nasa.gov/mars2020-raw-images/pub/ods/surface/sol/00015/ids/edr/browse/ncam/NLE_0015_0668275956_042ECM_N0030188NCAM00400_02_0LLJ01_320.jpg,https://mars.nasa.gov/mars2020-raw-images/pub/ods/surface/sol/00015/ids/edr/browse/ncam/NLE_0015_0668275956_042ECM_N0030188NCAM00400_02_0LLJ01.png,https://mars.nasa.gov/mars2020-raw-images/pub/ods/surface/sol/00015/ids/edr/browse/ncam/NLE_0015_0668275956_042ECM_N0030188NCAM00400_02_0LLJ01_1200.jpg,UNK,"(0.740897757519461,0.6342391906908882,-0.2209324826602037)","(1.05937,0.538469,-1.94625);(0.592351,0.77276,0.227986);(-1562.58,2824.7,291.853);(732.851,971.928,3322.97);(0.591204,0.773604,0.228098);(2e-06,0.049535,-0.015973);(-0.003612,0.013016,-0.023961);2.0;0.0","(1.05937,0.538469,-1.94625)",NAVCAM_LEFT,CAHVORE
15,"(0.996207,0.00588069,-0.0132222,0.0858027)",NLE_0015_0668275677_973ECM_N0030188NCAM00400_11_0LLJ,"NASA's Mars Perseverance rover acquired this image using its onboard Left Navigation Camera (Navcam). The camera is located high on the rover's mast and aids in driving. 

This image was acquired on Mar. 6, 2021 (Sol 15) at the local mean solar time of 13:29:20.",Full,Sol-00015M13:29:20.252,NASA/JPL-Caltech,2021-03-06T09:43:06.000,https://mars.nasa.gov/rss/api/?feed=raw_images&category=mars2020&feedtype=json&id=NLE_0015_0668275677_973ECM_N0030188NCAM00400_11_0LLJ,https://mars.nasa.gov/mars2020/multimedia/raw-images/?id=NLE_0015_0668275677_973ECM_N0030188NCAM00400_11_0LLJ,188,Mars Perseverance Sol 15: Left Navigation Camera (Navcam),3,2021-03-06T10:13:12Z,340.453,-12.8188,668275679.037,1,"(5.80078,2.95615,0.102654)","(2553,1913,1296,976)","(1296,976)",https://mars.nasa.gov/mars2020-raw-images/pub/ods/surface/sol/00015/ids/edr/browse/ncam/NLE_0015_0668275677_973ECM_N0030188NCAM00400_11_0LLJ01_800.jpg,https://mars.nasa.gov/mars2020-raw-images/pub/ods/surface/sol/00015/ids/edr/browse/ncam/NLE_0015_0668275677_973ECM_N0030188NCAM00400_11_0LLJ01_320.jpg,https://mars.nasa.gov/mars2020-raw-images/pub/ods/surface/sol/00015/ids/edr/browse/ncam/NLE_0015_0668275677_973ECM_N0030188NCAM00400_11_0LLJ01.png,https://mars.nasa.gov/mars2020-raw-images/pub/ods/surface/sol/00015/ids/edr/browse/ncam/NLE_0015_0668275677_973ECM_N0030188NCAM00400_11_0LLJ01_1200.jpg,UNK,"(0.9238897550761292,-0.10566969342708936,0.3677793310619764)","(0.866576,0.311735,-1.94637);(0.921242,-0.314087,0.229518);(996.207,2786.2,4.80418);(-612.711,213.998,2886.05);(0.921674,-0.31273,0.229633);(2e-06,0.049535,-0.015973);(-0.003612,0.013016,-0.023961);2.0;0.0","(0.866576,0.311735,-1.94637)",NAVCAM_LEFT,CAHVORE
15,"(0.996207,0.00588069,-0.0132222,0.0858027)",NLE_0015_0668275677_973ECM_N0030188NCAM00400_15_0LLJ,"NASA's Mars Perseverance rover acquired this image using its onboard Left Navigation Camera (Navcam). The camera is located high on the rover's mast and aids in driving. 

This image was acquired on Mar. 6, 2021 (Sol 15) at the local mean solar time of 13:29:20.",Full,Sol-00015M13:29:20.252,NASA/JPL-Caltech,2021-03-06T09:43:06.000,https://mars.nasa.gov/rss/api/?feed=raw_images&category=mars2020&feedtype=json&id=NLE_0015_0668275677_973ECM_N0030188NCAM00400_15_0LLJ,https://mars.nasa.gov/mars2020/multimedia/raw-images/?id=NLE_0015_0668275677_973ECM_N0030188NCAM00400_15_0LLJ,188,Mars Perseverance Sol 15: Left Navigation Camera (Navcam),3,2021-03-06T10:13:12Z,340.453,-12.8188,668275679.037,1,"(5.80078,2.95615,0.102654)","(2553,2873,1296,968)","(1296,968)",https://mars.nasa.gov/mars2020-raw-images/pub/ods/surface/sol/00015/ids/edr/browse/ncam/NLE_0015_0668275677_973ECM_N0030188NCAM00400_15_0LLJ01_800.jpg,https://mars.nasa.gov/mars2020-raw-images/pub/ods/surface/sol/00015/ids/edr/browse/ncam/NLE_0015_0668275677_973ECM_N0030188NCAM00400_15_0LLJ01_320.jpg,https://mars.nasa.gov/mars2020-raw-images/pub/ods/surface/sol/00015/ids/edr/browse/ncam/NLE_0015_0668275677_973ECM_N0030188NCAM00400_15_0LLJ01.png,https://mars.nasa.gov/mars2020-raw-images/pub/ods/surface/sol/00015/ids/edr/browse/ncam/NLE_0015_0668275677_973ECM_N0030188NCAM00400_15_0LLJ01_1200.jpg,UNK,"(0.7841487790722474,-0.07505898265370856,0.6160169164905245)","(0.866576,0.311735,-1.94637);(0.921242,-0.314087,0.229518);(996.207,2786.2,4.80418);(-1497.1,515.522,2665.71);(0.921674,-0.31273,0.229633);(2e-06,0.049535,-0.015973);(-0.003612,0.013016,-0.023961);2.0;0.0","(0.866576,0.311735,-1.94637)",NAVCAM_LEFT,CAHVORE
15,"(0.996207,0.00588069,-0.0132222,0.0858027)",NRE_0015_0668275677_973ECM_N0030188NCAM00400_11_0LLJ,"NASA's Mars Perseverance rover acquired this image using its onboard Right Navigation Camera (Navcam). The camera is located high on the rover's mast and aids in driving. 

This image was acquired on Mar. 6, 2021 (Sol 15) at the local mean solar time of 13:29:20.",Full,Sol-00015M13:29:20.252,NASA/JPL-Caltech,2021-03-06T09:43:04.000,https://mars.nasa.gov/rss/api/?feed=raw_images&category=mars2020&feedtype=json&id=NRE_0015_0668275677_973ECM_N0030188NCAM00400_11_0LLJ,https://mars.nasa.gov/mars2020/multimedia/raw-images/?id=NRE_0015_0668275677_973ECM_N0030188NCAM00400_11_0LLJ,188,Mars Perseverance Sol 15: Right Navigation Camera (Navcam),3,2021-03-06T10:13:12Z,340.795,-12.616,668275679.222,1,"(5.80078,2.95615,0.102654)","(2553,1913,1296,976)","(1296,976)",https://mars.nasa.gov/mars2020-raw-images/pub/ods/surface/sol/00015/ids/edr/browse/ncam/NRE_0015_0668275677_973ECM_N0030188NCAM00400_11_0LLJ01_800.jpg,https://mars.nasa.gov/mars2020-raw-images/pub/ods/surface/sol/00015/ids/edr/browse/ncam/NRE_0015_0668275677_973ECM_N0030188NCAM00400_11_0LLJ01_320.jpg,https://mars.nasa.gov/mars2020-raw-images/pub/ods/surface/sol/00015/ids/edr/browse/ncam/NRE_0015_0668275677_973ECM_N0030188NCAM00400_11_0LLJ01.png,https://mars.nasa.gov/mars2020-raw-images/pub/ods/surface/sol/00015/ids/edr/browse/ncam/NRE_0015_0668275677_973ECM_N0030188NCAM00400_11_0LLJ01_1200.jpg,UNK,"(0.9256876997588538,-0.10029211396852147,0.3647516612585709)","(1.00293,0.713618,-1.94648);(0.921501,-0.314446,0.227981);(977.207,2785.45,5.07062);(-602.971,206.368,2881.7);(0.921531,-0.314905,0.227227);(0.0,0.05117,-0.018889);(0.001504,0.020873,-0.009439);2.0;0.0","(1.00293,0.713618,-1.94648)",NAVCAM_RIGHT,CAHVORE
15,"(0.996207,0.00588069,-0.0132222,0.0858027)",NRE_0015_0668275677_973ECM_N0030188NCAM00400_09_0LLJ,"NASA's Mars Perseverance rover acquired this image using its onboard Right Navigation Camera (Navcam). The camera is located high on the rover's mast and aids in driving. 

This image was acquired on Mar. 6, 2021 (Sol 15) at the local mean solar time of 13:29:20.",Full,Sol-00015M13:29:20.252,NASA/JPL-Caltech,2021-03-06T09:42:58.000,https://mars.nasa.gov/rss/api/?feed=raw_images&category=mars2020&feedtype=json&id=NRE_0015_0668275677_973ECM_N0030188NCAM00400_09_0LLJ,https://mars.nasa.gov/mars2020/multimedia/raw-images/?id=NRE_0015_0668275677_973ECM_N0030188NCAM00400_09_0LLJ,188,Mars Perseverance Sol 15: Right Navigation Camera (Navcam),3,2021-03-06T10:13:12Z,340.795,-12.616,668275679.222,1,"(5.80078,2.95615,0.102654)","(1,1913,1288,976)","(1288,976)",https://mars.nasa.gov/mars2020-raw-images/pub/ods/surface/sol/00015/ids/edr/browse/ncam/NRE_0015_0668275677_973ECM_N0030188NCAM00400_09_0LLJ01_800.jpg,https://mars.nasa.gov/mars2020-raw-images/pub/ods/surface/sol/00015/ids/edr/browse/ncam/NRE_0015_0668275677_973ECM_N0030188NCAM00400_09_0LLJ01_320.jpg,https://mars.nasa.gov/mars2020-raw-images/pub/ods/surface/sol/00015/ids/edr/browse/ncam/NRE_0015_0668275677_973ECM_N0030188NCAM00400_09_0LLJ01.png,https://mars.nasa.gov/mars2020-raw-images/pub/ods/surface/sol/00015/ids/edr/browse/ncam/NRE_0015_0668275677_973ECM_N0030188NCAM00400_09_0LLJ01_1200.jpg,UNK,"(0.5616284254198207,-0.7659513725995645,0.31287698313122403)","(1.00293,0.713618,-1.94648);(0.921501,-0.314446,0.227981);(3328.88,1982.99,586.879);(-602.971,206.368,2881.7);(0.921531,-0.314905,0.227227);(0.0,0.05117,-0.018889);(0.001504,0.020873,-0.009439);2.0;0.0","(1.00293,0.713618,-1.94648)",NAVCAM_RIGHT,CAHVORE
15,"(0.996207,0.00588069,-0.0132222,0.0858027)",NRE_0015_0668275677_973ECM_N0030188NCAM00400_15_0LLJ,"NASA's Mars Perseverance rover acquired this image using its onboard Right Navigation Camera (Navcam). The camera is located high on the rover's mast and aids in driving. 

This image was acquired on Mar. 6, 2021 (Sol 15) at the local mean solar time of 13:29:20.",Full,Sol-00015M13:29:20.252,NASA/JPL-Caltech,2021-03-06T09:42:56.000,https://mars.nasa.gov/rss/api/?feed=raw_images&category=mars2020&feedtype=json&id=NRE_0015_0668275677_973ECM_N0030188NCAM00400_15_0LLJ,https://mars.nasa.gov/mars2020/multimedia/raw-images/?id=NRE_0015_0668275677_973ECM_N0030188NCAM00400_15_0LLJ,188,Mars Perseverance Sol 15: Right Navigation Camera (Navcam),3,2021-03-06T10:13:12Z,340.795,-12.616,668275679.222,1,"(5.80078,2.95615,0.102654)","(2553,2873,1296,968)","(1296,968)",https://mars.nasa.gov/mars2020-raw-images/pub/ods/surface/sol/00015/ids/edr/browse/ncam/NRE_0015_0668275677_973ECM_N0030188NCAM00400_15_0LLJ01_800.jpg,https://mars.nasa.gov/mars2020-raw-images/pub/ods/surface/sol/00015/ids/edr/browse/ncam/NRE_0015_0668275677_973ECM_N0030188NCAM00400_15_0LLJ01_320.jpg,https://mars.nasa.gov/mars2020-raw-images/pub/ods/surface/sol/00015/ids/edr/browse/ncam/NRE_0015_0668275677_973ECM_N0030188NCAM00400_15_0LLJ01.png,https://mars.nasa.gov/mars2020-raw-images/pub/ods/surface/sol/00015/ids/edr/browse/ncam/NRE_0015_0668275677_973ECM_N0030188NCAM00400_15_0LLJ01_1200.jpg,UNK,"(0.786227337498916,-0.0706700339653452,0.6138829856484886)","(1.00293,0.713618,-1.94648);(0.921501,-0.314446,0.227981);(977.207,2785.45,5.07062);(-1487.61,508.236,2662.84);(0.921531,-0.314905,0.227227);(0.0,0.05117,-0.018889);(0.001504,0.020873,-0.009439);2.0;0.0","(1.00293,0.713618,-1.94648)",NAVCAM_RIGHT,CAHVORE
15,"(0.996207,0.00588069,-0.0132222,0.0858027)",NRE_0015_0668275956_042ECM_N0030188NCAM00400_02_0LLJ,"NASA's Mars Perseverance rover acquired this image using its onboard Right Navigation Camera (Navcam). The camera is located high on the rover's mast and aids in driving. 

This image was acquired on Mar. 6, 2021 (Sol 15) at the local mean solar time of 13:33:50.",Full,Sol-00015M13:33:50.884,NASA/JPL-Caltech,2021-03-06T09:42:56.000,https://mars.nasa.gov/rss/api/?feed=raw_images&category=mars2020&feedtype=json&id=NRE_0015_0668275956_042ECM_N0030188NCAM00400_02_0LLJ,https://mars.nasa.gov/mars2020/multimedia/raw-images/?id=NRE_0015_0668275956_042ECM_N0030188NCAM00400_02_0LLJ,188,Mars Perseverance Sol 15: Right Navigation Camera (Navcam),3,2021-03-06T10:13:12Z,52.1484,-12.5265,668275957.301,1,"(5.80078,2.95615,0.102654)","(1273,1,1296,968)","(1296,968)",https://mars.nasa.gov/mars2020-raw-images/pub/ods/surface/sol/00015/ids/edr/browse/ncam/NRE_0015_0668275956_042ECM_N0030188NCAM00400_02_0LLJ01_800.jpg,https://mars.nasa.gov/mars2020-raw-images/pub/ods/surface/sol/00015/ids/edr/browse/ncam/NRE_0015_0668275956_042ECM_N0030188NCAM00400_02_0LLJ01_320.jpg,https://mars.nasa.gov/mars2020-raw-images/pub/ods/surface/sol/00015/ids/edr/browse/ncam/NRE_0015_0668275956_042ECM_N0030188NCAM00400_02_0LLJ01.png,https://mars.nasa.gov/mars2020-raw-images/pub/ods/surface/sol/00015/ids/edr/browse/ncam/NRE_0015_0668275956_042ECM_N0030188NCAM00400_02_0LLJ01_1200.jpg,UNK,"(0.7367236914636424,0.6375488446700979,-0.22532126640867056)","(0.72227,0.796279,-1.94703);(0.592775,0.772887,0.226449);(-1567.41,2806.63,290.19);(744.01,978.947,3315.67);(0.59322,0.772767,0.225695);(0.0,0.05117,-0.018889);(0.001504,0.020873,-0.009439);2.0;0.0","(0.72227,0.796279,-1.94703)",NAVCAM_RIGHT,CAHVORE
15,"(0.996207,0.00588069,-0.0132222,0.0858027)",NRE_0015_0668275956_042ECM_N0030188NCAM00400_01_0LLJ,"NASA's Mars Perseverance rover acquired this image using its onboard Right Navigation Camera (Navcam). The camera is located high on the rover's mast and aids in driving. 

This image was acquired on Mar. 6, 2021 (Sol 15) at the local mean solar time of 13:33:50.",Full,Sol-00015M13:33:50.884,NASA/JPL-Caltech,2021-03-06T09:42:55.000,https://mars.nasa.gov/rss/api/?feed=raw_images&category=mars2020&feedtype=json&id=NRE_0015_0668275956_042ECM_N0030188NCAM00400_01_0LLJ,https://mars.nasa.gov/mars2020/multimedia/raw-images/?id=NRE_0015_0668275956_042ECM_N0030188NCAM00400_01_0LLJ,188,Mars Perseverance Sol 15: Right Navigation Camera (Navcam),3,2021-03-06T10:13:12Z,52.1484,-12.5265,668275957.301,1,"(5.80078,2.95615,0.102654)","(1,1,1288,968)","(1288,968)",https://mars.nasa.gov/mars2020-raw-images/pub/ods/surface/sol/00015/ids/edr/browse/ncam/NRE_0015_0668275956_042ECM_N0030188NCAM00400_01_0LLJ01_800.jpg,https://mars.nasa.gov/mars2020-raw-images/pub/ods/surface/sol/00015/ids/edr/browse/ncam/NRE_0015_0668275956_042ECM_N0030188NCAM00400_01_0LLJ01_320.jpg,https://mars.nasa.gov/mars2020-raw-images/pub/ods/surface/sol/00015/ids/edr/browse/ncam/NRE_0015_0668275956_042ECM_N0030188NCAM00400_01_0LLJ01.png,https://mars.nasa.gov/mars2020-raw-images/pub/ods/surface/sol/00015/ids/edr/browse/ncam/NRE_0015_0668275956_042ECM_N0030188NCAM00400_01_0LLJ01_1200.jpg,UNK,"(0.9128349405968512,0.35735080309253836,-0.1975671398655685)","(0.72227,0.796279,-1.94703);(0.592775,0.772887,0.226449);(-813.399,3789.74,578.233);(744.01,978.947,3315.67);(0.59322,0.772767,0.225695);(0.0,0.05117,-0.018889);(0.001504,0.020873,-0.009439);2.0;0.0","(0.72227,0.796279,-1.94703)",NAVCAM_RIGHT,CAHVORE
15,"(0.996207,0.00588069,-0.0132222,0.0858027)",NRE_0015_0668275677_973ECM_N0030188NCAM00400_13_0LLJ,"NASA's Mars Perseverance rover acquired this image using its onboard Right Navigation Camera (Navcam). The camera is located high on the rover's mast and aids in driving. 

This image was acquired on Mar. 6, 2021 (Sol 15) at the local mean solar time of 13:29:20.",Full,Sol-00015M13:29:20.252,NASA/JPL-Caltech,2021-03-06T09:42:54.000,https://mars.nasa.gov/rss/api/?feed=raw_images&category=mars2020&feedtype=json&id=NRE_0015_0668275677_973ECM_N0030188NCAM00400_13_0LLJ,https://mars.nasa.gov/mars2020/multimedia/raw-images/?id=NRE_0015_0668275677_973ECM_N0030188NCAM00400_13_0LLJ,188,Mars Perseverance Sol 15: Right Navigation Camera (Navcam),3,2021-03-06T10:13:12Z,340.795,-12.616,668275679.222,1,"(5.80078,2.95615,0.102654)","(1,2873,1288,968)","(1288,968)",https://mars.nasa.gov/mars2020-raw-images/pub/ods/surface/sol/00015/ids/edr/browse/ncam/NRE_0015_0668275677_973ECM_N0030188NCAM00400_13_0LLJ01_800.jpg,https://mars.nasa.gov/mars2020-raw-images/pub/ods/surface/sol/00015/ids/edr/browse/ncam/NRE_0015_0668275677_973ECM_N0030188NCAM00400_13_0LLJ01_320.jpg,https://mars.nasa.gov/mars2020-raw-images/pub/ods/surface/sol/00015/ids/edr/browse/ncam/NRE_0015_0668275677_973ECM_N0030188NCAM00400_13_0LLJ01.png,https://mars.nasa.gov/mars2020-raw-images/pub/ods/surface/sol/00015/ids/edr/browse/ncam/NRE_0015_0668275677_973ECM_N0030188NCAM00400_13_0LLJ01_1200.jpg,UNK,"(0.47162267965691307,-0.6986340667224273,0.538035769115879)","(1.00293,0.713618,-1.94648);(0.921501,-0.314446,0.227981);(3328.88,1982.99,586.879);(-1487.61,508.236,2662.84);(0.921531,-0.314905,0.227227);(0.0,0.05117,-0.018889);(0.001504,0.020873,-0.009439);2.0;0.0","(1.00293,0.713618,-1.94648)",NAVCAM_RIGHT,CAHVORE
15,"(0.996207,0.00588069,-0.0132222,0.0858027)",NRE_0015_0668275677_973ECM_N0030188NCAM00400_10_0LLJ,"NASA's Mars Perseverance rover acquired this image using its onboard Right Navigation Camera (Navcam). The camera is located high on the rover's mast and aids in driving. 

This image was acquired on Mar. 6, 2021 (Sol 15) at the local mean solar time of 13:29:20.",Full,Sol-00015M13:29:20.252,NASA/JPL-Caltech,2021-03-06T09:42:52.000,https://mars.nasa.gov/rss/api/?feed=raw_images&category=mars2020&feedtype=json&id=NRE_0015_0668275677_973ECM_N0030188NCAM00400_10_0LLJ,https://mars.nasa.gov/mars2020/multimedia/raw-images/?id=NRE_0015_0668275677_973ECM_N0030188NCAM00400_10_0LLJ,188,Mars Perseverance Sol 15: Right Navigation Camera (Navcam),3,2021-03-06T10:13:12Z,340.795,-12.616,668275679.222,1,"(5.80078,2.95615,0.102654)","(1273,1913,1296,976)","(1296,976)",https://mars.nasa.gov/mars2020-raw-images/pub/ods/surface/sol/00015/ids/edr/browse/ncam/NRE_0015_0668275677_973ECM_N0030188NCAM00400_10_0LLJ01_800.jpg,https://mars.nasa.gov/mars2020-raw-images/pub/ods/surface/sol/00015/ids/edr/browse/ncam/NRE_0015_0668275677_973ECM_N0030188NCAM00400_10_0LLJ01_320.jpg,https://mars.nasa.gov/mars2020-raw-images/pub/ods/surface/sol/00015/ids/edr/browse/ncam/NRE_0015_0668275677_973ECM_N0030188NCAM00400_10_0LLJ01.png,https://mars.nasa.gov/mars2020-raw-images/pub/ods/surface/sol/00015/ids/edr/browse/ncam/NRE_0015_0668275677_973ECM_N0030188NCAM00400_10_0LLJ01_1200.jpg,UNK,"(0.7882274264191622,-0.49622735774626764,0.36394495966393353)","(1.00293,0.713618,-1.94648);(0.921501,-0.314446,0.227981);(2156.73,2382.96,296.887);(-602.971,206.368,2881.7);(0.921531,-0.314905,0.227227);(0.0,0.05117,-0.018889);(0.001504,0.020873,-0.009439);2.0;0.0","(1.00293,0.713618,-1.94648)",NAVCAM_RIGHT,CAHVORE
15,"(0.996207,0.00588069,-0.0132222,0.0858027)",NLE_0015_0668275956_042ECM_N0030188NCAM00400_01_0LLJ,"NASA's Mars Perseverance rover acquired this image using its onboard Left Navigation Camera (Navcam). The camera is located high on the rover's mast and aids in driving. 

This image was acquired on Mar. 6, 2021 (Sol 15) at the local mean solar time of 13:33:50.",Full,Sol-00015M13:33:50.884,NASA/JPL-Caltech,2021-03-06T09:42:49.000,https://mars.nasa.gov/rss/api/?feed=raw_images&category=mars2020&feedtype=json&id=NLE_0015_0668275956_042ECM_N0030188NCAM00400_01_0LLJ,https://mars.nasa.gov/mars2020/multimedia/raw-images/?id=NLE_0015_0668275956_042ECM_N0030188NCAM00400_01_0LLJ,188,Mars Perseverance Sol 15: Left Navigation Camera (Navcam),3,2021-03-06T10:13:12Z,51.8071,-12.7297,668275957.209,1,"(5.80078,2.95615,0.102654)","(1,1,1288,968)","(1288,968)",https://mars.nasa.gov/mars2020-raw-images/pub/ods/surface/sol/00015/ids/edr/browse/ncam/NLE_0015_0668275956_042ECM_N0030188NCAM00400_01_0LLJ01_800.jpg,https://mars.nasa.gov/mars2020-raw-images/pub/ods/surface/sol/00015/ids/edr/browse/ncam/NLE_0015_0668275956_042ECM_N0030188NCAM00400_01_0LLJ01_320.jpg,https://mars.nasa.gov/mars2020-raw-images/pub/ods/surface/sol/00015/ids/edr/browse/ncam/NLE_0015_0668275956_042ECM_N0030188NCAM00400_01_0LLJ01.png,https://mars.nasa.gov/mars2020-raw-images/pub/ods/surface/sol/00015/ids/edr/browse/ncam/NLE_0015_0668275956_042ECM_N0030188NCAM00400_01_0LLJ01_1200.jpg,UNK,"(0.9149289499998936,0.3544630449709991,-0.1930309980339416)","(1.05937,0.538469,-1.94625);(0.592351,0.77276,0.227986);(-809.106,3807.65,581.851);(732.851,971.928,3322.97);(0.591204,0.773604,0.228098);(2e-06,0.049535,-0.015973);(-0.003612,0.013016,-0.023961);2.0;0.0","(1.05937,0.538469,-1.94625)",NAVCAM_LEFT,CAHVORE
15,"(0.996207,0.00588069,-0.0132222,0.0858027)",NLE_0015_0668275677_973ECM_N0030188NCAM00400_13_0LLJ,"NASA's Mars Perseverance rover acquired this image using its onboard Left Navigation Camera (Navcam). The camera is located high on the rover's mast and aids in driving. 

This image was acquired on Mar. 6, 2021 (Sol 15) at the local mean solar time of 13:29:20.",Full,Sol-00015M13:29:20.252,NASA/JPL-Caltech,2021-03-06T09:42:34.000,https://mars.nasa.gov/rss/api/?feed=raw_images&category=mars2020&feedtype=json&id=NLE_0015_0668275677_973ECM_N0030188NCAM00400_13_0LLJ,https://mars.nasa.gov/mars2020/multimedia/raw-images/?id=NLE_0015_0668275677_973ECM_N0030188NCAM00400_13_0LLJ,188,Mars Perseverance Sol 15: Left Navigation Camera (Navcam),3,2021-03-06T10:13:12Z,340.453,-12.8188,668275679.037,1,"(5.80078,2.95615,0.102654)","(1,2873,1288,968)","(1288,968)",https://mars.nasa.gov/mars2020-raw-images/pub/ods/surface/sol/00015/ids/edr/browse/ncam/NLE_0015_0668275677_973ECM_N0030188NCAM00400_13_0LLJ01_800.jpg,https://mars.nasa.gov/mars2020-raw-images/pub/ods/surface/sol/00015/ids/edr/browse/ncam/NLE_0015_0668275677_973ECM_N0030188NCAM00400_13_0LLJ01_320.jpg,https://mars.nasa.gov/mars2020-raw-images/pub/ods/surface/sol/00015/ids/edr/browse/ncam/NLE_0015_0668275677_973ECM_N0030188NCAM00400_13_0LLJ01.png,https://mars.nasa.gov/mars2020-raw-images/pub/ods/surface/sol/00015/ids/edr/browse/ncam/NLE_0015_0668275677_973ECM_N0030188NCAM00400_13_0LLJ01_1200.jpg,UNK,"(0.4687944143362022,-0.699528012578863,0.539344376724782)","(0.866576,0.311735,-1.94637);(0.921242,-0.314087,0.229518);(3347.22,1984.65,590.535);(-1497.1,515.522,2665.71);(0.921674,-0.31273,0.229633);(2e-06,0.049535,-0.015973);(-0.003612,0.013016,-0.023961);2.0;0.0","(0.866576,0.311735,-1.94637)",NAVCAM_LEFT,CAHVORE
15,"(0.996207,0.00588069,-0.0132222,0.0858027)",NLE_0015_0668275956_042ECM_N0030188NCAM00400_03_0LLJ,"NASA's Mars Perseverance rover acquired this image using its onboard Left Navigation Camera (Navcam). The camera is located high on the rover's mast and aids in driving. 

This image was acquired on Mar. 6, 2021 (Sol 15) at the local mean solar time of 13:33:50.",Full,Sol-00015M13:33:50.884,NASA/JPL-Caltech,2021-03-06T09:42:34.000,https://mars.nasa.gov/rss/api/?feed=raw_images&category=mars2020&feedtype=json&id=NLE_0015_0668275956_042ECM_N0030188NCAM00400_03_0LLJ,https://mars.nasa.gov/mars2020/multimedia/raw-images/?id=NLE_0015_0668275956_042ECM_N0030188NCAM00400_03_0LLJ,188,Mars Perseverance Sol 15: Left Navigation Camera (Navcam),3,2021-03-06T10:13:12Z,51.8071,-12.7297,668275957.209,1,"(5.80078,2.95615,0.102654)","(2553,1,1296,968)","(1296,968)",https://mars.nasa.gov/mars2020-raw-images/pub/ods/surface/sol/00015/ids/edr/browse/ncam/NLE_0015_0668275956_042ECM_N0030188NCAM00400_03_0LLJ01_800.jpg,https://mars.nasa.gov/mars2020-raw-images/pub/ods/surface/sol/00015/ids/edr/browse/ncam/NLE_0015_0668275956_042ECM_N0030188NCAM00400_03_0LLJ01_320.jpg,https://mars.nasa.gov/mars2020-raw-images/pub/ods/surface/sol/00015/ids/edr/browse/ncam/NLE_0015_0668275956_042ECM_N0030188NCAM00400_03_0LLJ01.png,https://mars.nasa.gov/mars2020-raw-images/pub/ods/surface/sol/00015/ids/edr/browse/ncam/NLE_0015_0668275956_042ECM_N0030188NCAM00400_03_0LLJ01_1200.jpg,UNK,"(0.4411856697606218,0.8692549176816458,-0.22304953011415843)","(1.05937,0.538469,-1.94625);(0.592351,0.77276,0.227986);(-2320.79,1835.57,0.0307445);(732.851,971.928,3322.97);(0.591204,0.773604,0.228098);(2e-06,0.049535,-0.015973);(-0.003612,0.013016,-0.023961);2.0;0.0","(1.05937,0.538469,-1.94625)",NAVCAM_LEFT,CAHVORE
15,"(0.996207,0.00588069,-0.0132222,0.0858027)",NRE_0015_0668275956_042ECM_N0030188NCAM00400_04_0LLJ,"NASA's Mars Perseverance rover acquired this image using its onboard Right Navigation Camera (Navcam). The camera is located high on the rover's mast and aids in driving. 

This image was acquired on Mar. 6, 2021 (Sol 15) at the local mean solar time of 13:33:50.",Full,Sol-00015M13:33:50.884,NASA/JPL-Caltech,2021-03-06T09:42:34.000,https://mars.nasa.gov/rss/api/?feed=raw_images&category=mars2020&feedtype=json&id=NRE_0015_0668275956_042ECM_N0030188NCAM00400_04_0LLJ,https://mars.nasa.gov/mars2020/multimedia/raw-images/?id=NRE_0015_0668275956_042ECM_N0030188NCAM00400_04_0LLJ,188,Mars Perseverance Sol 15: Right Navigation Camera (Navcam),3,2021-03-06T10:13:12Z,52.1484,-12.5265,668275957.301,1,"(5.80078,2.95615,0.102654)","(3833,1,1288,968)","(1288,968)",https://mars.nasa.gov/mars2020-raw-images/pub/ods/surface/sol/00015/ids/edr/browse/ncam/NRE_0015_0668275956_042ECM_N0030188NCAM00400_04_0LLJ01_800.jpg,https://mars.nasa.gov/mars2020-raw-images/pub/ods/surface/sol/00015/ids/edr/browse/ncam/NRE_0015_0668275956_042ECM_N0030188NCAM00400_04_0LLJ01_320.jpg,https://mars.nasa.gov/mars2020-raw-images/pub/ods/surface/sol/00015/ids/edr/browse/ncam/NRE_0015_0668275956_042ECM_N0030188NCAM00400_04_0LLJ01.png,https://mars.nasa.gov/mars2020-raw-images/pub/ods/surface/sol/00015/ids/edr/browse/ncam/NRE_0015_0668275956_042ECM_N0030188NCAM00400_04_0LLJ01_1200.jpg,UNK,"(0.11782378704284102,0.9726244248266817,-0.20029798660358497)","(0.72227,0.796279,-1.94703);(0.592775,0.772887,0.226449);(-3084.91,828.036,-289.518);(744.01,978.947,3315.67);(0.59322,0.772767,0.225695);(0.0,0.05117,-0.018889);(0.001504,0.020873,-0.009439);2.0;0.0","(0.72227,0.796279,-1.94703)",NAVCAM_RIGHT,CAHVORE
15,"(0.996207,0.00588069,-0.0132222,0.0858027)",NRE_0015_0668275677_973ECM_N0030188NCAM00400_14_0LLJ,"NASA's Mars Perseverance rover acquired this image using its onboard Right Navigation Camera (Navcam). The camera is located high on the rover's mast and aids in driving. 

This image was acquired on Mar. 6, 2021 (Sol 15) at the local mean solar time of 13:29:20.",Full,Sol-00015M13:29:20.252,NASA/JPL-Caltech,2021-03-06T09:42:30.000,https://mars.nasa.gov/rss/api/?feed=raw_images&category=mars2020&feedtype=json&id=NRE_0015_0668275677_973ECM_N0030188NCAM00400_14_0LLJ,https://mars.nasa.gov/mars2020/multimedia/raw-images/?id=NRE_0015_0668275677_973ECM_N0030188NCAM00400_14_0LLJ,188,Mars Perseverance Sol 15: Right Navigation Camera (Navcam),3,2021-03-06T10:13:12Z,340.795,-12.616,668275679.222,1,"(5.80078,2.95615,0.102654)","(1273,2873,1296,968)","(1296,968)",https://mars.nasa.gov/mars2020-raw-images/pub/ods/surface/sol/00015/ids/edr/browse/ncam/NRE_0015_0668275677_973ECM_N0030188NCAM00400_14_0LLJ01_800.jpg,https://mars.nasa.gov/mars2020-raw-images/pub/ods/surface/sol/00015/ids/edr/browse/ncam/NRE_0015_0668275677_973ECM_N0030188NCAM00400_14_0LLJ01_320.jpg,https://mars.nasa.gov/mars2020-raw-images/pub/ods/surface/sol/00015/ids/edr/browse/ncam/NRE_0015_0668275677_973ECM_N0030188NCAM00400_14_0LLJ01.png,https://mars.nasa.gov/mars2020-raw-images/pub/ods/surface/sol/00015/ids/edr/browse/ncam/NRE_0015_0668275677_973ECM_N0030188NCAM00400_14_0LLJ01_1200.jpg,UNK,"(0.6606913253129197,-0.43367689031374607,0.6127081911187876)","(1.00293,0.713618,-1.94648);(0.921501,-0.314446,0.227981);(2156.73,2382.96,296.887);(-1487.61,508.236,2662.84);(0.921531,-0.314905,0.227227);(0.0,0.05117,-0.018889);(0.001504,0.020873,-0.009439);2.0;0.0","(1.00293,0.713618,-1.94648)",NAVCAM_RIGHT,CAHVORE
15,"(0.996207,0.00588069,-0.0132222,0.0858027)",NRE_0015_0668275677_973ECM_N0030188NCAM00400_03_0LLJ,"NASA's Mars Perseverance rover acquired this image using its onboard Right Navigation Camera (Navcam). The camera is located high on the rover's mast and aids in driving. 

This image was acquired on Mar. 6, 2021 (Sol 15) at the local mean solar time of 13:29:20.",Full,Sol-00015M13:29:20.252,NASA/JPL-Caltech,2021-03-06T09:42:28.000,https://mars.nasa.gov/rss/api/?feed=raw_images&category=mars2020&feedtype=json&id=NRE_0015_0668275677_973ECM_N0030188NCAM00400_03_0LLJ,https://mars.nasa.gov/mars2020/multimedia/raw-images/?id=NRE_0015_0668275677_973ECM_N0030188NCAM00400_03_0LLJ,188,Mars Perseverance Sol 15: Right Navigation Camera (Navcam),3,2021-03-06T10:13:12Z,340.795,-12.616,668275679.222,1,"(5.80078,2.95615,0.102654)","(2553,1,1296,968)","(1296,968)",https://mars.nasa.gov/mars2020-raw-images/pub/ods/surface/sol/00015/ids/edr/browse/ncam/NRE_0015_0668275677_973ECM_N0030188NCAM00400_03_0LLJ01_800.jpg,https://mars.nasa.gov/mars2020-raw-images/pub/ods/surface/sol/00015/ids/edr/browse/ncam/NRE_0015_0668275677_973ECM_N0030188NCAM00400_03_0LLJ01_320.jpg,https://mars.nasa.gov/mars2020-raw-images/pub/ods/surface/sol/00015/ids/edr/browse/ncam/NRE_0015_0668275677_973ECM_N0030188NCAM00400_03_0LLJ01.png,https://mars.nasa.gov/mars2020-raw-images/pub/ods/surface/sol/00015/ids/edr/browse/ncam/NRE_0015_0668275677_973ECM_N0030188NCAM00400_03_0LLJ01_1200.jpg,UNK,"(0.9652551937601173,-0.13345299647563785,-0.22466131988126467)","(1.00293,0.713618,-1.94648);(0.921501,-0.314446,0.227981);(977.207,2785.45,5.07062);(1158.94,-394.853,3317.6);(0.921531,-0.314905,0.227227);(0.0,0.05117,-0.018889);(0.001504,0.020873,-0.009439);2.0;0.0","(1.00293,0.713618,-1.94648)",NAVCAM_RIGHT,CAHVORE
15,"(0.996207,0.00588069,-0.0132222,0.0858027)",NLE_0015_0668275677_973ECM_N0030188NCAM00400_09_0LLJ,"NASA's Mars Perseverance rover acquired this image using its onboard Left Navigation Camera (Navcam). The camera is located high on the rover's mast and aids in driving. 

This image was acquired on Mar. 6, 2021 (Sol 15) at the local mean solar time of 13:29:20.",Full,Sol-00015M13:29:20.252,NASA/JPL-Caltech,2021-03-06T09:42:25.000,https://mars.nasa.gov/rss/api/?feed=raw_images&category=mars2020&feedtype=json&id=NLE_0015_0668275677_973ECM_N0030188NCAM00400_09_0LLJ,https://mars.nasa.gov/mars2020/multimedia/raw-images/?id=NLE_0015_0668275677_973ECM_N0030188NCAM00400_09_0LLJ,188,Mars Perseverance Sol 15: Left Navigation Camera (Navcam),3,2021-03-06T10:13:12Z,340.453,-12.8188,668275679.037,1,"(5.80078,2.95615,0.102654)","(1,1913,1288,976)","(1288,976)",https://mars.nasa.gov/mars2020-raw-images/pub/ods/surface/sol/00015/ids/edr/browse/ncam/NLE_0015_0668275677_973ECM_N0030188NCAM00400_09_0LLJ01_800.jpg,https://mars.nasa.gov/mars2020-raw-images/pub/ods/surface/sol/00015/ids/edr/browse/ncam/NLE_0015_0668275677_973ECM_N0030188NCAM00400_09_0LLJ01_320.jpg,https://mars.nasa.gov/mars2020-raw-images/pub/ods/surface/sol/00015/ids/edr/browse/ncam/NLE_0015_0668275677_973ECM_N0030188NCAM00400_09_0LLJ01.png,https://mars.nasa.gov/mars2020-raw-images/pub/ods/surface/sol/00015/ids/edr/browse/ncam/NLE_0015_0668275677_973ECM_N0030188NCAM00400_09_0LLJ01_1200.jpg,UNK,"(0.5585099603337703,-0.7671777998477272,0.315443889826338)","(0.866576,0.311735,-1.94637);(0.921242,-0.314087,0.229518);(3347.22,1984.65,590.535);(-612.711,213.998,2886.05);(0.921674,-0.31273,0.229633);(2e-06,0.049535,-0.015973);(-0.003612,0.013016,-0.023961);2.0;0.0","(0.866576,0.311735,-1.94637)",NAVCAM_LEFT,CAHVORE
15,"(0.996207,0.00588069,-0.0132222,0.0858027)",NLE_0015_0668275677_973ECM_N0030188NCAM00400_04_0LLJ,"NASA's Mars Perseverance rover acquired this image using its onboard Left Navigation Camera (Navcam). The camera is located high on the rover's mast and aids in driving. 

This image was acquired on Mar. 6, 2021 (Sol 15) at the local mean solar time of 13:29:20.",Full,Sol-00015M13:29:20.252,NASA/JPL-Caltech,2021-03-06T09:42:24.000,https://mars.nasa.gov/rss/api/?feed=raw_images&category=mars2020&feedtype=json&id=NLE_0015_0668275677_973ECM_N0030188NCAM00400_04_0LLJ,https://mars.nasa.gov/mars2020/multimedia/raw-images/?id=NLE_0015_0668275677_973ECM_N0030188NCAM00400_04_0LLJ,188,Mars Perseverance Sol 15: Left Navigation Camera (Navcam),3,2021-03-06T10:13:12Z,340.453,-12.8188,668275679.037,1,"(5.80078,2.95615,0.102654)","(3833,1,1288,968)","(1288,968)",https://mars.nasa.gov/mars2020-raw-images/pub/ods/surface/sol/00015/ids/edr/browse/ncam/NLE_0015_0668275677_973ECM_N0030188NCAM00400_04_0LLJ01_800.jpg,https://mars.nasa.gov/mars2020-raw-images/pub/ods/surface/sol/00015/ids/edr/browse/ncam/NLE_0015_0668275677_973ECM_N0030188NCAM00400_04_0LLJ01_320.jpg,https://mars.nasa.gov/mars2020-raw-images/pub/ods/surface/sol/00015/ids/edr/browse/ncam/NLE_0015_0668275677_973ECM_N0030188NCAM00400_04_0LLJ01.png,https://mars.nasa.gov/mars2020-raw-images/pub/ods/surface/sol/00015/ids/edr/browse/ncam/NLE_0015_0668275677_973ECM_N0030188NCAM00400_04_0LLJ01_1200.jpg,UNK,"(0.961069830195461,0.19479385394984036,-0.19595952630948119)","(0.866576,0.311735,-1.94637);(0.921242,-0.314087,0.229518);(-182.982,3188.23,-288.979);(1148.7,-386.536,3324.89);(0.921674,-0.31273,0.229633);(2e-06,0.049535,-0.015973);(-0.003612,0.013016,-0.023961);2.0;0.0","(0.866576,0.311735,-1.94637)",NAVCAM_LEFT,CAHVORE
15,"(0.7156,0.0208675,-0.000370714,0.698199)",NRF_0015_0668287188_861ECM_N0030386NCAM03001_13_295J,"NASA's Mars Perseverance rover acquired this image using its onboard Right Navigation Camera (Navcam). The camera is located high on the rover's mast and aids in driving. 

This image was acquired on Mar. 6, 2021 (Sol 15) at the local mean solar time of 16:36:03.",Full,Sol-00015M16:36:03.258,NASA/JPL-Caltech,2021-03-06T09:42:20.000,https://mars.nasa.gov/rss/api/?feed=raw_images&category=mars2020&feedtype=json&id=NRF_0015_0668287188_861ECM_N0030386NCAM03001_13_295J,https://mars.nasa.gov/mars2020/multimedia/raw-images/?id=NRF_0015_0668287188_861ECM_N0030386NCAM03001_13_295J,386,Mars Perseverance Sol 15: Right Navigation Camera (Navcam),3,2021-03-06T10:13:12Z,272.466,-31.5215,668287189.547,4,"(31.2262,8.12755,0.398731)","(1,1,5120,3840)","(1280,960)",https://mars.nasa.gov/mars2020-raw-images/pub/ods/surface/sol/00015/ids/edr/browse/ncam/NRF_0015_0668287188_861ECM_N0030386NCAM03001_13_295J01_800.jpg,https://mars.nasa.gov/mars2020-raw-images/pub/ods/surface/sol/00015/ids/edr/browse/ncam/NRF_0015_0668287188_861ECM_N0030386NCAM03001_13_295J01_320.jpg,https://mars.nasa.gov/mars2020-raw-images/pub/ods/surface/sol/00015/ids/edr/browse/ncam/NRF_0015_0668287188_861ECM_N0030386NCAM03001_13_295J01.png,https://mars.nasa.gov/mars2020-raw-images/pub/ods/surface/sol/00015/ids/edr/browse/ncam/NRF_0015_0668287188_861ECM_N0030386NCAM03001_13_295J01_1200.jpg,UNK,"(0.03733303696924392,-0.8512689979022311,0.5233997875058647)","(1.02148,0.430998,-1.90065);(0.0426116,-0.846207,0.531163);(764.485,-508.462,341.212);(2.02421,-20.4491,883.633);(0.0422071,-0.846639,0.530507);(0.0,0.05117,-0.018889);(0.001504,0.020873,-0.009439);2.0;0.0","(1.02148,0.430998,-1.90065)",NAVCAM_RIGHT,CAHVORE
15,"(0.7156,0.0208675,-0.000370714,0.698199)",NLF_0015_0668287342_929ECM_N0030386NCAM03001_04_195J,"NASA's Mars Perseverance rover acquired this image using its onboard Left Navigation Camera (Navcam). The camera is located high on the rover's mast and aids in driving. 

This image was acquired on Mar. 6, 2021 (Sol 15) at the local mean solar time of 16:38:33.",Full,Sol-00015M16:38:33.205,NASA/JPL-Caltech,2021-03-06T09:42:18.000,https://mars.nasa.gov/rss/api/?feed=raw_images&category=mars2020&feedtype=json&id=NLF_0015_0668287342_929ECM_N0030386NCAM03001_04_195J,https://mars.nasa.gov/mars2020/multimedia/raw-images/?id=NLF_0015_0668287342_929ECM_N0030386NCAM03001_04_195J,386,Mars Perseverance Sol 15: Left Navigation Camera (Navcam),3,2021-03-06T10:13:12Z,344.393,-28.9253,668287344.362,2,"(31.2262,8.12755,0.398731)","(2545,1,2576,1936)","(1288,968)",https://mars.nasa.gov/mars2020-raw-images/pub/ods/surface/sol/00015/ids/edr/browse/ncam/NLF_0015_0668287342_929ECM_N0030386NCAM03001_04_195J01_800.jpg,https://mars.nasa.gov/mars2020-raw-images/pub/ods/surface/sol/00015/ids/edr/browse/ncam/NLF_0015_0668287342_929ECM_N0030386NCAM03001_04_195J01_320.jpg,https://mars.nasa.gov/mars2020-raw-images/pub/ods/surface/sol/00015/ids/edr/browse/ncam/NLF_0015_0668287342_929ECM_N0030386NCAM03001_04_195J01.png,https://mars.nasa.gov/mars2020-raw-images/pub/ods/surface/sol/00015/ids/edr/browse/ncam/NLF_0015_0668287342_929ECM_N0030386NCAM03001_04_195J01_1200.jpg,UNK,"(0.9762178229154526,0.12274926355364864,0.17869353798962956)","(0.885732,0.316075,-1.9067);(0.842509,-0.222647,0.490532);(401.784,1423.91,8.44434);(117.911,-26.551,1765.18);(0.842817,-0.221255,0.490633);(2e-06,0.049535,-0.015973);(-0.003612,0.013016,-0.023961);2.0;0.0","(0.885732,0.316075,-1.9067)",NAVCAM_LEFT,CAHVORE
15,"(0.7156,0.0208675,-0.000370714,0.698199)",NLE_0015_0668287342_929ECM_N0030386NCAM03001_14_0LLJ,"NASA's Mars Perseverance rover acquired this image using its onboard Left Navigation Camera (Navcam). The camera is located high on the rover's mast and aids in driving. 

This image was acquired on Mar. 6, 2021 (Sol 15) at the local mean solar time of 16:38:33.",Full,Sol-00015M16:38:33.205,NASA/JPL-Caltech,2021-03-06T09:42:14.000,https://mars.nasa.gov/rss/api/?feed=raw_images&category=mars2020&feedtype=json&id=NLE_0015_0668287342_929ECM_N0030386NCAM03001_14_0LLJ,https://mars.nasa.gov/mars2020/multimedia/raw-images/?id=NLE_0015_0668287342_929ECM_N0030386NCAM03001_14_0LLJ,386,Mars Perseverance Sol 15: Left Navigation Camera (Navcam),3,2021-03-06T10:13:12Z,344.393,-28.9253,668287344.362,1,"(31.2262,8.12755,0.398731)","(1273,473,1296,968)","(1296,968)",https://mars.nasa.gov/mars2020-raw-images/pub/ods/surface/sol/00015/ids/edr/browse/ncam/NLE_0015_0668287342_929ECM_N0030386NCAM03001_14_0LLJ01_800.jpg,https://mars.nasa.gov/mars2020-raw-images/pub/ods/surface/sol/00015/ids/edr/browse/ncam/NLE_0015_0668287342_929ECM_N0030386NCAM03001_14_0LLJ01_320.jpg,https://mars.nasa.gov/mars2020-raw-images/pub/ods/surface/sol/00015/ids/edr/browse/ncam/NLE_0015_0668287342_929ECM_N0030386NCAM03001_14_0LLJ01.png,https://mars.nasa.gov/mars2020-raw-images/pub/ods/surface/sol/00015/ids/edr/browse/ncam/NLE_0015_0668287342_929ECM_N0030386NCAM03001_14_0LLJ01_1200.jpg,UNK,"(0.8730880141942285,-0.45076431274769,0.1858194118586141)","(0.885732,0.316075,-1.9067);(0.842509,-0.222647,0.490532);(1875.66,2564.5,641.091);(-161.421,51.8759,3299.08);(0.842817,-0.221255,0.490633);(2e-06,0.049535,-0.015973);(-0.003612,0.013016,-0.023961);2.0;0.0","(0.885732,0.316075,-1.9067)",NAVCAM_LEFT,CAHVORE
15,"(0.996207,0.00588069,-0.0132222,0.0858027)",NRE_0015_0668275677_973ECM_N0030188NCAM00400_04_0LLJ,"NASA's Mars Perseverance rover acquired this image using its onboard Right Navigation Camera (Navcam). The camera is located high on the rover's mast and aids in driving. 

This image was acquired on Mar. 6, 2021 (Sol 15) at the local mean solar time of 13:29:20.",Full,Sol-00015M13:29:20.252,NASA/JPL-Caltech,2021-03-06T09:42:14.000,https://mars.nasa.gov/rss/api/?feed=raw_images&category=mars2020&feedtype=json&id=NRE_0015_0668275677_973ECM_N0030188NCAM00400_04_0LLJ,https://mars.nasa.gov/mars2020/multimedia/raw-images/?id=NRE_0015_0668275677_973ECM_N0030188NCAM00400_04_0LLJ,188,Mars Perseverance Sol 15: Right Navigation Camera (Navcam),3,2021-03-06T10:13:12Z,340.795,-12.616,668275679.222,1,"(5.80078,2.95615,0.102654)","(3833,1,1288,968)","(1288,968)",https://mars.nasa.gov/mars2020-raw-images/pub/ods/surface/sol/00015/ids/edr/browse/ncam/NRE_0015_0668275677_973ECM_N0030188NCAM00400_04_0LLJ01_800.jpg,https://mars.nasa.gov/mars2020-raw-images/pub/ods/surface/sol/00015/ids/edr/browse/ncam/NRE_0015_0668275677_973ECM_N0030188NCAM00400_04_0LLJ01_320.jpg,https://mars.nasa.gov/mars2020-raw-images/pub/ods/surface/sol/00015/ids/edr/browse/ncam/NRE_0015_0668275677_973ECM_N0030188NCAM00400_04_0LLJ01.png,https://mars.nasa.gov/mars2020-raw-images/pub/ods/surface/sol/00015/ids/edr/browse/ncam/NRE_0015_0668275677_973ECM_N0030188NCAM00400_04_0LLJ01_1200.jpg,UNK,"(0.959570583180733,0.19987424604241003,-0.19817815637240704)","(1.00293,0.713618,-1.94648);(0.921501,-0.314446,0.227981);(-202.313,3187.95,-286.746);(1158.94,-394.853,3317.6);(0.921531,-0.314905,0.227227);(0.0,0.05117,-0.018889);(0.001504,0.020873,-0.009439);2.0;0.0","(1.00293,0.713618,-1.94648)",NAVCAM_RIGHT,CAHVORE
15,"(0.996207,0.00588069,-0.0132222,0.0858027)",NLE_0015_0668275677_973ECM_N0030188NCAM00400_10_0LLJ,"NASA's Mars Perseverance rover acquired this image using its onboard Left Navigation Camera (Navcam). The camera is located high on the rover's mast and aids in driving. 

This image was acquired on Mar. 6, 2021 (Sol 15) at the local mean solar time of 13:29:20.",Full,Sol-00015M13:29:20.252,NASA/JPL-Caltech,2021-03-06T09:42:10.000,https://mars.nasa.gov/rss/api/?feed=raw_images&category=mars2020&feedtype=json&id=NLE_0015_0668275677_973ECM_N0030188NCAM00400_10_0LLJ,https://mars.nasa.gov/mars2020/multimedia/raw-images/?id=NLE_0015_0668275677_973ECM_N0030188NCAM00400_10_0LLJ,188,Mars Perseverance Sol 15: Left Navigation Camera (Navcam),3,2021-03-06T10:13:12Z,340.453,-12.8188,668275679.037,1,"(5.80078,2.95615,0.102654)","(1273,1913,1296,976)","(1296,976)",https://mars.nasa.gov/mars2020-raw-images/pub/ods/surface/sol/00015/ids/edr/browse/ncam/NLE_0015_0668275677_973ECM_N0030188NCAM00400_10_0LLJ01_800.jpg,https://mars.nasa.gov/mars2020-raw-images/pub/ods/surface/sol/00015/ids/edr/browse/ncam/NLE_0015_0668275677_973ECM_N0030188NCAM00400_10_0LLJ01_320.jpg,https://mars.nasa.gov/mars2020-raw-images/pub/ods/surface/sol/00015/ids/edr/browse/ncam/NLE_0015_0668275677_973ECM_N0030188NCAM00400_10_0LLJ01.png,https://mars.nasa.gov/mars2020-raw-images/pub/ods/surface/sol/00015/ids/edr/browse/ncam/NLE_0015_0668275677_973ECM_N0030188NCAM00400_10_0LLJ01_1200.jpg,UNK,"(0.7846665572727797,-0.4998621278164969,0.3666554882617302)","(0.866576,0.311735,-1.94637);(0.921242,-0.314087,0.229518);(2175.4,2384.17,298.588);(-612.711,213.998,2886.05);(0.921674,-0.31273,0.229633);(2e-06,0.049535,-0.015973);(-0.003612,0.013016,-0.023961);2.0;0.0","(0.866576,0.311735,-1.94637)",NAVCAM_LEFT,CAHVORE
15,"(0.996207,0.00588069,-0.0132222,0.0858027)",NLE_0015_0668275677_973ECM_N0030188NCAM00400_02_0LLJ,"NASA's Mars Perseverance rover acquired this image using its onboard Left Navigation Camera (Navcam). The camera is located high on the rover's mast and aids in driving. 

This image was acquired on Mar. 6, 2021 (Sol 15) at the local mean solar time of 13:29:20.",Full,Sol-00015M13:29:20.252,NASA/JPL-Caltech,2021-03-06T09:42:06.000,https://mars.nasa.gov/rss/api/?feed=raw_images&category=mars2020&feedtype=json&id=NLE_0015_0668275677_973ECM_N0030188NCAM00400_02_0LLJ,https://mars.nasa.gov/mars2020/multimedia/raw-images/?id=NLE_0015_0668275677_973ECM_N0030188NCAM00400_02_0LLJ,188,Mars Perseverance Sol 15: Left Navigation Camera (Navcam),3,2021-03-06T10:13:12Z,340.453,-12.8188,668275679.037,1,"(5.80078,2.95615,0.102654)","(1273,1,1296,968)","(1296,968)",https://mars.nasa.gov/mars2020-raw-images/pub/ods/surface/sol/00015/ids/edr/browse/ncam/NLE_0015_0668275677_973ECM_N0030188NCAM00400_02_0LLJ01_800.jpg,https://mars.nasa.gov/mars2020-raw-images/pub/ods/surface/sol/00015/ids/edr/browse/ncam/NLE_0015_0668275677_973ECM_N0030188NCAM00400_02_0LLJ01_320.jpg,https://mars.nasa.gov/mars2020-raw-images/pub/ods/surface/sol/00015/ids/edr/browse/ncam/NLE_0015_0668275677_973ECM_N0030188NCAM00400_02_0LLJ01.png,https://mars.nasa.gov/mars2020-raw-images/pub/ods/surface/sol/00015/ids/edr/browse/ncam/NLE_0015_0668275677_973ECM_N0030188NCAM00400_02_0LLJ01_1200.jpg,UNK,"(0.8384505105032277,-0.4987087790574413,-0.21975052930064323)","(0.866576,0.311735,-1.94637);(0.921242,-0.314087,0.229518);(2175.4,2384.17,298.588);(1148.7,-386.536,3324.89);(0.921674,-0.31273,0.229633);(2e-06,0.049535,-0.015973);(-0.003612,0.013016,-0.023961);2.0;0.0","(0.866576,0.311735,-1.94637)",NAVCAM_LEFT,CAHVORE
15,"(0.996207,0.00588069,-0.0132222,0.0858027)",NRE_0015_0668275677_973ECM_N0030188NCAM00400_01_0LLJ,"NASA's Mars Perseverance rover acquired this image using its onboard Right Navigation Camera (Navcam). The camera is located high on the rover's mast and aids in driving. 

This image was acquired on Mar. 6, 2021 (Sol 15) at the local mean solar time of 13:29:20.",Full,Sol-00015M13:29:20.252,NASA/JPL-Caltech,2021-03-06T09:42:06.000,https://mars.nasa.gov/rss/api/?feed=raw_images&category=mars2020&feedtype=json&id=NRE_0015_0668275677_973ECM_N0030188NCAM00400_01_0LLJ,https://mars.nasa.gov/mars2020/multimedia/raw-images/?id=NRE_0015_0668275677_973ECM_N0030188NCAM00400_01_0LLJ,188,Mars Perseverance Sol 15: Right Navigation Camera (Navcam),3,2021-03-06T10:13:12Z,340.795,-12.616,668275679.222,1,"(5.80078,2.95615,0.102654)","(1,1,1288,968)","(1288,968)",https://mars.nasa.gov/mars2020-raw-images/pub/ods/surface/sol/00015/ids/edr/browse/ncam/NRE_0015_0668275677_973ECM_N0030188NCAM00400_01_0LLJ01_800.jpg,https://mars.nasa.gov/mars2020-raw-images/pub/ods/surface/sol/00015/ids/edr/browse/ncam/NRE_0015_0668275677_973ECM_N0030188NCAM00400_01_0LLJ01_320.jpg,https://mars.nasa.gov/mars2020-raw-images/pub/ods/surface/sol/00015/ids/edr/browse/ncam/NRE_0015_0668275677_973ECM_N0030188NCAM00400_01_0LLJ01.png,https://mars.nasa.gov/mars2020-raw-images/pub/ods/surface/sol/00015/ids/edr/browse/ncam/NRE_0015_0668275677_973ECM_N0030188NCAM00400_01_0LLJ01_1200.jpg,UNK,"(0.6311132992326197,-0.7502442608994669,-0.19705215684972982)","(1.00293,0.713618,-1.94648);(0.921501,-0.314446,0.227981);(3328.88,1982.99,586.879);(1158.94,-394.853,3317.6);(0.921531,-0.314905,0.227227);(0.0,0.05117,-0.018889);(0.001504,0.020873,-0.009439);2.0;0.0","(1.00293,0.713618,-1.94648)",NAVCAM_RIGHT,CAHVORE
15,"(0.7156,0.0208675,-0.000370714,0.698199)",NLF_0015_0668287694_287ECM_N0030386NCAM02001_01_295J,"NASA's Mars Perseverance rover acquired this image using its onboard Left Navigation Camera (Navcam). The camera is located high on the rover's mast and aids in driving. 

This image was acquired on Mar. 6, 2021 (Sol 15) at the local mean solar time of 16:44:15.",Full,Sol-00015M16:44:15.166,NASA/JPL-Caltech,2021-03-06T09:42:05.000,https://mars.nasa.gov/rss/api/?feed=raw_images&category=mars2020&feedtype=json&id=NLF_0015_0668287694_287ECM_N0030386NCAM02001_01_295J,https://mars.nasa.gov/mars2020/multimedia/raw-images/?id=NLF_0015_0668287694_287ECM_N0030386NCAM02001_01_295J,386,Mars Perseverance Sol 15: Left Navigation Camera (Navcam),3,2021-03-06T10:13:12Z,55.171,-27.9611,668287696.539,4,"(31.2262,8.12755,0.398731)","(1,1,5120,3840)","(1280,960)",https://mars.nasa.gov/mars2020-raw-images/pub/ods/surface/sol/00015/ids/edr/browse/ncam/NLF_0015_0668287694_287ECM_N0030386NCAM02001_01_295J01_800.jpg,https://mars.nasa.gov/mars2020-raw-images/pub/ods/surface/sol/00015/ids/edr/browse/ncam/NLF_0015_0668287694_287ECM_N0030386NCAM02001_01_295J01_320.jpg,https://mars.nasa.gov/mars2020-raw-images/pub/ods/surface/sol/00015/ids/edr/browse/ncam/NLF_0015_0668287694_287ECM_N0030386NCAM02001_01_295J01.png,https://mars.nasa.gov/mars2020-raw-images/pub/ods/surface/sol/00015/ids/edr/browse/ncam/NLF_0015_0668287694_287ECM_N0030386NCAM02001_01_295J01_1200.jpg,UNK,"(0.5037227319683775,0.7251644454962137,0.4694677159150381)","(1.06144,0.555504,-1.90874);(0.492256,0.728926,0.47578);(-292.736,888.137,305.363);(39.0846,64.1486,881.324);(0.491045,0.729677,0.475879);(2e-06,0.049535,-0.015973);(-0.003612,0.013016,-0.023961);2.0;0.0","(1.06144,0.555504,-1.90874)",NAVCAM_LEFT,CAHVORE
15,"(0.996207,0.00588069,-0.0132222,0.0858027)",NRE_0015_0668275677_973ECM_N0030188NCAM00400_06_0LLJ,"NASA's Mars Perseverance rover acquired this image using its onboard Right Navigation Camera (Navcam). The camera is located high on the rover's mast and aids in driving. 

This image was acquired on Mar. 6, 2021 (Sol 15) at the local mean solar time of 13:29:20.",Full,Sol-00015M13:29:20.252,NASA/JPL-Caltech,2021-03-06T09:42:05.000,https://mars.nasa.gov/rss/api/?feed=raw_images&category=mars2020&feedtype=json&id=NRE_0015_0668275677_973ECM_N0030188NCAM00400_06_0LLJ,https://mars.nasa.gov/mars2020/multimedia/raw-images/?id=NRE_0015_0668275677_973ECM_N0030188NCAM00400_06_0LLJ,188,Mars Perseverance Sol 15: Right Navigation Camera (Navcam),3,2021-03-06T10:13:12Z,340.795,-12.616,668275679.222,1,"(5.80078,2.95615,0.102654)","(1273,953,1296,976)","(1296,976)",https://mars.nasa.gov/mars2020-raw-images/pub/ods/surface/sol/00015/ids/edr/browse/ncam/NRE_0015_0668275677_973ECM_N0030188NCAM00400_06_0LLJ01_800.jpg,https://mars.nasa.gov/mars2020-raw-images/pub/ods/surface/sol/00015/ids/edr/browse/ncam/NRE_0015_0668275677_973ECM_N0030188NCAM00400_06_0LLJ01_320.jpg,https://mars.nasa.gov/mars2020-raw-images/pub/ods/surface/sol/00015/ids/edr/browse/ncam/NRE_0015_0668275677_973ECM_N0030188NCAM00400_06_0LLJ01.png,https://mars.nasa.gov/mars2020-raw-images/pub/ods/surface/sol/00015/ids/edr/browse/ncam/NRE_0015_0668275677_973ECM_N0030188NCAM00400_06_0LLJ01_1200.jpg,UNK,"(0.8534611813709254,-0.5179176596149981,0.05801128986557161)","(1.00293,0.713618,-1.94648);(0.921501,-0.314446,0.227981);(2156.73,2382.96,296.887);(281.67,-95.5007,3100.56);(0.921531,-0.314905,0.227227);(0.0,0.05117,-0.018889);(0.001504,0.020873,-0.009439);2.0;0.0","(1.00293,0.713618,-1.94648)",NAVCAM_RIGHT,CAHVORE
15,"(0.7156,0.0208675,-0.000370714,0.698199)",NLF_0015_0668288016_786ECM_N0030386NCAM02001_01_295J,"NASA's Mars Perseverance rover acquired this image using its onboard Left Navigation Camera (Navcam). The camera is located high on the rover's mast and aids in driving. 

This image was acquired on Mar. 6, 2021 (Sol 15) at the local mean solar time of 16:49:29.",Full,Sol-00015M16:49:29.038,NASA/JPL-Caltech,2021-03-06T09:42:02.000,https://mars.nasa.gov/rss/api/?feed=raw_images&category=mars2020&feedtype=json&id=NLF_0015_0668288016_786ECM_N0030386NCAM02001_01_295J,https://mars.nasa.gov/mars2020/multimedia/raw-images/?id=NLF_0015_0668288016_786ECM_N0030386NCAM02001_01_295J,386,Mars Perseverance Sol 15: Left Navigation Camera (Navcam),3,2021-03-06T10:13:12Z,125.668,-29.5597,668288017.820,4,"(31.2262,8.12755,0.398731)","(1,1,5120,3840)","(1280,960)",https://mars.nasa.gov/mars2020-raw-images/pub/ods/surface/sol/00015/ids/edr/browse/ncam/NLF_0015_0668288016_786ECM_N0030386NCAM02001_01_295J01_800.jpg,https://mars.nasa.gov/mars2020-raw-images/pub/ods/surface/sol/00015/ids/edr/browse/ncam/NLF_0015_0668288016_786ECM_N0030386NCAM02001_01_295J01_320.jpg,https://mars.nasa.gov/mars2020-raw-images/pub/ods/surface/sol/00015/ids/edr/browse/ncam/NLF_0015_0668288016_786ECM_N0030386NCAM02001_01_295J01.png,https://mars.nasa.gov/mars2020-raw-images/pub/ods/surface/sol/00015/ids/edr/browse/ncam/NLF_0015_0668288016_786ECM_N0030386NCAM02001_01_295J01_1200.jpg,UNK,"(-0.5075484270523226,0.7060014298921179,0.49391960397112994)","(0.894564,0.799584,-1.90465);(-0.514825,0.696307,0.500127);(-929.936,13.6333,320.564);(-33.3955,38.0215,883.071);(-0.515937,0.695414,0.500224);(2e-06,0.049535,-0.015973);(-0.003612,0.013016,-0.023961);2.0;0.0","(0.894564,0.799584,-1.90465)",NAVCAM_LEFT,CAHVORE
15,"(0.996207,0.00588069,-0.0132222,0.0858027)",NRE_0015_0668275677_973ECM_N0030188NCAM00400_05_0LLJ,"NASA's Mars Perseverance rover acquired this image using its onboard Right Navigation Camera (Navcam). The camera is located high on the rover's mast and aids in driving. 

This image was acquired on Mar. 6, 2021 (Sol 15) at the local mean solar time of 13:29:20.",Full,Sol-00015M13:29:20.252,NASA/JPL-Caltech,2021-03-06T09:42:02.000,https://mars.nasa.gov/rss/api/?feed=raw_images&category=mars2020&feedtype=json&id=NRE_0015_0668275677_973ECM_N0030188NCAM00400_05_0LLJ,https://mars.nasa.gov/mars2020/multimedia/raw-images/?id=NRE_0015_0668275677_973ECM_N0030188NCAM00400_05_0LLJ,188,Mars Perseverance Sol 15: Right Navigation Camera (Navcam),3,2021-03-06T10:13:12Z,340.795,-12.616,668275679.222,1,"(5.80078,2.95615,0.102654)","(1,953,1288,976)","(1288,976)",https://mars.nasa.gov/mars2020-raw-images/pub/ods/surface/sol/00015/ids/edr/browse/ncam/NRE_0015_0668275677_973ECM_N0030188NCAM00400_05_0LLJ01_800.jpg,https://mars.nasa.gov/mars2020-raw-images/pub/ods/surface/sol/00015/ids/edr/browse/ncam/NRE_0015_0668275677_973ECM_N0030188NCAM00400_05_0LLJ01_320.jpg,https://mars.nasa.gov/mars2020-raw-images/pub/ods/surface/sol/00015/ids/edr/browse/ncam/NRE_0015_0668275677_973ECM_N0030188NCAM00400_05_0LLJ01.png,https://mars.nasa.gov/mars2020-raw-images/pub/ods/surface/sol/00015/ids/edr/browse/ncam/NRE_0015_0668275677_973ECM_N0030188NCAM00400_05_0LLJ01_1200.jpg,UNK,"(0.6184995821854821,-0.7841948840723064,0.049966495086266084)","(1.00293,0.713618,-1.94648);(0.921501,-0.314446,0.227981);(3328.88,1982.99,586.879);(281.67,-95.5007,3100.56);(0.921531,-0.314905,0.227227);(0.0,0.05117,-0.018889);(0.001504,0.020873,-0.009439);2.0;0.0","(1.00293,0.713618,-1.94648)",NAVCAM_RIGHT,CAHVORE
15,"(0.7156,0.0208675,-0.000370714,0.698199)",NLF_0015_0668287065_553ECM_N0030386NCAM03001_10_195J,"NASA's Mars Perseverance rover acquired this image using its onboard Left Navigation Camera (Navcam). The camera is located high on the rover's mast and aids in driving. 

This image was acquired on Mar. 6, 2021 (Sol 15) at the local mean solar time of 16:34:03.",Full,Sol-00015M16:34:03.248,NASA/JPL-Caltech,2021-03-06T09:42:01.000,https://mars.nasa.gov/rss/api/?feed=raw_images&category=mars2020&feedtype=json&id=NLF_0015_0668287065_553ECM_N0030386NCAM03001_10_195J,https://mars.nasa.gov/mars2020/multimedia/raw-images/?id=NLF_0015_0668287065_553ECM_N0030386NCAM03001_10_195J,386,Mars Perseverance Sol 15: Left Navigation Camera (Navcam),3,2021-03-06T10:13:12Z,198.587,-32.2608,668287066.176,2,"(31.2262,8.12755,0.398731)","(2545,1905,2576,1936)","(1288,968)",https://mars.nasa.gov/mars2020-raw-images/pub/ods/surface/sol/00015/ids/edr/browse/ncam/NLF_0015_0668287065_553ECM_N0030386NCAM03001_10_195J01_800.jpg,https://mars.nasa.gov/mars2020-raw-images/pub/ods/surface/sol/00015/ids/edr/browse/ncam/NLF_0015_0668287065_553ECM_N0030386NCAM03001_10_195J01_320.jpg,https://mars.nasa.gov/mars2020-raw-images/pub/ods/surface/sol/00015/ids/edr/browse/ncam/NLF_0015_0668287065_553ECM_N0030386NCAM03001_10_195J01.png,https://mars.nasa.gov/mars2020-raw-images/pub/ods/surface/sol/00015/ids/edr/browse/ncam/NLF_0015_0668287065_553ECM_N0030386NCAM03001_10_195J01_1200.jpg,UNK,"(-0.43849436606750436,-0.5487679110290535,0.7117418568216052)","(0.602362,0.715723,-1.89827);(-0.793553,-0.279754,0.540395);(467.839,-1403.6,7.79657);(740.881,253.857,1254.75);(-0.793021,-0.281077,0.54049);(2e-06,0.049535,-0.015973);(-0.003612,0.013016,-0.023961);2.0;0.0","(0.602362,0.715723,-1.89827)",NAVCAM_LEFT,CAHVORE
15,"(0.716695,0.0208669,-0.000403466,0.697075)",NLM_0015_0668286438_362ECM_N0030386SAPP00601_00_2LLJ,"NASA's Mars Perseverance rover acquired this image using its onboard Left Navigation Camera (Navcam). The camera is located high on the rover's mast and aids in driving. 

This image was acquired on Mar. 6, 2021 (Sol 15) at the local mean solar time of 16:23:52.",Full,Sol-00015M16:23:52.833,NASA/JPL-Caltech,2021-03-06T09:41:57.000,https://mars.nasa.gov/rss/api/?feed=raw_images&category=mars2020&feedtype=json&id=NLM_0015_0668286438_362ECM_N0030386SAPP00601_00_2LLJ,https://mars.nasa.gov/mars2020/multimedia/raw-images/?id=NLM_0015_0668286438_362ECM_N0030386SAPP00601_00_2LLJ,386,Mars Perseverance Sol 15: Left Navigation Camera (Navcam),3,2021-03-06T10:13:12Z,177.059,31.7196,668286438.367,4,"(31.2262,8.12755,0.398731)","(1921,1441,1280,960)","(1280,960)",https://mars.nasa.gov/mars2020-raw-images/pub/ods/surface/sol/00015/ids/edr/browse/ncam/NLM_0015_0668286438_362ECM_N0030386SAPP00601_00_2LLJ01_800.jpg,https://mars.nasa.gov/mars2020-raw-images/pub/ods/surface/sol/00015/ids/edr/browse/ncam/NLM_0015_0668286438_362ECM_N0030386SAPP00601_00_2LLJ01_320.jpg,https://mars.nasa.gov/mars2020-raw-images/pub/ods/surface/sol/00015/ids/edr/browse/ncam/NLM_0015_0668286438_362ECM_N0030386SAPP00601_00_2LLJ01.png,https://mars.nasa.gov/mars2020-raw-images/pub/ods/surface/sol/00015/ids/edr/browse/ncam/NLM_0015_0668286438_362ECM_N0030386SAPP00601_00_2LLJ01_1200.jpg,UNK,"(-0.4423449863700385,0.5262418865379518,-0.7262233746487837)","(0.733758,0.77669,-2.03577);(-0.854136,0.0315593,-0.519106);(-581.259,-718.684,-336.689);(-798.124,29.6068,380.126);(-0.85425,0.0301388,-0.519003);(2e-06,0.049535,-0.015973);(-0.003612,0.013016,-0.023961);2.0;0.0","(0.733758,0.77669,-2.03577)",NAVCAM_LEFT,CAHVORE
15,"(0.996207,0.00588069,-0.0132222,0.0858027)",NLE_0015_0668275677_973ECM_N0030188NCAM00400_01_0LLJ,"NASA's Mars Perseverance rover acquired this image using its onboard Left Navigation Camera (Navcam). The camera is located high on the rover's mast and aids in driving. 

This image was acquired on Mar. 6, 2021 (Sol 15) at the local mean solar time of 13:29:20.",Full,Sol-00015M13:29:20.252,NASA/JPL-Caltech,2021-03-06T09:41:56.000,https://mars.nasa.gov/rss/api/?feed=raw_images&category=mars2020&feedtype=json&id=NLE_0015_0668275677_973ECM_N0030188NCAM00400_01_0LLJ,https://mars.nasa.gov/mars2020/multimedia/raw-images/?id=NLE_0015_0668275677_973ECM_N0030188NCAM00400_01_0LLJ,188,Mars Perseverance Sol 15: Left Navigation Camera (Navcam),3,2021-03-06T10:13:12Z,340.453,-12.8188,668275679.037,1,"(5.80078,2.95615,0.102654)","(1,1,1288,968)","(1288,968)",https://mars.nasa.gov/mars2020-raw-images/pub/ods/surface/sol/00015/ids/edr/browse/ncam/NLE_0015_0668275677_973ECM_N0030188NCAM00400_01_0LLJ01_800.jpg,https://mars.nasa.gov/mars2020-raw-images/pub/ods/surface/sol/00015/ids/edr/browse/ncam/NLE_0015_0668275677_973ECM_N0030188NCAM00400_01_0LLJ01_320.jpg,https://mars.nasa.gov/mars2020-raw-images/pub/ods/surface/sol/00015/ids/edr/browse/ncam/NLE_0015_0668275677_973ECM_N0030188NCAM00400_01_0LLJ01.png,https://mars.nasa.gov/mars2020-raw-images/pub/ods/surface/sol/00015/ids/edr/browse/ncam/NLE_0015_0668275677_973ECM_N0030188NCAM00400_01_0LLJ01_1200.jpg,UNK,"(0.6290376608676552,-0.7531578959885133,-0.19252221928988997)","(0.866576,0.311735,-1.94637);(0.921242,-0.314087,0.229518);(3347.22,1984.65,590.535);(1148.7,-386.536,3324.89);(0.921674,-0.31273,0.229633);(2e-06,0.049535,-0.015973);(-0.003612,0.013016,-0.023961);2.0;0.0","(0.866576,0.311735,-1.94637)",NAVCAM_LEFT,CAHVORE
15,"(0.996207,0.00588069,-0.0132222,0.0858027)",NLE_0015_0668275677_973ECM_N0030188NCAM00400_08_0LLJ,"NASA's Mars Perseverance rover acquired this image using its onboard Left Navigation Camera (Navcam). The camera is located high on the rover's mast and aids in driving. 

This image was acquired on Mar. 6, 2021 (Sol 15) at the local mean solar time of 13:29:20.",Full,Sol-00015M13:29:20.252,NASA/JPL-Caltech,2021-03-06T09:41:56.000,https://mars.nasa.gov/rss/api/?feed=raw_images&category=mars2020&feedtype=json&id=NLE_0015_0668275677_973ECM_N0030188NCAM00400_08_0LLJ,https://mars.nasa.gov/mars2020/multimedia/raw-images/?id=NLE_0015_0668275677_973ECM_N0030188NCAM00400_08_0LLJ,188,Mars Perseverance Sol 15: Left Navigation Camera (Navcam),3,2021-03-06T10:13:12Z,340.453,-12.8188,668275679.037,1,"(5.80078,2.95615,0.102654)","(3833,953,1288,976)","(1288,976)",https://mars.nasa.gov/mars2020-raw-images/pub/ods/surface/sol/00015/ids/edr/browse/ncam/NLE_0015_0668275677_973ECM_N0030188NCAM00400_08_0LLJ01_800.jpg,https://mars.nasa.gov/mars2020-raw-images/pub/ods/surface/sol/00015/ids/edr/browse/ncam/NLE_0015_0668275677_973ECM_N0030188NCAM00400_08_0LLJ01_320.jpg,https://mars.nasa.gov/mars2020-raw-images/pub/ods/surface/sol/00015/ids/edr/browse/ncam/NLE_0015_0668275677_973ECM_N0030188NCAM00400_08_0LLJ01.png,https://mars.nasa.gov/mars2020-raw-images/pub/ods/surface/sol/00015/ids/edr/browse/ncam/NLE_0015_0668275677_973ECM_N0030188NCAM00400_08_0LLJ01_1200.jpg,UNK,"(0.9719246853388415,0.2293136372007235,0.05270352761219007)","(0.866576,0.311735,-1.94637);(0.921242,-0.314087,0.229518);(-182.982,3188.23,-288.979);(271.68,-87.5251,3106.39);(0.921674,-0.31273,0.229633);(2e-06,0.049535,-0.015973);(-0.003612,0.013016,-0.023961);2.0;0.0","(0.866576,0.311735,-1.94637)",NAVCAM_LEFT,CAHVORE
15,"(0.996207,0.00588069,-0.0132222,0.0858027)",NRE_0015_0668275677_973ECM_N0030188NCAM00400_02_0LLJ,"NASA's Mars Perseverance rover acquired this image using its onboard Right Navigation Camera (Navcam). The camera is located high on the rover's mast and aids in driving. 

This image was acquired on Mar. 6, 2021 (Sol 15) at the local mean solar time of 13:29:20.",Full,Sol-00015M13:29:20.252,NASA/JPL-Caltech,2021-03-06T09:41:56.000,https://mars.nasa.gov/rss/api/?feed=raw_images&category=mars2020&feedtype=json&id=NRE_0015_0668275677_973ECM_N0030188NCAM00400_02_0LLJ,https://mars.nasa.gov/mars2020/multimedia/raw-images/?id=NRE_0015_0668275677_973ECM_N0030188NCAM00400_02_0LLJ,188,Mars Perseverance Sol 15: Right Navigation Camera (Navcam),3,2021-03-06T10:13:12Z,340.795,-12.616,668275679.222,1,"(5.80078,2.95615,0.102654)","(1273,1,1296,968)","(1296,968)",https://mars.nasa.gov/mars2020-raw-images/pub/ods/surface/sol/00015/ids/edr/browse/ncam/NRE_0015_0668275677_973ECM_N0030188NCAM00400_02_0LLJ01_800.jpg,https://mars.nasa.gov/mars2020-raw-images/pub/ods/surface/sol/00015/ids/edr/browse/ncam/NRE_0015_0668275677_973ECM_N0030188NCAM00400_02_0LLJ01_320.jpg,https://mars.nasa.gov/mars2020-raw-images/pub/ods/surface/sol/00015/ids/edr/browse/ncam/NRE_0015_0668275677_973ECM_N0030188NCAM00400_02_0LLJ01.png,https://mars.nasa.gov/mars2020-raw-images/pub/ods/surface/sol/00015/ids/edr/browse/ncam/NRE_0015_0668275677_973ECM_N0030188NCAM00400_02_0LLJ01_1200.jpg,UNK,"(0.8402594801611161,-0.49368911788567854,-0.2241317935515432)","(1.00293,0.713618,-1.94648);(0.921501,-0.314446,0.227981);(2156.73,2382.96,296.887);(1158.94,-394.853,3317.6);(0.921531,-0.314905,0.227227);(0.0,0.05117,-0.018889);(0.001504,0.020873,-0.009439);2.0;0.0","(1.00293,0.713618,-1.94648)",NAVCAM_RIGHT,CAHVORE
15,"(0.996207,0.00588069,-0.0132222,0.0858027)",NRE_0015_0668275677_973ECM_N0030188NCAM00400_07_0LLJ,"NASA's Mars Perseverance rover acquired this image using its onboard Right Navigation Camera (Navcam). The camera is located high on the rover's mast and aids in driving. 

This image was acquired on Mar. 6, 2021 (Sol 15) at the local mean solar time of 13:29:20.",Full,Sol-00015M13:29:20.252,NASA/JPL-Caltech,2021-03-06T09:41:56.000,https://mars.nasa.gov/rss/api/?feed=raw_images&category=mars2020&feedtype=json&id=NRE_0015_0668275677_973ECM_N0030188NCAM00400_07_0LLJ,https://mars.nasa.gov/mars2020/multimedia/raw-images/?id=NRE_0015_0668275677_973ECM_N0030188NCAM00400_07_0LLJ,188,Mars Perseverance Sol 15: Right Navigation Camera (Navcam),3,2021-03-06T10:13:12Z,340.795,-12.616,668275679.222,1,"(5.80078,2.95615,0.102654)","(2553,953,1296,976)","(1296,976)",https://mars.nasa.gov/mars2020-raw-images/pub/ods/surface/sol/00015/ids/edr/browse/ncam/NRE_0015_0668275677_973ECM_N0030188NCAM00400_07_0LLJ01_800.jpg,https://mars.nasa.gov/mars2020-raw-images/pub/ods/surface/sol/00015/ids/edr/browse/ncam/NRE_0015_0668275677_973ECM_N0030188NCAM00400_07_0LLJ01_320.jpg,https://mars.nasa.gov/mars2020-raw-images/pub/ods/surface/sol/00015/ids/edr/browse/ncam/NRE_0015_0668275677_973ECM_N0030188NCAM00400_07_0LLJ01.png,https://mars.nasa.gov/mars2020-raw-images/pub/ods/surface/sol/00015/ids/edr/browse/ncam/NRE_0015_0668275677_973ECM_N0030188NCAM00400_07_0LLJ01_1200.jpg,UNK,"(0.9906822041631199,-0.12319245541030019,0.058072276384549586)","(1.00293,0.713618,-1.94648);(0.921501,-0.314446,0.227981);(977.207,2785.45,5.07062);(281.67,-95.5007,3100.56);(0.921531,-0.314905,0.227227);(0.0,0.05117,-0.018889);(0.001504,0.020873,-0.009439);2.0;0.0","(1.00293,0.713618,-1.94648)",NAVCAM_RIGHT,CAHVORE
15,"(0.7156,0.0208675,-0.000370714,0.698199)",NRF_0015_0668287342_929ECM_N0030386NCAM03001_01_195J,"NASA's Mars Perseverance rover acquired this image using its onboard Right Navigation Camera (Navcam). The camera is located high on the rover's mast and aids in driving. 

This image was acquired on Mar. 6, 2021 (Sol 15) at the local mean solar time of 16:38:33.",Full,Sol-00015M16:38:33.205,NASA/JPL-Caltech,2021-03-06T09:41:53.000,https://mars.nasa.gov/rss/api/?feed=raw_images&category=mars2020&feedtype=json&id=NRF_0015_0668287342_929ECM_N0030386NCAM03001_01_195J,https://mars.nasa.gov/mars2020/multimedia/raw-images/?id=NRF_0015_0668287342_929ECM_N0030386NCAM03001_01_195J,386,Mars Perseverance Sol 15: Right Navigation Camera (Navcam),3,2021-03-06T10:13:12Z,344.774,-28.7231,668287345.135,2,"(31.2262,8.12755,0.398731)","(1,1,2576,1936)","(1288,968)",https://mars.nasa.gov/mars2020-raw-images/pub/ods/surface/sol/00015/ids/edr/browse/ncam/NRF_0015_0668287342_929ECM_N0030386NCAM03001_01_195J01_800.jpg,https://mars.nasa.gov/mars2020-raw-images/pub/ods/surface/sol/00015/ids/edr/browse/ncam/NRF_0015_0668287342_929ECM_N0030386NCAM03001_01_195J01_320.jpg,https://mars.nasa.gov/mars2020-raw-images/pub/ods/surface/sol/00015/ids/edr/browse/ncam/NRF_0015_0668287342_929ECM_N0030386NCAM03001_01_195J01.png,https://mars.nasa.gov/mars2020-raw-images/pub/ods/surface/sol/00015/ids/edr/browse/ncam/NRF_0015_0668287342_929ECM_N0030386NCAM03001_01_195J01_1200.jpg,UNK,"(0.7785510887420921,-0.6025648388999878,0.17542467654219782)","(0.993885,0.726448,-1.90749);(0.843191,-0.223094,0.489156);(1465.17,1139.02,628.317);(124.048,-30.5429,1763.4);(0.843448,-0.223603,0.488481);(0.0,0.05117,-0.018889);(0.001504,0.020873,-0.009439);2.0;0.0","(0.993885,0.726448,-1.90749)",NAVCAM_RIGHT,CAHVORE
15,"(0.7156,0.0208675,-0.000370714,0.698199)",NRF_0015_0668287065_553ECM_N0030386NCAM03001_10_195J,"NASA's Mars Perseverance rover acquired this image using its onboard Right Navigation Camera (Navcam). The camera is located high on the rover's mast and aids in driving. 

This image was acquired on Mar. 6, 2021 (Sol 15) at the local mean solar time of 16:34:03.",Full,Sol-00015M16:34:03.248,NASA/JPL-Caltech,2021-03-06T09:41:46.000,https://mars.nasa.gov/rss/api/?feed=raw_images&category=mars2020&feedtype=json&id=NRF_0015_0668287065_553ECM_N0030386NCAM03001_10_195J,https://mars.nasa.gov/mars2020/multimedia/raw-images/?id=NRF_0015_0668287065_553ECM_N0030386NCAM03001_10_195J,386,Mars Perseverance Sol 15: Right Navigation Camera (Navcam),3,2021-03-06T10:13:12Z,198.981,-32.0583,668287066.181,2,"(31.2262,8.12755,0.398731)","(2545,1905,2576,1936)","(1288,968)",https://mars.nasa.gov/mars2020-raw-images/pub/ods/surface/sol/00015/ids/edr/browse/ncam/NRF_0015_0668287065_553ECM_N0030386NCAM03001_10_195J01_800.jpg,https://mars.nasa.gov/mars2020-raw-images/pub/ods/surface/sol/00015/ids/edr/browse/ncam/NRF_0015_0668287065_553ECM_N0030386NCAM03001_10_195J01_320.jpg,https://mars.nasa.gov/mars2020-raw-images/pub/ods/surface/sol/00015/ids/edr/browse/ncam/NRF_0015_0668287065_553ECM_N0030386NCAM03001_10_195J01.png,https://mars.nasa.gov/mars2020-raw-images/pub/ods/surface/sol/00015/ids/edr/browse/ncam/NRF_0015_0668287065_553ECM_N0030386NCAM03001_10_195J01_1200.jpg,UNK,"(-0.4371771237378465,-0.5534401537448583,0.7089288812731297)","(0.743326,0.315435,-1.89966);(-0.794443,-0.279791,0.539066);(474.638,-1397.58,4.97319);(734.322,253.719,1254.65);(-0.794978,-0.279527,0.538415);(0.0,0.05117,-0.018889);(0.001504,0.020873,-0.009439);2.0;0.0","(0.743326,0.315435,-1.89966)",NAVCAM_RIGHT,CAHVORE
15,"(0.7156,0.0208675,-0.000370714,0.698199)",NRF_0015_0668287342_929ECM_N0030386NCAM03001_07_195J,"NASA's Mars Perseverance rover acquired this image using its onboard Right Navigation Camera (Navcam). The camera is located high on the rover's mast and aids in driving. 

This image was acquired on Mar. 6, 2021 (Sol 15) at the local mean solar time of 16:38:33.",Full,Sol-00015M16:38:33.205,NASA/JPL-Caltech,2021-03-06T09:41:46.000,https://mars.nasa.gov/rss/api/?feed=raw_images&category=mars2020&feedtype=json&id=NRF_0015_0668287342_929ECM_N0030386NCAM03001_07_195J,https://mars.nasa.gov/mars2020/multimedia/raw-images/?id=NRF_0015_0668287342_929ECM_N0030386NCAM03001_07_195J,386,Mars Perseverance Sol 15: Right Navigation Camera (Navcam),3,2021-03-06T10:13:12Z,344.774,-28.7231,668287345.135,2,"(31.2262,8.12755,0.398731)","(1,1905,2576,1936)","(1288,968)",https://mars.nasa.gov/mars2020-raw-images/pub/ods/surface/sol/00015/ids/edr/browse/ncam/NRF_0015_0668287342_929ECM_N0030386NCAM03001_07_195J01_800.jpg,https://mars.nasa.gov/mars2020-raw-images/pub/ods/surface/sol/00015/ids/edr/browse/ncam/NRF_0015_0668287342_929ECM_N0030386NCAM03001_07_195J01_320.jpg,https://mars.nasa.gov/mars2020-raw-images/pub/ods/surface/sol/00015/ids/edr/browse/ncam/NRF_0015_0668287342_929ECM_N0030386NCAM03001_07_195J01.png,https://mars.nasa.gov/mars2020-raw-images/pub/ods/surface/sol/00015/ids/edr/browse/ncam/NRF_0015_0668287342_929ECM_N0030386NCAM03001_07_195J01_1200.jpg,UNK,"(0.5137280879307915,-0.5334541526147194,0.6719450265677132)","(0.993885,0.726448,-1.90749);(0.843191,-0.223094,0.489156);(1465.17,1139.02,628.317);(-678.67,181.843,1297.72);(0.843448,-0.223603,0.488481);(0.0,0.05117,-0.018889);(0.001504,0.020873,-0.009439);2.0;0.0","(0.993885,0.726448,-1.90749)",NAVCAM_RIGHT,CAHVORE
15,"(0.7156,0.0208675,-0.000370714,0.698199)",NRF_0015_0668287065_553ECM_N0030386NCAM03001_04_195J,"NASA's Mars Perseverance rover acquired this image using its onboard Right Navigation Camera (Navcam). The camera is located high on the rover's mast and aids in driving. 

This image was acquired on Mar. 6, 2021 (Sol 15) at the local mean solar time of 16:34:03.",Full,Sol-00015M16:34:03.248,NASA/JPL-Caltech,2021-03-06T09:41:36.000,https://mars.nasa.gov/rss/api/?feed=raw_images&category=mars2020&feedtype=json&id=NRF_0015_0668287065_553ECM_N0030386NCAM03001_04_195J,https://mars.nasa.gov/mars2020/multimedia/raw-images/?id=NRF_0015_0668287065_553ECM_N0030386NCAM03001_04_195J,386,Mars Perseverance Sol 15: Right Navigation Camera (Navcam),3,2021-03-06T10:13:12Z,198.981,-32.0583,668287066.181,2,"(31.2262,8.12755,0.398731)","(2545,1,2576,1936)","(1288,968)",https://mars.nasa.gov/mars2020-raw-images/pub/ods/surface/sol/00015/ids/edr/browse/ncam/NRF_0015_0668287065_553ECM_N0030386NCAM03001_04_195J01_800.jpg,https://mars.nasa.gov/mars2020-raw-images/pub/ods/surface/sol/00015/ids/edr/browse/ncam/NRF_0015_0668287065_553ECM_N0030386NCAM03001_04_195J01_320.jpg,https://mars.nasa.gov/mars2020-raw-images/pub/ods/surface/sol/00015/ids/edr/browse/ncam/NRF_0015_0668287065_553ECM_N0030386NCAM03001_04_195J01.png,https://mars.nasa.gov/mars2020-raw-images/pub/ods/surface/sol/00015/ids/edr/browse/ncam/NRF_0015_0668287065_553ECM_N0030386NCAM03001_04_195J01_1200.jpg,UNK,"(-0.724438807812121,-0.6507861817760846,0.22730103243288977)","(0.743326,0.315435,-1.89966);(-0.794443,-0.279791,0.539066);(474.638,-1397.58,4.97319);(-21.9874,-12.642,1767.84);(-0.794978,-0.279527,0.538415);(0.0,0.05117,-0.018889);(0.001504,0.020873,-0.009439);2.0;0.0","(0.743326,0.315435,-1.89966)",NAVCAM_RIGHT,CAHVORE
15,"(0.7156,0.0208675,-0.000370714,0.698199)",NLF_0015_0668287342_929ECM_N0030386NCAM03001_01_195J,"NASA's Mars Perseverance rover acquired this image using its onboard Left Navigation Camera (Navcam). The camera is located high on the rover's mast and aids in driving. 

This image was acquired on Mar. 6, 2021 (Sol 15) at the local mean solar time of 16:38:33.",Full,Sol-00015M16:38:33.205,NASA/JPL-Caltech,2021-03-06T09:41:35.000,https://mars.nasa.gov/rss/api/?feed=raw_images&category=mars2020&feedtype=json&id=NLF_0015_0668287342_929ECM_N0030386NCAM03001_01_195J,https://mars.nasa.gov/mars2020/multimedia/raw-images/?id=NLF_0015_0668287342_929ECM_N0030386NCAM03001_01_195J,386,Mars Perseverance Sol 15: Left Navigation Camera (Navcam),3,2021-03-06T10:13:12Z,344.393,-28.9253,668287344.362,2,"(31.2262,8.12755,0.398731)","(1,1,2576,1936)","(1288,968)",https://mars.nasa.gov/mars2020-raw-images/pub/ods/surface/sol/00015/ids/edr/browse/ncam/NLF_0015_0668287342_929ECM_N0030386NCAM03001_01_195J01_800.jpg,https://mars.nasa.gov/mars2020-raw-images/pub/ods/surface/sol/00015/ids/edr/browse/ncam/NLF_0015_0668287342_929ECM_N0030386NCAM03001_01_195J01_320.jpg,https://mars.nasa.gov/mars2020-raw-images/pub/ods/surface/sol/00015/ids/edr/browse/ncam/NLF_0015_0668287342_929ECM_N0030386NCAM03001_01_195J01.png,https://mars.nasa.gov/mars2020-raw-images/pub/ods/surface/sol/00015/ids/edr/browse/ncam/NLF_0015_0668287342_929ECM_N0030386NCAM03001_01_195J01_1200.jpg,UNK,"(0.7749976277492855,-0.6060088241590362,0.17925395957791898)","(0.885732,0.316075,-1.9067);(0.842509,-0.222647,0.490532);(1473.46,1140.7,632.401);(117.911,-26.551,1765.18);(0.842817,-0.221255,0.490633);(2e-06,0.049535,-0.015973);(-0.003612,0.013016,-0.023961);2.0;0.0","(0.885732,0.316075,-1.9067)",NAVCAM_LEFT,CAHVORE
15,"(0.7156,0.0208675,-0.000370714,0.698199)",NLF_0015_0668287620_415ECM_N0030386NCAM00305_04_195J,"NASA's Mars Perseverance rover acquired this image using its onboard Left Navigation Camera (Navcam). The camera is located high on the rover's mast and aids in driving. 

This image was acquired on Mar. 6, 2021 (Sol 15) at the local mean solar time of 16:43:03.",Full,Sol-00015M16:43:03.269,NASA/JPL-Caltech,2021-03-06T09:41:32.000,https://mars.nasa.gov/rss/api/?feed=raw_images&category=mars2020&feedtype=json&id=NLF_0015_0668287620_415ECM_N0030386NCAM00305_04_195J,https://mars.nasa.gov/mars2020/multimedia/raw-images/?id=NLF_0015_0668287620_415ECM_N0030386NCAM00305_04_195J,386,Mars Perseverance Sol 15: Left Navigation Camera (Navcam),3,2021-03-06T10:13:12Z,125.803,-30.0979,668287621.473,2,"(31.2262,8.12755,0.398731)","(2545,1905,2576,1936)","(1288,968)",https://mars.nasa.gov/mars2020-raw-images/pub/ods/surface/sol/00015/ids/edr/browse/ncam/NLF_0015_0668287620_415ECM_N0030386NCAM00305_04_195J01_800.jpg,https://mars.nasa.gov/mars2020-raw-images/pub/ods/surface/sol/00015/ids/edr/browse/ncam/NLF_0015_0668287620_415ECM_N0030386NCAM00305_04_195J01_320.jpg,https://mars.nasa.gov/mars2020-raw-images/pub/ods/surface/sol/00015/ids/edr/browse/ncam/NLF_0015_0668287620_415ECM_N0030386NCAM00305_04_195J01.png,https://mars.nasa.gov/mars2020-raw-images/pub/ods/surface/sol/00015/ids/edr/browse/ncam/NLF_0015_0668287620_415ECM_N0030386NCAM00305_04_195J01_1200.jpg,UNK,"(-0.6700394799217344,0.27784367885824385,0.6883676237772436)","(0.894071,0.799685,-1.90332);(-0.513693,0.691248,0.508242);(-1203.18,-861.022,5.38489);(431.629,-595.222,1283.42);(-0.514802,0.690352,0.508338);(2e-06,0.049535,-0.015973);(-0.003612,0.013016,-0.023961);2.0;0.0","(0.894071,0.799685,-1.90332)",NAVCAM_LEFT,CAHVORE
15,"(0.7156,0.0208675,-0.000370714,0.698199)",NRF_0015_0668287065_553ECM_N0030386NCAM03001_01_195J,"NASA's Mars Perseverance rover acquired this image using its onboard Right Navigation Camera (Navcam). The camera is located high on the rover's mast and aids in driving. 

This image was acquired on Mar. 6, 2021 (Sol 15) at the local mean solar time of 16:34:03.",Full,Sol-00015M16:34:03.248,NASA/JPL-Caltech,2021-03-06T09:41:32.000,https://mars.nasa.gov/rss/api/?feed=raw_images&category=mars2020&feedtype=json&id=NRF_0015_0668287065_553ECM_N0030386NCAM03001_01_195J,https://mars.nasa.gov/mars2020/multimedia/raw-images/?id=NRF_0015_0668287065_553ECM_N0030386NCAM03001_01_195J,386,Mars Perseverance Sol 15: Right Navigation Camera (Navcam),3,2021-03-06T10:13:12Z,198.981,-32.0583,668287066.181,2,"(31.2262,8.12755,0.398731)","(1,1,2576,1936)","(1288,968)",https://mars.nasa.gov/mars2020-raw-images/pub/ods/surface/sol/00015/ids/edr/browse/ncam/NRF_0015_0668287065_553ECM_N0030386NCAM03001_01_195J01_800.jpg,https://mars.nasa.gov/mars2020-raw-images/pub/ods/surface/sol/00015/ids/edr/browse/ncam/NRF_0015_0668287065_553ECM_N0030386NCAM03001_01_195J01_320.jpg,https://mars.nasa.gov/mars2020-raw-images/pub/ods/surface/sol/00015/ids/edr/browse/ncam/NRF_0015_0668287065_553ECM_N0030386NCAM03001_01_195J01.png,https://mars.nasa.gov/mars2020-raw-images/pub/ods/surface/sol/00015/ids/edr/browse/ncam/NRF_0015_0668287065_553ECM_N0030386NCAM03001_01_195J01_1200.jpg,UNK,"(-0.9714031956420095,0.0648556208020664,0.2284066109964205)","(0.743326,0.315435,-1.89966);(-0.794443,-0.279791,0.539066);(-535.893,-1753.48,690.666);(-21.9874,-12.642,1767.84);(-0.794978,-0.279527,0.538415);(0.0,0.05117,-0.018889);(0.001504,0.020873,-0.009439);2.0;0.0","(0.743326,0.315435,-1.89966)",NAVCAM_RIGHT,CAHVORE
15,"(0.7156,0.0208675,-0.000370714,0.698199)",NRE_0015_0668287342_929ECM_N0030386NCAM03001_13_0LLJ,"NASA's Mars Perseverance rover acquired this image using its onboard Right Navigation Camera (Navcam). The camera is located high on the rover's mast and aids in driving. 

This image was acquired on Mar. 6, 2021 (Sol 15) at the local mean solar time of 16:38:33.",Full,Sol-00015M16:38:33.205,NASA/JPL-Caltech,2021-03-06T09:41:31.000,https://mars.nasa.gov/rss/api/?feed=raw_images&category=mars2020&feedtype=json&id=NRE_0015_0668287342_929ECM_N0030386NCAM03001_13_0LLJ,https://mars.nasa.gov/mars2020/multimedia/raw-images/?id=NRE_0015_0668287342_929ECM_N0030386NCAM03001_13_0LLJ,386,Mars Perseverance Sol 15: Right Navigation Camera (Navcam),3,2021-03-06T10:13:12Z,344.774,-28.7231,668287345.135,1,"(31.2262,8.12755,0.398731)","(1,473,1288,968)","(1288,968)",https://mars.nasa.gov/mars2020-raw-images/pub/ods/surface/sol/00015/ids/edr/browse/ncam/NRE_0015_0668287342_929ECM_N0030386NCAM03001_13_0LLJ01_800.jpg,https://mars.nasa.gov/mars2020-raw-images/pub/ods/surface/sol/00015/ids/edr/browse/ncam/NRE_0015_0668287342_929ECM_N0030386NCAM03001_13_0LLJ01_320.jpg,https://mars.nasa.gov/mars2020-raw-images/pub/ods/surface/sol/00015/ids/edr/browse/ncam/NRE_0015_0668287342_929ECM_N0030386NCAM03001_13_0LLJ01.png,https://mars.nasa.gov/mars2020-raw-images/pub/ods/surface/sol/00015/ids/edr/browse/ncam/NRE_0015_0668287342_929ECM_N0030386NCAM03001_13_0LLJ01_1200.jpg,UNK,"(0.6715866303361786,-0.7238015138737169,0.15837539729330577)","(0.993885,0.726448,-1.90749);(0.843191,-0.223094,0.489156);(2930.77,2277.92,1256.88);(-149.469,44.1031,3296.16);(0.843448,-0.223603,0.488481);(0.0,0.05117,-0.018889);(0.001504,0.020873,-0.009439);2.0;0.0","(0.993885,0.726448,-1.90749)",NAVCAM_RIGHT,CAHVORE
15,"(0.7156,0.0208675,-0.000370714,0.698199)",NLF_0015_0668287620_415ECM_N0030386NCAM00305_01_195J,"NASA's Mars Perseverance rover acquired this image using its onboard Left Navigation Camera (Navcam). The camera is located high on the rover's mast and aids in driving. 

This image was acquired on Mar. 6, 2021 (Sol 15) at the local mean solar time of 16:43:03.",Full,Sol-00015M16:43:03.269,NASA/JPL-Caltech,2021-03-06T09:41:27.000,https://mars.nasa.gov/rss/api/?feed=raw_images&category=mars2020&feedtype=json&id=NLF_0015_0668287620_415ECM_N0030386NCAM00305_01_195J,https://mars.nasa.gov/mars2020/multimedia/raw-images/?id=NLF_0015_0668287620_415ECM_N0030386NCAM00305_01_195J,386,Mars Perseverance Sol 15: Left Navigation Camera (Navcam),3,2021-03-06T10:13:12Z,125.803,-30.0979,668287621.473,2,"(31.2262,8.12755,0.398731)","(1,1905,2576,1936)","(1288,968)",https://mars.nasa.gov/mars2020-raw-images/pub/ods/surface/sol/00015/ids/edr/browse/ncam/NLF_0015_0668287620_415ECM_N0030386NCAM00305_01_195J01_800.jpg,https://mars.nasa.gov/mars2020-raw-images/pub/ods/surface/sol/00015/ids/edr/browse/ncam/NLF_0015_0668287620_415ECM_N0030386NCAM00305_01_195J01_320.jpg,https://mars.nasa.gov/mars2020-raw-images/pub/ods/surface/sol/00015/ids/edr/browse/ncam/NLF_0015_0668287620_415ECM_N0030386NCAM00305_01_195J01.png,https://mars.nasa.gov/mars2020-raw-images/pub/ods/surface/sol/00015/ids/edr/browse/ncam/NLF_0015_0668287620_415ECM_N0030386NCAM00305_01_195J01_1200.jpg,UNK,"(-0.056704720974040675,0.7247209866134416,0.6867052251012046)","(0.894071,0.799685,-1.90332);(-0.513693,0.691248,0.508242);(-1856.59,18.2459,651.869);(431.629,-595.222,1283.42);(-0.514802,0.690352,0.508338);(2e-06,0.049535,-0.015973);(-0.003612,0.013016,-0.023961);2.0;0.0","(0.894071,0.799685,-1.90332)",NAVCAM_LEFT,CAHVORE
15,"(0.7156,0.0208675,-0.000370714,0.698199)",NRM_0015_0668288016_786ECM_T0030386NCAM02001_13_4I1J,"NASA's Mars Perseverance rover acquired this image using its onboard Right Navigation Camera (Navcam). The camera is located high on the rover's mast and aids in driving. 

This image was acquired on Mar. 6, 2021 (Sol 15) at the local mean solar time of 16:49:29.",Thumbnail,Sol-00015M16:49:29.038,NASA/JPL-Caltech,2021-03-06T09:41:27.000,https://mars.nasa.gov/rss/api/?feed=raw_images&category=mars2020&feedtype=json&id=NRM_0015_0668288016_786ECM_T0030386NCAM02001_13_4I1J,https://mars.nasa.gov/mars2020/multimedia/raw-images/?id=NRM_0015_0668288016_786ECM_T0030386NCAM02001_13_4I1J,386,Mars Perseverance Sol 15: Right Navigation Camera (Navcam),3,2021-03-06T10:13:12Z,126.051,-29.3567,668288017.733,16,"(31.2262,8.12755,0.398731)","(1273,1913,1296,976)","(81,61)",https://mars.nasa.gov/mars2020-raw-images/pub/ods/surface/sol/00015/ids/edr/browse/ncam/NRM_0015_0668288016_786ECM_T0030386NCAM02001_13_4I1J01_800.jpg,https://mars.nasa.gov/mars2020-raw-images/pub/ods/surface/sol/00015/ids/edr/browse/ncam/NRM_0015_0668288016_786ECM_T0030386NCAM02001_13_4I1J01_320.jpg,https://mars.nasa.gov/mars2020-raw-images/pub/ods/surface/sol/00015/ids/edr/browse/ncam/NRM_0015_0668288016_786ECM_T0030386NCAM02001_13_4I1J01.png,https://mars.nasa.gov/mars2020-raw-images/pub/ods/surface/sol/00015/ids/edr/browse/ncam/NRM_0015_0668288016_786ECM_T0030386NCAM02001_13_4I1J01_1200.jpg,UNK,"(-0.2819827741469242,0.7384584152182205,0.612507048186222)","(0.553144,0.547528,-1.90644);(-0.515082,0.697097,0.498761);(-190.405,-52.7514,39.7827);(53.1104,-73.1874,160.766);(-0.514967,0.697661,0.498091);(0.0,0.05117,-0.018889);(0.001504,0.020873,-0.009439);2.0;0.0","(0.553144,0.547528,-1.90644)",NAVCAM_RIGHT,CAHVORE
15,"(0.7156,0.0208675,-0.000370714,0.698199)",NRF_0015_0668287065_553ECM_N0030386NCAM03001_07_195J,"NASA's Mars Perseverance rover acquired this image using its onboard Right Navigation Camera (Navcam). The camera is located high on the rover's mast and aids in driving. 

This image was acquired on Mar. 6, 2021 (Sol 15) at the local mean solar time of 16:34:03.",Full,Sol-00015M16:34:03.248,NASA/JPL-Caltech,2021-03-06T09:41:22.000,https://mars.nasa.gov/rss/api/?feed=raw_images&category=mars2020&feedtype=json&id=NRF_0015_0668287065_553ECM_N0030386NCAM03001_07_195J,https://mars.nasa.gov/mars2020/multimedia/raw-images/?id=NRF_0015_0668287065_553ECM_N0030386NCAM03001_07_195J,386,Mars Perseverance Sol 15: Right Navigation Camera (Navcam),3,2021-03-06T10:13:12Z,198.981,-32.0583,668287066.181,2,"(31.2262,8.12755,0.398731)","(1,1905,2576,1936)","(1288,968)",https://mars.nasa.gov/mars2020-raw-images/pub/ods/surface/sol/00015/ids/edr/browse/ncam/NRF_0015_0668287065_553ECM_N0030386NCAM03001_07_195J01_800.jpg,https://mars.nasa.gov/mars2020-raw-images/pub/ods/surface/sol/00015/ids/edr/browse/ncam/NRF_0015_0668287065_553ECM_N0030386NCAM03001_07_195J01_320.jpg,https://mars.nasa.gov/mars2020-raw-images/pub/ods/surface/sol/00015/ids/edr/browse/ncam/NRF_0015_0668287065_553ECM_N0030386NCAM03001_07_195J01.png,https://mars.nasa.gov/mars2020-raw-images/pub/ods/surface/sol/00015/ids/edr/browse/ncam/NRF_0015_0668287065_553ECM_N0030386NCAM03001_07_195J01_1200.jpg,UNK,"(-0.6864480922271629,0.16520789954979345,0.7081633756443734)","(0.743326,0.315435,-1.89966);(-0.794443,-0.279791,0.539066);(-535.893,-1753.48,690.666);(734.322,253.719,1254.65);(-0.794978,-0.279527,0.538415);(0.0,0.05117,-0.018889);(0.001504,0.020873,-0.009439);2.0;0.0","(0.743326,0.315435,-1.89966)",NAVCAM_RIGHT,CAHVORE
15,"(0.7156,0.0208675,-0.000370714,0.698199)",NRE_0015_0668287342_929ECM_N0030386NCAM03001_16_0LLJ,"NASA's Mars Perseverance rover acquired this image using its onboard Right Navigation Camera (Navcam). The camera is located high on the rover's mast and aids in driving. 

This image was acquired on Mar. 6, 2021 (Sol 15) at the local mean solar time of 16:38:33.",Full,Sol-00015M16:38:33.205,NASA/JPL-Caltech,2021-03-06T09:41:14.000,https://mars.nasa.gov/rss/api/?feed=raw_images&category=mars2020&feedtype=json&id=NRE_0015_0668287342_929ECM_N0030386NCAM03001_16_0LLJ,https://mars.nasa.gov/mars2020/multimedia/raw-images/?id=NRE_0015_0668287342_929ECM_N0030386NCAM03001_16_0LLJ,386,Mars Perseverance Sol 15: Right Navigation Camera (Navcam),3,2021-03-06T10:13:12Z,344.774,-28.7231,668287345.135,1,"(31.2262,8.12755,0.398731)","(3833,473,1288,968)","(1288,968)",https://mars.nasa.gov/mars2020-raw-images/pub/ods/surface/sol/00015/ids/edr/browse/ncam/NRE_0015_0668287342_929ECM_N0030386NCAM03001_16_0LLJ01_800.jpg,https://mars.nasa.gov/mars2020-raw-images/pub/ods/surface/sol/00015/ids/edr/browse/ncam/NRE_0015_0668287342_929ECM_N0030386NCAM03001_16_0LLJ01_320.jpg,https://mars.nasa.gov/mars2020-raw-images/pub/ods/surface/sol/00015/ids/edr/browse/ncam/NRE_0015_0668287342_929ECM_N0030386NCAM03001_16_0LLJ01.png,https://mars.nasa.gov/mars2020-raw-images/pub/ods/surface/sol/00015/ids/edr/browse/ncam/NRE_0015_0668287342_929ECM_N0030386NCAM03001_16_0LLJ01_1200.jpg,UNK,"(0.9445252855641003,0.2880358604550022,0.15782055639871942)","(0.993885,0.726448,-1.90749);(0.843191,-0.223094,0.489156);(-300.336,3132.82,-617.568);(-149.469,44.1031,3296.16);(0.843448,-0.223603,0.488481);(0.0,0.05117,-0.018889);(0.001504,0.020873,-0.009439);2.0;0.0","(0.993885,0.726448,-1.90749)",NAVCAM_RIGHT,CAHVORE
15,"(0.7156,0.0208675,-0.000370714,0.698199)",NRF_0015_0668287620_415ECM_N0030386NCAM00305_04_195J,"NASA's Mars Perseverance rover acquired this image using its onboard Right Navigation Camera (Navcam). The camera is located high on the rover's mast and aids in driving. 

This image was acquired on Mar. 6, 2021 (Sol 15) at the local mean solar time of 16:43:03.",Full,Sol-00015M16:43:03.269,NASA/JPL-Caltech,2021-03-06T09:41:14.000,https://mars.nasa.gov/rss/api/?feed=raw_images&category=mars2020&feedtype=json&id=NRF_0015_0668287620_415ECM_N0030386NCAM00305_04_195J,https://mars.nasa.gov/mars2020/multimedia/raw-images/?id=NRF_0015_0668287620_415ECM_N0030386NCAM00305_04_195J,386,Mars Perseverance Sol 15: Right Navigation Camera (Navcam),3,2021-03-06T10:13:12Z,126.188,-29.8948,668287621.391,2,"(31.2262,8.12755,0.398731)","(2545,1905,2576,1936)","(1288,968)",https://mars.nasa.gov/mars2020-raw-images/pub/ods/surface/sol/00015/ids/edr/browse/ncam/NRF_0015_0668287620_415ECM_N0030386NCAM00305_04_195J01_800.jpg,https://mars.nasa.gov/mars2020-raw-images/pub/ods/surface/sol/00015/ids/edr/browse/ncam/NRF_0015_0668287620_415ECM_N0030386NCAM00305_04_195J01_320.jpg,https://mars.nasa.gov/mars2020-raw-images/pub/ods/surface/sol/00015/ids/edr/browse/ncam/NRF_0015_0668287620_415ECM_N0030386NCAM00305_04_195J01.png,https://mars.nasa.gov/mars2020-raw-images/pub/ods/surface/sol/00015/ids/edr/browse/ncam/NRF_0015_0668287620_415ECM_N0030386NCAM00305_04_195J01_1200.jpg,UNK,"(-0.6740475254154756,0.2751200247569453,0.6855427816402211)","(0.553247,0.546823,-1.90514);(-0.51396,0.692048,0.506883);(-1195.36,-865.822,2.88445);(429.568,-589.002,1283.08);(-0.51385,0.692618,0.506217);(0.0,0.05117,-0.018889);(0.001504,0.020873,-0.009439);2.0;0.0","(0.553247,0.546823,-1.90514)",NAVCAM_RIGHT,CAHVORE
15,"(0.7156,0.0208675,-0.000370714,0.698199)",NLF_0015_0668287342_929ECM_N0030386NCAM03001_10_195J,"NASA's Mars Perseverance rover acquired this image using its onboard Left Navigation Camera (Navcam). The camera is located high on the rover's mast and aids in driving. 

This image was acquired on Mar. 6, 2021 (Sol 15) at the local mean solar time of 16:38:33.",Full,Sol-00015M16:38:33.205,NASA/JPL-Caltech,2021-03-06T09:41:08.000,https://mars.nasa.gov/rss/api/?feed=raw_images&category=mars2020&feedtype=json&id=NLF_0015_0668287342_929ECM_N0030386NCAM03001_10_195J,https://mars.nasa.gov/mars2020/multimedia/raw-images/?id=NLF_0015_0668287342_929ECM_N0030386NCAM03001_10_195J,386,Mars Perseverance Sol 15: Left Navigation Camera (Navcam),3,2021-03-06T10:13:12Z,344.393,-28.9253,668287344.362,2,"(31.2262,8.12755,0.398731)","(2545,1905,2576,1936)","(1288,968)",https://mars.nasa.gov/mars2020-raw-images/pub/ods/surface/sol/00015/ids/edr/browse/ncam/NLF_0015_0668287342_929ECM_N0030386NCAM03001_10_195J01_800.jpg,https://mars.nasa.gov/mars2020-raw-images/pub/ods/surface/sol/00015/ids/edr/browse/ncam/NLF_0015_0668287342_929ECM_N0030386NCAM03001_10_195J01_320.jpg,https://mars.nasa.gov/mars2020-raw-images/pub/ods/surface/sol/00015/ids/edr/browse/ncam/NLF_0015_0668287342_929ECM_N0030386NCAM03001_10_195J01.png,https://mars.nasa.gov/mars2020-raw-images/pub/ods/surface/sol/00015/ids/edr/browse/ncam/NLF_0015_0668287342_929ECM_N0030386NCAM03001_10_195J01_1200.jpg,UNK,"(0.7098473648554557,0.19645727199561747,0.6764031777629415)","(0.885732,0.316075,-1.9067);(0.842509,-0.222647,0.490532);(401.784,1423.91,8.44434);(-684.158,185.409,1298.19);(0.842817,-0.221255,0.490633);(2e-06,0.049535,-0.015973);(-0.003612,0.013016,-0.023961);2.0;0.0","(0.885732,0.316075,-1.9067)",NAVCAM_LEFT,CAHVORE
15,"(0.7156,0.0208675,-0.000370714,0.698199)",NRF_0015_0668287188_861ECM_N0030386NCAM03001_10_195J,"NASA's Mars Perseverance rover acquired this image using its onboard Right Navigation Camera (Navcam). The camera is located high on the rover's mast and aids in driving. 

This image was acquired on Mar. 6, 2021 (Sol 15) at the local mean solar time of 16:36:03.",Full,Sol-00015M16:36:03.258,NASA/JPL-Caltech,2021-03-06T09:41:08.000,https://mars.nasa.gov/rss/api/?feed=raw_images&category=mars2020&feedtype=json&id=NRF_0015_0668287188_861ECM_N0030386NCAM03001_10_195J,https://mars.nasa.gov/mars2020/multimedia/raw-images/?id=NRF_0015_0668287188_861ECM_N0030386NCAM03001_10_195J,386,Mars Perseverance Sol 15: Right Navigation Camera (Navcam),3,2021-03-06T10:13:12Z,272.466,-31.5215,668287189.547,2,"(31.2262,8.12755,0.398731)","(2545,1905,2576,1936)","(1288,968)",https://mars.nasa.gov/mars2020-raw-images/pub/ods/surface/sol/00015/ids/edr/browse/ncam/NRF_0015_0668287188_861ECM_N0030386NCAM03001_10_195J01_800.jpg,https://mars.nasa.gov/mars2020-raw-images/pub/ods/surface/sol/00015/ids/edr/browse/ncam/NRF_0015_0668287188_861ECM_N0030386NCAM03001_10_195J01_320.jpg,https://mars.nasa.gov/mars2020-raw-images/pub/ods/surface/sol/00015/ids/edr/browse/ncam/NRF_0015_0668287188_861ECM_N0030386NCAM03001_10_195J01.png,https://mars.nasa.gov/mars2020-raw-images/pub/ods/surface/sol/00015/ids/edr/browse/ncam/NRF_0015_0668287188_861ECM_N0030386NCAM03001_10_195J01_1200.jpg,UNK,"(0.40611765680053535,-0.5827593456346684,0.7038891914998381)","(1.02148,0.430998,-1.90065);(0.0426116,-0.846207,0.531163);(1474.79,59.0268,7.04998);(-36.4966,764.267,1261.87);(0.0422071,-0.846639,0.530507);(0.0,0.05117,-0.018889);(0.001504,0.020873,-0.009439);2.0;0.0","(1.02148,0.430998,-1.90065)",NAVCAM_RIGHT,CAHVORE
15,"(0.7156,0.0208675,-0.000370714,0.698199)",NRM_0015_0668288016_786ECM_T0030386NCAM02001_12_4I1J,"NASA's Mars Perseverance rover acquired this image using its onboard Right Navigation Camera (Navcam). The camera is located high on the rover's mast and aids in driving. 

This image was acquired on Mar. 6, 2021 (Sol 15) at the local mean solar time of 16:49:29.",Thumbnail,Sol-00015M16:49:29.038,NASA/JPL-Caltech,2021-03-06T09:41:08.000,https://mars.nasa.gov/rss/api/?feed=raw_images&category=mars2020&feedtype=json&id=NRM_0015_0668288016_786ECM_T0030386NCAM02001_12_4I1J,https://mars.nasa.gov/mars2020/multimedia/raw-images/?id=NRM_0015_0668288016_786ECM_T0030386NCAM02001_12_4I1J,386,Mars Perseverance Sol 15: Right Navigation Camera (Navcam),3,2021-03-06T10:13:12Z,126.051,-29.3567,668288017.733,16,"(31.2262,8.12755,0.398731)","(1,1913,1288,976)","(80,61)",https://mars.nasa.gov/mars2020-raw-images/pub/ods/surface/sol/00015/ids/edr/browse/ncam/NRM_0015_0668288016_786ECM_T0030386NCAM02001_12_4I1J01_800.jpg,https://mars.nasa.gov/mars2020-raw-images/pub/ods/surface/sol/00015/ids/edr/browse/ncam/NRM_0015_0668288016_786ECM_T0030386NCAM02001_12_4I1J01_320.jpg,https://mars.nasa.gov/mars2020-raw-images/pub/ods/surface/sol/00015/ids/edr/browse/ncam/NRM_0015_0668288016_786ECM_T0030386NCAM02001_12_4I1J01.png,https://mars.nasa.gov/mars2020-raw-images/pub/ods/surface/sol/00015/ids/edr/browse/ncam/NRM_0015_0668288016_786ECM_T0030386NCAM02001_12_4I1J01_1200.jpg,UNK,"(0.04663132820924333,0.8478791622729119,0.5281348742630303)","(0.553144,0.547528,-1.90644);(-0.515082,0.697097,0.498761);(-231.354,2.66779,79.4341);(53.1104,-73.1874,160.766);(-0.514967,0.697661,0.498091);(0.0,0.05117,-0.018889);(0.001504,0.020873,-0.009439);2.0;0.0","(0.553144,0.547528,-1.90644)",NAVCAM_RIGHT,CAHVORE
15,"(0.7156,0.0208675,-0.000370714,0.698199)",NRM_0015_0668288016_786ECM_T0030386NCAM02001_10_4I1J,"NASA's Mars Perseverance rover acquired this image using its onboard Right Navigation Camera (Navcam). The camera is located high on the rover's mast and aids in driving. 

This image was acquired on Mar. 6, 2021 (Sol 15) at the local mean solar time of 16:49:29.",Thumbnail,Sol-00015M16:49:29.038,NASA/JPL-Caltech,2021-03-06T09:41:07.000,https://mars.nasa.gov/rss/api/?feed=raw_images&category=mars2020&feedtype=json&id=NRM_0015_0668288016_786ECM_T0030386NCAM02001_10_4I1J,https://mars.nasa.gov/mars2020/multimedia/raw-images/?id=NRM_0015_0668288016_786ECM_T0030386NCAM02001_10_4I1J,386,Mars Perseverance Sol 15: Right Navigation Camera (Navcam),3,2021-03-06T10:13:12Z,126.051,-29.3567,668288017.733,16,"(31.2262,8.12755,0.398731)","(2553,953,1296,976)","(81,61)",https://mars.nasa.gov/mars2020-raw-images/pub/ods/surface/sol/00015/ids/edr/browse/ncam/NRM_0015_0668288016_786ECM_T0030386NCAM02001_10_4I1J01_800.jpg,https://mars.nasa.gov/mars2020-raw-images/pub/ods/surface/sol/00015/ids/edr/browse/ncam/NRM_0015_0668288016_786ECM_T0030386NCAM02001_10_4I1J01_320.jpg,https://mars.nasa.gov/mars2020-raw-images/pub/ods/surface/sol/00015/ids/edr/browse/ncam/NRM_0015_0668288016_786ECM_T0030386NCAM02001_10_4I1J01.png,https://mars.nasa.gov/mars2020-raw-images/pub/ods/surface/sol/00015/ids/edr/browse/ncam/NRM_0015_0668288016_786ECM_T0030386NCAM02001_10_4I1J01_1200.jpg,UNK,"(-0.7107104890159615,0.6166935338800876,0.33849621279001335)","(0.553144,0.547528,-1.90644);(-0.515082,0.697097,0.498761);(-149.199,-108.519,-0.118186);(22.2055,-31.3616,190.692);(-0.514967,0.697661,0.498091);(0.0,0.05117,-0.018889);(0.001504,0.020873,-0.009439);2.0;0.0","(0.553144,0.547528,-1.90644)",NAVCAM_RIGHT,CAHVORE
15,"(0.7156,0.0208675,-0.000370714,0.698199)",NRM_0015_0668288016_786ECM_T0030386NCAM02001_16_4I1J,"NASA's Mars Perseverance rover acquired this image using its onboard Right Navigation Camera (Navcam). The camera is located high on the rover's mast and aids in driving. 

This image was acquired on Mar. 6, 2021 (Sol 15) at the local mean solar time of 16:49:29.",Thumbnail,Sol-00015M16:49:29.038,NASA/JPL-Caltech,2021-03-06T09:41:04.000,https://mars.nasa.gov/rss/api/?feed=raw_images&category=mars2020&feedtype=json&id=NRM_0015_0668288016_786ECM_T0030386NCAM02001_16_4I1J,https://mars.nasa.gov/mars2020/multimedia/raw-images/?id=NRM_0015_0668288016_786ECM_T0030386NCAM02001_16_4I1J,386,Mars Perseverance Sol 15: Right Navigation Camera (Navcam),3,2021-03-06T10:13:12Z,126.051,-29.3567,668288017.733,16,"(31.2262,8.12755,0.398731)","(1,2873,1288,968)","(80,60)",https://mars.nasa.gov/mars2020-raw-images/pub/ods/surface/sol/00015/ids/edr/browse/ncam/NRM_0015_0668288016_786ECM_T0030386NCAM02001_16_4I1J01_800.jpg,https://mars.nasa.gov/mars2020-raw-images/pub/ods/surface/sol/00015/ids/edr/browse/ncam/NRM_0015_0668288016_786ECM_T0030386NCAM02001_16_4I1J01_320.jpg,https://mars.nasa.gov/mars2020-raw-images/pub/ods/surface/sol/00015/ids/edr/browse/ncam/NRM_0015_0668288016_786ECM_T0030386NCAM02001_16_4I1J01.png,https://mars.nasa.gov/mars2020-raw-images/pub/ods/surface/sol/00015/ids/edr/browse/ncam/NRM_0015_0668288016_786ECM_T0030386NCAM02001_16_4I1J01_1200.jpg,UNK,"(0.11738589096787204,0.6918386765179594,0.7124463476470051)","(0.553144,0.547528,-1.90644);(-0.515082,0.697097,0.498761);(-231.354,2.66779,79.4341);(84.0153,-115.013,130.841);(-0.514967,0.697661,0.498091);(0.0,0.05117,-0.018889);(0.001504,0.020873,-0.009439);2.0;0.0","(0.553144,0.547528,-1.90644)",NAVCAM_RIGHT,CAHVORE
15,"(0.7156,0.0208675,-0.000370714,0.698199)",NRF_0015_0668287502_553ECM_N0030386NCAM00305_01_195J,"NASA's Mars Perseverance rover acquired this image using its onboard Right Navigation Camera (Navcam). The camera is located high on the rover's mast and aids in driving. 

This image was acquired on Mar. 6, 2021 (Sol 15) at the local mean solar time of 16:41:08.",Full,Sol-00015M16:41:08.559,NASA/JPL-Caltech,2021-03-06T09:41:03.000,https://mars.nasa.gov/rss/api/?feed=raw_images&category=mars2020&feedtype=json&id=NRF_0015_0668287502_553ECM_N0030386NCAM00305_01_195J,https://mars.nasa.gov/mars2020/multimedia/raw-images/?id=NRF_0015_0668287502_553ECM_N0030386NCAM00305_01_195J,386,Mars Perseverance Sol 15: Right Navigation Camera (Navcam),3,2021-03-06T10:13:12Z,54.1895,-29.6913,668287504.784,2,"(31.2262,8.12755,0.398731)","(1,1905,2576,1936)","(1288,968)",https://mars.nasa.gov/mars2020-raw-images/pub/ods/surface/sol/00015/ids/edr/browse/ncam/NRF_0015_0668287502_553ECM_N0030386NCAM00305_01_195J01_800.jpg,https://mars.nasa.gov/mars2020-raw-images/pub/ods/surface/sol/00015/ids/edr/browse/ncam/NRF_0015_0668287502_553ECM_N0030386NCAM00305_01_195J01_320.jpg,https://mars.nasa.gov/mars2020-raw-images/pub/ods/surface/sol/00015/ids/edr/browse/ncam/NRF_0015_0668287502_553ECM_N0030386NCAM00305_01_195J01.png,https://mars.nasa.gov/mars2020-raw-images/pub/ods/surface/sol/00015/ids/edr/browse/ncam/NRF_0015_0668287502_553ECM_N0030386NCAM00305_01_195J01_1200.jpg,UNK,"(0.6727233662281639,0.28410536650453,0.683174511566389)","(0.715108,0.794934,-1.90547);(0.500389,0.704123,0.503822);(-556.721,1764.41,644.812);(-423.725,-587.602,1285.66);(0.500963,0.704193,0.503154);(0.0,0.05117,-0.018889);(0.001504,0.020873,-0.009439);2.0;0.0","(0.715108,0.794934,-1.90547)",NAVCAM_RIGHT,CAHVORE
15,"(0.7156,0.0208675,-0.000370714,0.698199)",NRF_0015_0668287620_415ECM_N0030386NCAM00305_01_195J,"NASA's Mars Perseverance rover acquired this image using its onboard Right Navigation Camera (Navcam). The camera is located high on the rover's mast and aids in driving. 

This image was acquired on Mar. 6, 2021 (Sol 15) at the local mean solar time of 16:43:03.",Full,Sol-00015M16:43:03.269,NASA/JPL-Caltech,2021-03-06T09:41:03.000,https://mars.nasa.gov/rss/api/?feed=raw_images&category=mars2020&feedtype=json&id=NRF_0015_0668287620_415ECM_N0030386NCAM00305_01_195J,https://mars.nasa.gov/mars2020/multimedia/raw-images/?id=NRF_0015_0668287620_415ECM_N0030386NCAM00305_01_195J,386,Mars Perseverance Sol 15: Right Navigation Camera (Navcam),3,2021-03-06T10:13:12Z,126.188,-29.8948,668287621.391,2,"(31.2262,8.12755,0.398731)","(1,1905,2576,1936)","(1288,968)",https://mars.nasa.gov/mars2020-raw-images/pub/ods/surface/sol/00015/ids/edr/browse/ncam/NRF_0015_0668287620_415ECM_N0030386NCAM00305_01_195J01_800.jpg,https://mars.nasa.gov/mars2020-raw-images/pub/ods/surface/sol/00015/ids/edr/browse/ncam/NRF_0015_0668287620_415ECM_N0030386NCAM00305_01_195J01_320.jpg,https://mars.nasa.gov/mars2020-raw-images/pub/ods/surface/sol/00015/ids/edr/browse/ncam/NRF_0015_0668287620_415ECM_N0030386NCAM00305_01_195J01.png,https://mars.nasa.gov/mars2020-raw-images/pub/ods/surface/sol/00015/ids/edr/browse/ncam/NRF_0015_0668287620_415ECM_N0030386NCAM00305_01_195J01_1200.jpg,UNK,"(-0.060960527151213,0.7253591663505972,0.6856660221424227)","(0.553247,0.546823,-1.90514);(-0.51396,0.692048,0.506883);(-1849.12,14.4632,647.639);(429.568,-589.002,1283.08);(-0.51385,0.692618,0.506217);(0.0,0.05117,-0.018889);(0.001504,0.020873,-0.009439);2.0;0.0","(0.553247,0.546823,-1.90514)",NAVCAM_RIGHT,CAHVORE
15,"(0.7156,0.0208675,-0.000370714,0.698199)",NRF_0015_0668288016_786ECM_N0030386NCAM02001_01_295J,"NASA's Mars Perseverance rover acquired this image using its onboard Right Navigation Camera (Navcam). The camera is located high on the rover's mast and aids in driving. 

This image was acquired on Mar. 6, 2021 (Sol 15) at the local mean solar time of 16:49:29.",Full,Sol-00015M16:49:29.038,NASA/JPL-Caltech,2021-03-06T09:41:03.000,https://mars.nasa.gov/rss/api/?feed=raw_images&category=mars2020&feedtype=json&id=NRF_0015_0668288016_786ECM_N0030386NCAM02001_01_295J,https://mars.nasa.gov/mars2020/multimedia/raw-images/?id=NRF_0015_0668288016_786ECM_N0030386NCAM02001_01_295J,386,Mars Perseverance Sol 15: Right Navigation Camera (Navcam),3,2021-03-06T10:13:12Z,126.051,-29.3567,668288017.733,4,"(31.2262,8.12755,0.398731)","(1,1,5120,3840)","(1280,960)",https://mars.nasa.gov/mars2020-raw-images/pub/ods/surface/sol/00015/ids/edr/browse/ncam/NRF_0015_0668288016_786ECM_N0030386NCAM02001_01_295J01_800.jpg,https://mars.nasa.gov/mars2020-raw-images/pub/ods/surface/sol/00015/ids/edr/browse/ncam/NRF_0015_0668288016_786ECM_N0030386NCAM02001_01_295J01_320.jpg,https://mars.nasa.gov/mars2020-raw-images/pub/ods/surface/sol/00015/ids/edr/browse/ncam/NRF_0015_0668288016_786ECM_N0030386NCAM02001_01_295J01.png,https://mars.nasa.gov/mars2020-raw-images/pub/ods/surface/sol/00015/ids/edr/browse/ncam/NRF_0015_0668288016_786ECM_N0030386NCAM02001_01_295J01_1200.jpg,UNK,"(-0.5132815783745938,0.7040044187383144,0.49083581745652355)","(0.553144,0.547528,-1.90644);(-0.515082,0.697097,0.498761);(-926.19,11.7168,318.485);(-34.5403,41.5083,882.221);(-0.514967,0.697661,0.498091);(0.0,0.05117,-0.018889);(0.001504,0.020873,-0.009439);2.0;0.0","(0.553144,0.547528,-1.90644)",NAVCAM_RIGHT,CAHVORE
15,"(0.7156,0.0208675,-0.000370714,0.698199)",NRF_0015_0668287342_929ECM_N0030386NCAM03001_04_195J,"NASA's Mars Perseverance rover acquired this image using its onboard Right Navigation Camera (Navcam). The camera is located high on the rover's mast and aids in driving. 

This image was acquired on Mar. 6, 2021 (Sol 15) at the local mean solar time of 16:38:33.",Full,Sol-00015M16:38:33.205,NASA/JPL-Caltech,2021-03-06T09:41:02.000,https://mars.nasa.gov/rss/api/?feed=raw_images&category=mars2020&feedtype=json&id=NRF_0015_0668287342_929ECM_N0030386NCAM03001_04_195J,https://mars.nasa.gov/mars2020/multimedia/raw-images/?id=NRF_0015_0668287342_929ECM_N0030386NCAM03001_04_195J,386,Mars Perseverance Sol 15: Right Navigation Camera (Navcam),3,2021-03-06T10:13:12Z,344.774,-28.7231,668287345.135,2,"(31.2262,8.12755,0.398731)","(2545,1,2576,1936)","(1288,968)",https://mars.nasa.gov/mars2020-raw-images/pub/ods/surface/sol/00015/ids/edr/browse/ncam/NRF_0015_0668287342_929ECM_N0030386NCAM03001_04_195J01_800.jpg,https://mars.nasa.gov/mars2020-raw-images/pub/ods/surface/sol/00015/ids/edr/browse/ncam/NRF_0015_0668287342_929ECM_N0030386NCAM03001_04_195J01_320.jpg,https://mars.nasa.gov/mars2020-raw-images/pub/ods/surface/sol/00015/ids/edr/browse/ncam/NRF_0015_0668287342_929ECM_N0030386NCAM03001_04_195J01.png,https://mars.nasa.gov/mars2020-raw-images/pub/ods/surface/sol/00015/ids/edr/browse/ncam/NRF_0015_0668287342_929ECM_N0030386NCAM03001_04_195J01_1200.jpg,UNK,"(0.9761581342382502,0.1282448320660481,0.1751244129436261)","(0.993885,0.726448,-1.90749);(0.843191,-0.223094,0.489156);(392.636,1422.79,6.11015);(124.048,-30.5429,1763.4);(0.843448,-0.223603,0.488481);(0.0,0.05117,-0.018889);(0.001504,0.020873,-0.009439);2.0;0.0","(0.993885,0.726448,-1.90749)",NAVCAM_RIGHT,CAHVORE
15,"(0.7156,0.0208675,-0.000370714,0.698199)",NLF_0015_0668287342_929ECM_N0030386NCAM03001_07_195J,"NASA's Mars Perseverance rover acquired this image using its onboard Left Navigation Camera (Navcam). The camera is located high on the rover's mast and aids in driving. 

This image was acquired on Mar. 6, 2021 (Sol 15) at the local mean solar time of 16:38:33.",Full,Sol-00015M16:38:33.205,NASA/JPL-Caltech,2021-03-06T09:40:57.000,https://mars.nasa.gov/rss/api/?feed=raw_images&category=mars2020&feedtype=json&id=NLF_0015_0668287342_929ECM_N0030386NCAM03001_07_195J,https://mars.nasa.gov/mars2020/multimedia/raw-images/?id=NLF_0015_0668287342_929ECM_N0030386NCAM03001_07_195J,386,Mars Perseverance Sol 15: Left Navigation Camera (Navcam),3,2021-03-06T10:13:12Z,344.393,-28.9253,668287344.362,2,"(31.2262,8.12755,0.398731)","(1,1905,2576,1936)","(1288,968)",https://mars.nasa.gov/mars2020-raw-images/pub/ods/surface/sol/00015/ids/edr/browse/ncam/NLF_0015_0668287342_929ECM_N0030386NCAM03001_07_195J01_800.jpg,https://mars.nasa.gov/mars2020-raw-images/pub/ods/surface/sol/00015/ids/edr/browse/ncam/NLF_0015_0668287342_929ECM_N0030386NCAM03001_07_195J01_320.jpg,https://mars.nasa.gov/mars2020-raw-images/pub/ods/surface/sol/00015/ids/edr/browse/ncam/NLF_0015_0668287342_929ECM_N0030386NCAM03001_07_195J01.png,https://mars.nasa.gov/mars2020-raw-images/pub/ods/surface/sol/00015/ids/edr/browse/ncam/NLF_0015_0668287342_929ECM_N0030386NCAM03001_07_195J01_1200.jpg,UNK,"(0.5100237278485211,-0.5356256384938788,0.6730386113883231)","(0.885732,0.316075,-1.9067);(0.842509,-0.222647,0.490532);(1473.46,1140.7,632.401);(-684.158,185.409,1298.19);(0.842817,-0.221255,0.490633);(2e-06,0.049535,-0.015973);(-0.003612,0.013016,-0.023961);2.0;0.0","(0.885732,0.316075,-1.9067)",NAVCAM_LEFT,CAHVORE
15,"(0.7156,0.0208675,-0.000370714,0.698199)",NLM_0015_0668288016_786ECM_T0030386NCAM02001_16_4I1J,"NASA's Mars Perseverance rover acquired this image using its onboard Left Navigation Camera (Navcam). The camera is located high on the rover's mast and aids in driving. 

This image was acquired on Mar. 6, 2021 (Sol 15) at the local mean solar time of 16:49:29.",Thumbnail,Sol-00015M16:49:29.038,NASA/JPL-Caltech,2021-03-06T09:40:57.000,https://mars.nasa.gov/rss/api/?feed=raw_images&category=mars2020&feedtype=json&id=NLM_0015_0668288016_786ECM_T0030386NCAM02001_16_4I1J,https://mars.nasa.gov/mars2020/multimedia/raw-images/?id=NLM_0015_0668288016_786ECM_T0030386NCAM02001_16_4I1J,386,Mars Perseverance Sol 15: Left Navigation Camera (Navcam),3,2021-03-06T10:13:12Z,125.668,-29.5597,668288017.820,16,"(31.2262,8.12755,0.398731)","(1,2873,1288,968)","(80,60)",https://mars.nasa.gov/mars2020-raw-images/pub/ods/surface/sol/00015/ids/edr/browse/ncam/NLM_0015_0668288016_786ECM_T0030386NCAM02001_16_4I1J01_800.jpg,https://mars.nasa.gov/mars2020-raw-images/pub/ods/surface/sol/00015/ids/edr/browse/ncam/NLM_0015_0668288016_786ECM_T0030386NCAM02001_16_4I1J01_320.jpg,https://mars.nasa.gov/mars2020-raw-images/pub/ods/surface/sol/00015/ids/edr/browse/ncam/NLM_0015_0668288016_786ECM_T0030386NCAM02001_16_4I1J01.png,https://mars.nasa.gov/mars2020-raw-images/pub/ods/surface/sol/00015/ids/edr/browse/ncam/NLM_0015_0668288016_786ECM_T0030386NCAM02001_16_4I1J01_1200.jpg,UNK,"(0.12038436858096395,0.6907405685106887,0.7130112697671005)","(0.894564,0.799584,-1.90465);(-0.514825,0.696307,0.500127);(-232.291,3.1472,79.9534);(84.2553,-115.743,130.807);(-0.515937,0.695414,0.500224);(2e-06,0.049535,-0.015973);(-0.003612,0.013016,-0.023961);2.0;0.0","(0.894564,0.799584,-1.90465)",NAVCAM_LEFT,CAHVORE
15,"(0.7156,0.0208675,-0.000370714,0.698199)",NLE_0015_0668287342_929ECM_N0030386NCAM03001_16_0LLJ,"NASA's Mars Perseverance rover acquired this image using its onboard Left Navigation Camera (Navcam). The camera is located high on the rover's mast and aids in driving. 

This image was acquired on Mar. 6, 2021 (Sol 15) at the local mean solar time of 16:38:33.",Full,Sol-00015M16:38:33.205,NASA/JPL-Caltech,2021-03-06T09:40:55.000,https://mars.nasa.gov/rss/api/?feed=raw_images&category=mars2020&feedtype=json&id=NLE_0015_0668287342_929ECM_N0030386NCAM03001_16_0LLJ,https://mars.nasa.gov/mars2020/multimedia/raw-images/?id=NLE_0015_0668287342_929ECM_N0030386NCAM03001_16_0LLJ,386,Mars Perseverance Sol 15: Left Navigation Camera (Navcam),3,2021-03-06T10:13:12Z,344.393,-28.9253,668287344.362,1,"(31.2262,8.12755,0.398731)","(3833,473,1288,968)","(1288,968)",https://mars.nasa.gov/mars2020-raw-images/pub/ods/surface/sol/00015/ids/edr/browse/ncam/NLE_0015_0668287342_929ECM_N0030386NCAM03001_16_0LLJ01_800.jpg,https://mars.nasa.gov/mars2020-raw-images/pub/ods/surface/sol/00015/ids/edr/browse/ncam/NLE_0015_0668287342_929ECM_N0030386NCAM03001_16_0LLJ01_320.jpg,https://mars.nasa.gov/mars2020-raw-images/pub/ods/surface/sol/00015/ids/edr/browse/ncam/NLE_0015_0668287342_929ECM_N0030386NCAM03001_16_0LLJ01.png,https://mars.nasa.gov/mars2020-raw-images/pub/ods/surface/sol/00015/ids/edr/browse/ncam/NLE_0015_0668287342_929ECM_N0030386NCAM03001_16_0LLJ01_1200.jpg,UNK,"(0.945423745845436,0.2832933942893882,0.1609931475050469)","(0.885732,0.316075,-1.9067);(0.842509,-0.222647,0.490532);(-281.162,3134.48,-614.672);(-161.421,51.8759,3299.08);(0.842817,-0.221255,0.490633);(2e-06,0.049535,-0.015973);(-0.003612,0.013016,-0.023961);2.0;0.0","(0.885732,0.316075,-1.9067)",NAVCAM_LEFT,CAHVORE
15,"(0.7156,0.0208675,-0.000370714,0.698199)",NLF_0015_0668287065_553ECM_N0030386NCAM03001_07_195J,"NASA's Mars Perseverance rover acquired this image using its onboard Left Navigation Camera (Navcam). The camera is located high on the rover's mast and aids in driving. 

This image was acquired on Mar. 6, 2021 (Sol 15) at the local mean solar time of 16:34:03.",Full,Sol-00015M16:34:03.248,NASA/JPL-Caltech,2021-03-06T09:40:54.000,https://mars.nasa.gov/rss/api/?feed=raw_images&category=mars2020&feedtype=json&id=NLF_0015_0668287065_553ECM_N0030386NCAM03001_07_195J,https://mars.nasa.gov/mars2020/multimedia/raw-images/?id=NLF_0015_0668287065_553ECM_N0030386NCAM03001_07_195J,386,Mars Perseverance Sol 15: Left Navigation Camera (Navcam),3,2021-03-06T10:13:12Z,198.587,-32.2608,668287066.176,2,"(31.2262,8.12755,0.398731)","(1,1905,2576,1936)","(1288,968)",https://mars.nasa.gov/mars2020-raw-images/pub/ods/surface/sol/00015/ids/edr/browse/ncam/NLF_0015_0668287065_553ECM_N0030386NCAM03001_07_195J01_800.jpg,https://mars.nasa.gov/mars2020-raw-images/pub/ods/surface/sol/00015/ids/edr/browse/ncam/NLF_0015_0668287065_553ECM_N0030386NCAM03001_07_195J01_320.jpg,https://mars.nasa.gov/mars2020-raw-images/pub/ods/surface/sol/00015/ids/edr/browse/ncam/NLF_0015_0668287065_553ECM_N0030386NCAM03001_07_195J01.png,https://mars.nasa.gov/mars2020-raw-images/pub/ods/surface/sol/00015/ids/edr/browse/ncam/NLF_0015_0668287065_553ECM_N0030386NCAM03001_07_195J01_1200.jpg,UNK,"(-0.6845454781575405,0.1691001706815184,0.7090857639309548)","(0.602362,0.715723,-1.89827);(-0.793553,-0.279754,0.540395);(-541.56,-1759.44,695.179);(740.881,253.857,1254.75);(-0.793021,-0.281077,0.54049);(2e-06,0.049535,-0.015973);(-0.003612,0.013016,-0.023961);2.0;0.0","(0.602362,0.715723,-1.89827)",NAVCAM_LEFT,CAHVORE
15,"(0.7156,0.0208675,-0.000370714,0.698199)",NLF_0015_0668287188_861ECM_N0030386NCAM03001_10_195J,"NASA's Mars Perseverance rover acquired this image using its onboard Left Navigation Camera (Navcam). The camera is located high on the rover's mast and aids in driving. 

This image was acquired on Mar. 6, 2021 (Sol 15) at the local mean solar time of 16:36:03.",Full,Sol-00015M16:36:03.258,NASA/JPL-Caltech,2021-03-06T09:40:54.000,https://mars.nasa.gov/rss/api/?feed=raw_images&category=mars2020&feedtype=json&id=NLF_0015_0668287188_861ECM_N0030386NCAM03001_10_195J,https://mars.nasa.gov/mars2020/multimedia/raw-images/?id=NLF_0015_0668287188_861ECM_N0030386NCAM03001_10_195J,386,Mars Perseverance Sol 15: Left Navigation Camera (Navcam),3,2021-03-06T10:13:12Z,272.073,-31.7234,668287189.480,2,"(31.2262,8.12755,0.398731)","(2545,1905,2576,1936)","(1288,968)",https://mars.nasa.gov/mars2020-raw-images/pub/ods/surface/sol/00015/ids/edr/browse/ncam/NLF_0015_0668287188_861ECM_N0030386NCAM03001_10_195J01_800.jpg,https://mars.nasa.gov/mars2020-raw-images/pub/ods/surface/sol/00015/ids/edr/browse/ncam/NLF_0015_0668287188_861ECM_N0030386NCAM03001_10_195J01_320.jpg,https://mars.nasa.gov/mars2020-raw-images/pub/ods/surface/sol/00015/ids/edr/browse/ncam/NLF_0015_0668287188_861ECM_N0030386NCAM03001_10_195J01.png,https://mars.nasa.gov/mars2020-raw-images/pub/ods/surface/sol/00015/ids/edr/browse/ncam/NLF_0015_0668287188_861ECM_N0030386NCAM03001_10_195J01_1200.jpg,UNK,"(0.4012615673938904,-0.5827245165609204,0.7066974545952744)","(0.597652,0.40925,-1.8999);(0.0428272,-0.845355,0.532499);(1478.63,50.7756,9.79971);(-34.7696,770.595,1262.03);(0.0442463,-0.845221,0.532597);(2e-06,0.049535,-0.015973);(-0.003612,0.013016,-0.023961);2.0;0.0","(0.597652,0.40925,-1.8999)",NAVCAM_LEFT,CAHVORE
15,"(0.7156,0.0208675,-0.000370714,0.698199)",NLF_0015_0668287502_553ECM_N0030386NCAM00305_04_195J,"NASA's Mars Perseverance rover acquired this image using its onboard Left Navigation Camera (Navcam). The camera is located high on the rover's mast and aids in driving. 

This image was acquired on Mar. 6, 2021 (Sol 15) at the local mean solar time of 16:41:08.",Full,Sol-00015M16:41:08.559,NASA/JPL-Caltech,2021-03-06T09:40:54.000,https://mars.nasa.gov/rss/api/?feed=raw_images&category=mars2020&feedtype=json&id=NLF_0015_0668287502_553ECM_N0030386NCAM00305_04_195J,https://mars.nasa.gov/mars2020/multimedia/raw-images/?id=NLF_0015_0668287502_553ECM_N0030386NCAM00305_04_195J,386,Mars Perseverance Sol 15: Left Navigation Camera (Navcam),3,2021-03-06T10:13:12Z,53.8053,-29.8941,668287504.809,2,"(31.2262,8.12755,0.398731)","(2545,1905,2576,1936)","(1288,968)",https://mars.nasa.gov/mars2020-raw-images/pub/ods/surface/sol/00015/ids/edr/browse/ncam/NLF_0015_0668287502_553ECM_N0030386NCAM00305_04_195J01_800.jpg,https://mars.nasa.gov/mars2020-raw-images/pub/ods/surface/sol/00015/ids/edr/browse/ncam/NLF_0015_0668287502_553ECM_N0030386NCAM00305_04_195J01_320.jpg,https://mars.nasa.gov/mars2020-raw-images/pub/ods/surface/sol/00015/ids/edr/browse/ncam/NLF_0015_0668287502_553ECM_N0030386NCAM00305_04_195J01.png,https://mars.nasa.gov/mars2020-raw-images/pub/ods/surface/sol/00015/ids/edr/browse/ncam/NLF_0015_0668287502_553ECM_N0030386NCAM00305_04_195J01_1200.jpg,UNK,"(0.05870195526378697,0.7248123215357375,0.6864409508458706)","(1.06103,0.549091,-1.90398);(0.499715,0.703626,0.505184);(-1191.06,877.694,6.42296);(-429.001,-591.486,1286.02);(0.49852,0.704403,0.505282);(2e-06,0.049535,-0.015973);(-0.003612,0.013016,-0.023961);2.0;0.0","(1.06103,0.549091,-1.90398)",NAVCAM_LEFT,CAHVORE
15,"(0.7156,0.0208675,-0.000370714,0.698199)",NRF_0015_0668287502_553ECM_N0030386NCAM00305_04_195J,"NASA's Mars Perseverance rover acquired this image using its onboard Right Navigation Camera (Navcam). The camera is located high on the rover's mast and aids in driving. 

This image was acquired on Mar. 6, 2021 (Sol 15) at the local mean solar time of 16:41:08.",Full,Sol-00015M16:41:08.559,NASA/JPL-Caltech,2021-03-06T09:40:54.000,https://mars.nasa.gov/rss/api/?feed=raw_images&category=mars2020&feedtype=json&id=NRF_0015_0668287502_553ECM_N0030386NCAM00305_04_195J,https://mars.nasa.gov/mars2020/multimedia/raw-images/?id=NRF_0015_0668287502_553ECM_N0030386NCAM00305_04_195J,386,Mars Perseverance Sol 15: Right Navigation Camera (Navcam),3,2021-03-06T10:13:12Z,54.1895,-29.6913,668287504.784,2,"(31.2262,8.12755,0.398731)","(2545,1905,2576,1936)","(1288,968)",https://mars.nasa.gov/mars2020-raw-images/pub/ods/surface/sol/00015/ids/edr/browse/ncam/NRF_0015_0668287502_553ECM_N0030386NCAM00305_04_195J01_800.jpg,https://mars.nasa.gov/mars2020-raw-images/pub/ods/surface/sol/00015/ids/edr/browse/ncam/NRF_0015_0668287502_553ECM_N0030386NCAM00305_04_195J01_320.jpg,https://mars.nasa.gov/mars2020-raw-images/pub/ods/surface/sol/00015/ids/edr/browse/ncam/NRF_0015_0668287502_553ECM_N0030386NCAM00305_04_195J01.png,https://mars.nasa.gov/mars2020-raw-images/pub/ods/surface/sol/00015/ids/edr/browse/ncam/NRF_0015_0668287502_553ECM_N0030386NCAM00305_04_195J01_1200.jpg,UNK,"(0.05486629557828154,0.7277746131722101,0.6836181697640553)","(0.715108,0.794934,-1.90547);(0.500389,0.704123,0.503822);(-1193.22,868.77,3.95013);(-423.725,-587.602,1285.66);(0.500963,0.704193,0.503154);(0.0,0.05117,-0.018889);(0.001504,0.020873,-0.009439);2.0;0.0","(0.715108,0.794934,-1.90547)",NAVCAM_RIGHT,CAHVORE
15,"(0.7156,0.0208675,-0.000370714,0.698199)",NRF_0015_0668287188_861ECM_N0030386NCAM03001_04_195J,"NASA's Mars Perseverance rover acquired this image using its onboard Right Navigation Camera (Navcam). The camera is located high on the rover's mast and aids in driving. 

This image was acquired on Mar. 6, 2021 (Sol 15) at the local mean solar time of 16:36:03.",Full,Sol-00015M16:36:03.258,NASA/JPL-Caltech,2021-03-06T09:40:51.000,https://mars.nasa.gov/rss/api/?feed=raw_images&category=mars2020&feedtype=json&id=NRF_0015_0668287188_861ECM_N0030386NCAM03001_04_195J,https://mars.nasa.gov/mars2020/multimedia/raw-images/?id=NRF_0015_0668287188_861ECM_N0030386NCAM03001_04_195J,386,Mars Perseverance Sol 15: Right Navigation Camera (Navcam),3,2021-03-06T10:13:12Z,272.466,-31.5215,668287189.547,2,"(31.2262,8.12755,0.398731)","(2545,1,2576,1936)","(1288,968)",https://mars.nasa.gov/mars2020-raw-images/pub/ods/surface/sol/00015/ids/edr/browse/ncam/NRF_0015_0668287188_861ECM_N0030386NCAM03001_04_195J01_800.jpg,https://mars.nasa.gov/mars2020-raw-images/pub/ods/surface/sol/00015/ids/edr/browse/ncam/NRF_0015_0668287188_861ECM_N0030386NCAM03001_04_195J01_320.jpg,https://mars.nasa.gov/mars2020-raw-images/pub/ods/surface/sol/00015/ids/edr/browse/ncam/NRF_0015_0668287188_861ECM_N0030386NCAM03001_04_195J01.png,https://mars.nasa.gov/mars2020-raw-images/pub/ods/surface/sol/00015/ids/edr/browse/ncam/NRF_0015_0668287188_861ECM_N0030386NCAM03001_04_195J01_1200.jpg,UNK,"(0.4185563048152961,-0.8812809824352204,0.21944122150903636)","(1.02148,0.430998,-1.90065);(0.0426116,-0.846207,0.531163);(1474.79,59.0268,7.04998);(4.06972,-41.3213,1767.53);(0.0422071,-0.846639,0.530507);(0.0,0.05117,-0.018889);(0.001504,0.020873,-0.009439);2.0;0.0","(1.02148,0.430998,-1.90065)",NAVCAM_RIGHT,CAHVORE
15,"(0.7156,0.0208675,-0.000370714,0.698199)",NRM_0015_0668288016_786ECM_T0030386NCAM02001_17_4I1J,"NASA's Mars Perseverance rover acquired this image using its onboard Right Navigation Camera (Navcam). The camera is located high on the rover's mast and aids in driving. 

This image was acquired on Mar. 6, 2021 (Sol 15) at the local mean solar time of 16:49:29.",Thumbnail,Sol-00015M16:49:29.038,NASA/JPL-Caltech,2021-03-06T09:40:47.000,https://mars.nasa.gov/rss/api/?feed=raw_images&category=mars2020&feedtype=json&id=NRM_0015_0668288016_786ECM_T0030386NCAM02001_17_4I1J,https://mars.nasa.gov/mars2020/multimedia/raw-images/?id=NRM_0015_0668288016_786ECM_T0030386NCAM02001_17_4I1J,386,Mars Perseverance Sol 15: Right Navigation Camera (Navcam),3,2021-03-06T10:13:12Z,126.051,-29.3567,668288017.733,16,"(31.2262,8.12755,0.398731)","(1273,2873,1296,968)","(81,60)",https://mars.nasa.gov/mars2020-raw-images/pub/ods/surface/sol/00015/ids/edr/browse/ncam/NRM_0015_0668288016_786ECM_T0030386NCAM02001_17_4I1J01_800.jpg,https://mars.nasa.gov/mars2020-raw-images/pub/ods/surface/sol/00015/ids/edr/browse/ncam/NRM_0015_0668288016_786ECM_T0030386NCAM02001_17_4I1J01_320.jpg,https://mars.nasa.gov/mars2020-raw-images/pub/ods/surface/sol/00015/ids/edr/browse/ncam/NRM_0015_0668288016_786ECM_T0030386NCAM02001_17_4I1J01.png,https://mars.nasa.gov/mars2020-raw-images/pub/ods/surface/sol/00015/ids/edr/browse/ncam/NRM_0015_0668288016_786ECM_T0030386NCAM02001_17_4I1J01_1200.jpg,UNK,"(-0.17437465558678014,0.5607839046430413,0.809391680079735)","(0.553144,0.547528,-1.90644);(-0.515082,0.697097,0.498761);(-190.405,-52.7514,39.7827);(84.0153,-115.013,130.841);(-0.514967,0.697661,0.498091);(0.0,0.05117,-0.018889);(0.001504,0.020873,-0.009439);2.0;0.0","(0.553144,0.547528,-1.90644)",NAVCAM_RIGHT,CAHVORE
15,"(0.7156,0.0208675,-0.000370714,0.698199)",NLM_0015_0668288016_786ECM_T0030386NCAM02001_11_4I1J,"NASA's Mars Perseverance rover acquired this image using its onboard Left Navigation Camera (Navcam). The camera is located high on the rover's mast and aids in driving. 

This image was acquired on Mar. 6, 2021 (Sol 15) at the local mean solar time of 16:49:29.",Thumbnail,Sol-00015M16:49:29.038,NASA/JPL-Caltech,2021-03-06T09:40:36.000,https://mars.nasa.gov/rss/api/?feed=raw_images&category=mars2020&feedtype=json&id=NLM_0015_0668288016_786ECM_T0030386NCAM02001_11_4I1J,https://mars.nasa.gov/mars2020/multimedia/raw-images/?id=NLM_0015_0668288016_786ECM_T0030386NCAM02001_11_4I1J,386,Mars Perseverance Sol 15: Left Navigation Camera (Navcam),3,2021-03-06T10:13:12Z,125.668,-29.5597,668288017.820,16,"(31.2262,8.12755,0.398731)","(3833,953,1288,976)","(80,61)",https://mars.nasa.gov/mars2020-raw-images/pub/ods/surface/sol/00015/ids/edr/browse/ncam/NLM_0015_0668288016_786ECM_T0030386NCAM02001_11_4I1J01_800.jpg,https://mars.nasa.gov/mars2020-raw-images/pub/ods/surface/sol/00015/ids/edr/browse/ncam/NLM_0015_0668288016_786ECM_T0030386NCAM02001_11_4I1J01_320.jpg,https://mars.nasa.gov/mars2020-raw-images/pub/ods/surface/sol/00015/ids/edr/browse/ncam/NLM_0015_0668288016_786ECM_T0030386NCAM02001_11_4I1J01.png,https://mars.nasa.gov/mars2020-raw-images/pub/ods/surface/sol/00015/ids/edr/browse/ncam/NLM_0015_0668288016_786ECM_T0030386NCAM02001_11_4I1J01_1200.jpg,UNK,"(-0.8998106100581369,0.322518778196469,0.2938069157413763)","(0.894564,0.799584,-1.90465);(-0.514825,0.696307,0.500127);(-108.99,-163.618,-39.8271);(22.4763,-32.186,190.823);(-0.515937,0.695414,0.500224);(2e-06,0.049535,-0.015973);(-0.003612,0.013016,-0.023961);2.0;0.0","(0.894564,0.799584,-1.90465)",NAVCAM_LEFT,CAHVORE
15,"(0.7156,0.0208675,-0.000370714,0.698199)",NRF_0015_0668287342_929ECM_N0030386NCAM03001_10_195J,"NASA's Mars Perseverance rover acquired this image using its onboard Right Navigation Camera (Navcam). The camera is located high on the rover's mast and aids in driving. 

This image was acquired on Mar. 6, 2021 (Sol 15) at the local mean solar time of 16:38:33.",Full,Sol-00015M16:38:33.205,NASA/JPL-Caltech,2021-03-06T09:40:35.000,https://mars.nasa.gov/rss/api/?feed=raw_images&category=mars2020&feedtype=json&id=NRF_0015_0668287342_929ECM_N0030386NCAM03001_10_195J,https://mars.nasa.gov/mars2020/multimedia/raw-images/?id=NRF_0015_0668287342_929ECM_N0030386NCAM03001_10_195J,386,Mars Perseverance Sol 15: Right Navigation Camera (Navcam),3,2021-03-06T10:13:12Z,344.774,-28.7231,668287345.135,2,"(31.2262,8.12755,0.398731)","(2545,1905,2576,1936)","(1288,968)",https://mars.nasa.gov/mars2020-raw-images/pub/ods/surface/sol/00015/ids/edr/browse/ncam/NRF_0015_0668287342_929ECM_N0030386NCAM03001_10_195J01_800.jpg,https://mars.nasa.gov/mars2020-raw-images/pub/ods/surface/sol/00015/ids/edr/browse/ncam/NRF_0015_0668287342_929ECM_N0030386NCAM03001_10_195J01_320.jpg,https://mars.nasa.gov/mars2020-raw-images/pub/ods/surface/sol/00015/ids/edr/browse/ncam/NRF_0015_0668287342_929ECM_N0030386NCAM03001_10_195J01.png,https://mars.nasa.gov/mars2020-raw-images/pub/ods/surface/sol/00015/ids/edr/browse/ncam/NRF_0015_0668287342_929ECM_N0030386NCAM03001_10_195J01_1200.jpg,UNK,"(0.7112226519737987,0.20110783825149073,0.6735859089330544)","(0.993885,0.726448,-1.90749);(0.843191,-0.223094,0.489156);(392.636,1422.79,6.11015);(-678.67,181.843,1297.72);(0.843448,-0.223603,0.488481);(0.0,0.05117,-0.018889);(0.001504,0.020873,-0.009439);2.0;0.0","(0.993885,0.726448,-1.90749)",NAVCAM_RIGHT,CAHVORE
15,"(0.7156,0.0208675,-0.000370714,0.698199)",NRF_0015_0668287694_287ECM_N0030386NCAM02001_01_295J,"NASA's Mars Perseverance rover acquired this image using its onboard Right Navigation Camera (Navcam). The camera is located high on the rover's mast and aids in driving. 

This image was acquired on Mar. 6, 2021 (Sol 15) at the local mean solar time of 16:44:15.",Full,Sol-00015M16:44:15.166,NASA/JPL-Caltech,2021-03-06T09:40:35.000,https://mars.nasa.gov/rss/api/?feed=raw_images&category=mars2020&feedtype=json&id=NRF_0015_0668287694_287ECM_N0030386NCAM02001_01_295J,https://mars.nasa.gov/mars2020/multimedia/raw-images/?id=NRF_0015_0668287694_287ECM_N0030386NCAM02001_01_295J,386,Mars Perseverance Sol 15: Right Navigation Camera (Navcam),3,2021-03-06T10:13:12Z,55.548,-27.7582,668287696.570,4,"(31.2262,8.12755,0.398731)","(1,1,5120,3840)","(1280,960)",https://mars.nasa.gov/mars2020-raw-images/pub/ods/surface/sol/00015/ids/edr/browse/ncam/NRF_0015_0668287694_287ECM_N0030386NCAM02001_01_295J01_800.jpg,https://mars.nasa.gov/mars2020-raw-images/pub/ods/surface/sol/00015/ids/edr/browse/ncam/NRF_0015_0668287694_287ECM_N0030386NCAM02001_01_295J01_320.jpg,https://mars.nasa.gov/mars2020-raw-images/pub/ods/surface/sol/00015/ids/edr/browse/ncam/NRF_0015_0668287694_287ECM_N0030386NCAM02001_01_295J01.png,https://mars.nasa.gov/mars2020-raw-images/pub/ods/surface/sol/00015/ids/edr/browse/ncam/NRF_0015_0668287694_287ECM_N0030386NCAM02001_01_295J01_1200.jpg,UNK,"(0.49987440762171553,0.7298309504982691,0.466339318843728)","(0.709776,0.793055,-1.91017);(0.492893,0.729401,0.474391);(-293.324,883.92,303.388);(41.9739,66.3722,880.377);(0.493452,0.729465,0.47371);(0.0,0.05117,-0.018889);(0.001504,0.020873,-0.009439);2.0;0.0","(0.709776,0.793055,-1.91017)",NAVCAM_RIGHT,CAHVORE
15,"(0.7156,0.0208675,-0.000370714,0.698199)",NLF_0015_0668287188_861ECM_N0030386NCAM03001_04_195J,"NASA's Mars Perseverance rover acquired this image using its onboard Left Navigation Camera (Navcam). The camera is located high on the rover's mast and aids in driving. 

This image was acquired on Mar. 6, 2021 (Sol 15) at the local mean solar time of 16:36:03.",Full,Sol-00015M16:36:03.258,NASA/JPL-Caltech,2021-03-06T09:40:34.000,https://mars.nasa.gov/rss/api/?feed=raw_images&category=mars2020&feedtype=json&id=NLF_0015_0668287188_861ECM_N0030386NCAM03001_04_195J,https://mars.nasa.gov/mars2020/multimedia/raw-images/?id=NLF_0015_0668287188_861ECM_N0030386NCAM03001_04_195J,386,Mars Perseverance Sol 15: Left Navigation Camera (Navcam),3,2021-03-06T10:13:12Z,272.073,-31.7234,668287189.480,2,"(31.2262,8.12755,0.398731)","(2545,1,2576,1936)","(1288,968)",https://mars.nasa.gov/mars2020-raw-images/pub/ods/surface/sol/00015/ids/edr/browse/ncam/NLF_0015_0668287188_861ECM_N0030386NCAM03001_04_195J01_800.jpg,https://mars.nasa.gov/mars2020-raw-images/pub/ods/surface/sol/00015/ids/edr/browse/ncam/NLF_0015_0668287188_861ECM_N0030386NCAM03001_04_195J01_320.jpg,https://mars.nasa.gov/mars2020-raw-images/pub/ods/surface/sol/00015/ids/edr/browse/ncam/NLF_0015_0668287188_861ECM_N0030386NCAM03001_04_195J01.png,https://mars.nasa.gov/mars2020-raw-images/pub/ods/surface/sol/00015/ids/edr/browse/ncam/NLF_0015_0668287188_861ECM_N0030386NCAM03001_04_195J01_1200.jpg,UNK,"(0.4133299015308305,-0.8828336583098417,0.223076498663072)","(0.597652,0.40925,-1.8999);(0.0428272,-0.845355,0.532499);(1478.63,50.7756,9.79971);(6.00193,-34.1827,1768.97);(0.0442463,-0.845221,0.532597);(2e-06,0.049535,-0.015973);(-0.003612,0.013016,-0.023961);2.0;0.0","(0.597652,0.40925,-1.8999)",NAVCAM_LEFT,CAHVORE
15,"(0.7156,0.0208675,-0.000370714,0.698199)",NRM_0015_0668288016_786ECM_T0030386NCAM02001_18_4I1J,"NASA's Mars Perseverance rover acquired this image using its onboard Right Navigation Camera (Navcam). The camera is located high on the rover's mast and aids in driving. 

This image was acquired on Mar. 6, 2021 (Sol 15) at the local mean solar time of 16:49:29.",Thumbnail,Sol-00015M16:49:29.038,NASA/JPL-Caltech,2021-03-06T09:40:32.000,https://mars.nasa.gov/rss/api/?feed=raw_images&category=mars2020&feedtype=json&id=NRM_0015_0668288016_786ECM_T0030386NCAM02001_18_4I1J,https://mars.nasa.gov/mars2020/multimedia/raw-images/?id=NRM_0015_0668288016_786ECM_T0030386NCAM02001_18_4I1J,386,Mars Perseverance Sol 15: Right Navigation Camera (Navcam),3,2021-03-06T10:13:12Z,126.051,-29.3567,668288017.733,16,"(31.2262,8.12755,0.398731)","(2553,2873,1296,968)","(81,60)",https://mars.nasa.gov/mars2020-raw-images/pub/ods/surface/sol/00015/ids/edr/browse/ncam/NRM_0015_0668288016_786ECM_T0030386NCAM02001_18_4I1J01_800.jpg,https://mars.nasa.gov/mars2020-raw-images/pub/ods/surface/sol/00015/ids/edr/browse/ncam/NRM_0015_0668288016_786ECM_T0030386NCAM02001_18_4I1J01_320.jpg,https://mars.nasa.gov/mars2020-raw-images/pub/ods/surface/sol/00015/ids/edr/browse/ncam/NRM_0015_0668288016_786ECM_T0030386NCAM02001_18_4I1J01.png,https://mars.nasa.gov/mars2020-raw-images/pub/ods/surface/sol/00015/ids/edr/browse/ncam/NRM_0015_0668288016_786ECM_T0030386NCAM02001_18_4I1J01_1200.jpg,UNK,"(-0.4838682248081497,0.3339111922775837,0.8089343957903957)","(0.553144,0.547528,-1.90644);(-0.515082,0.697097,0.498761);(-149.199,-108.519,-0.118186);(84.0153,-115.013,130.841);(-0.514967,0.697661,0.498091);(0.0,0.05117,-0.018889);(0.001504,0.020873,-0.009439);2.0;0.0","(0.553144,0.547528,-1.90644)",NAVCAM_RIGHT,CAHVORE
15,"(0.7156,0.0208675,-0.000370714,0.698199)",NLF_0015_0668287065_553ECM_N0030386NCAM03001_04_195J,"NASA's Mars Perseverance rover acquired this image using its onboard Left Navigation Camera (Navcam). The camera is located high on the rover's mast and aids in driving. 

This image was acquired on Mar. 6, 2021 (Sol 15) at the local mean solar time of 16:34:03.",Full,Sol-00015M16:34:03.248,NASA/JPL-Caltech,2021-03-06T09:40:29.000,https://mars.nasa.gov/rss/api/?feed=raw_images&category=mars2020&feedtype=json&id=NLF_0015_0668287065_553ECM_N0030386NCAM03001_04_195J,https://mars.nasa.gov/mars2020/multimedia/raw-images/?id=NLF_0015_0668287065_553ECM_N0030386NCAM03001_04_195J,386,Mars Perseverance Sol 15: Left Navigation Camera (Navcam),3,2021-03-06T10:13:12Z,198.587,-32.2608,668287066.176,2,"(31.2262,8.12755,0.398731)","(2545,1,2576,1936)","(1288,968)",https://mars.nasa.gov/mars2020-raw-images/pub/ods/surface/sol/00015/ids/edr/browse/ncam/NLF_0015_0668287065_553ECM_N0030386NCAM03001_04_195J01_800.jpg,https://mars.nasa.gov/mars2020-raw-images/pub/ods/surface/sol/00015/ids/edr/browse/ncam/NLF_0015_0668287065_553ECM_N0030386NCAM03001_04_195J01_320.jpg,https://mars.nasa.gov/mars2020-raw-images/pub/ods/surface/sol/00015/ids/edr/browse/ncam/NLF_0015_0668287065_553ECM_N0030386NCAM03001_04_195J01.png,https://mars.nasa.gov/mars2020-raw-images/pub/ods/surface/sol/00015/ids/edr/browse/ncam/NLF_0015_0668287065_553ECM_N0030386NCAM03001_04_195J01_1200.jpg,UNK,"(-0.7273758516105168,-0.6462069478691805,0.2309565998612594)","(0.602362,0.715723,-1.89827);(-0.793553,-0.279754,0.540395);(467.839,-1403.6,7.79657);(-14.5808,-12.4694,1769.21);(-0.793021,-0.281077,0.54049);(2e-06,0.049535,-0.015973);(-0.003612,0.013016,-0.023961);2.0;0.0","(0.602362,0.715723,-1.89827)",NAVCAM_LEFT,CAHVORE
15,"(0.7156,0.0208675,-0.000370714,0.698199)",NLM_0015_0668288016_786ECM_T0030386NCAM02001_15_4I1J,"NASA's Mars Perseverance rover acquired this image using its onboard Left Navigation Camera (Navcam). The camera is located high on the rover's mast and aids in driving. 

This image was acquired on Mar. 6, 2021 (Sol 15) at the local mean solar time of 16:49:29.",Thumbnail,Sol-00015M16:49:29.038,NASA/JPL-Caltech,2021-03-06T09:40:24.000,https://mars.nasa.gov/rss/api/?feed=raw_images&category=mars2020&feedtype=json&id=NLM_0015_0668288016_786ECM_T0030386NCAM02001_15_4I1J,https://mars.nasa.gov/mars2020/multimedia/raw-images/?id=NLM_0015_0668288016_786ECM_T0030386NCAM02001_15_4I1J,386,Mars Perseverance Sol 15: Left Navigation Camera (Navcam),3,2021-03-06T10:13:12Z,125.668,-29.5597,668288017.820,16,"(31.2262,8.12755,0.398731)","(3833,1913,1288,976)","(80,61)",https://mars.nasa.gov/mars2020-raw-images/pub/ods/surface/sol/00015/ids/edr/browse/ncam/NLM_0015_0668288016_786ECM_T0030386NCAM02001_15_4I1J01_800.jpg,https://mars.nasa.gov/mars2020-raw-images/pub/ods/surface/sol/00015/ids/edr/browse/ncam/NLM_0015_0668288016_786ECM_T0030386NCAM02001_15_4I1J01_320.jpg,https://mars.nasa.gov/mars2020-raw-images/pub/ods/surface/sol/00015/ids/edr/browse/ncam/NLM_0015_0668288016_786ECM_T0030386NCAM02001_15_4I1J01.png,https://mars.nasa.gov/mars2020-raw-images/pub/ods/surface/sol/00015/ids/edr/browse/ncam/NLM_0015_0668288016_786ECM_T0030386NCAM02001_15_4I1J01_1200.jpg,UNK,"(-0.821486948166508,0.21285981463840756,0.5290084057027638)","(0.894564,0.799584,-1.90465);(-0.514825,0.696307,0.500127);(-108.99,-163.618,-39.8271);(53.3658,-73.9644,160.815);(-0.515937,0.695414,0.500224);(2e-06,0.049535,-0.015973);(-0.003612,0.013016,-0.023961);2.0;0.0","(0.894564,0.799584,-1.90465)",NAVCAM_LEFT,CAHVORE
15,"(0.7156,0.0208675,-0.000370714,0.698199)",NLF_0015_0668287188_861ECM_N0030386NCAM03001_01_195J,"NASA's Mars Perseverance rover acquired this image using its onboard Left Navigation Camera (Navcam). The camera is located high on the rover's mast and aids in driving. 

This image was acquired on Mar. 6, 2021 (Sol 15) at the local mean solar time of 16:36:03.",Full,Sol-00015M16:36:03.258,NASA/JPL-Caltech,2021-03-06T09:40:23.000,https://mars.nasa.gov/rss/api/?feed=raw_images&category=mars2020&feedtype=json&id=NLF_0015_0668287188_861ECM_N0030386NCAM03001_01_195J,https://mars.nasa.gov/mars2020/multimedia/raw-images/?id=NLF_0015_0668287188_861ECM_N0030386NCAM03001_01_195J,386,Mars Perseverance Sol 15: Left Navigation Camera (Navcam),3,2021-03-06T10:13:12Z,272.073,-31.7234,668287189.480,2,"(31.2262,8.12755,0.398731)","(1,1,2576,1936)","(1288,968)",https://mars.nasa.gov/mars2020-raw-images/pub/ods/surface/sol/00015/ids/edr/browse/ncam/NLF_0015_0668287188_861ECM_N0030386NCAM03001_01_195J01_800.jpg,https://mars.nasa.gov/mars2020-raw-images/pub/ods/surface/sol/00015/ids/edr/browse/ncam/NLF_0015_0668287188_861ECM_N0030386NCAM03001_01_195J01_320.jpg,https://mars.nasa.gov/mars2020-raw-images/pub/ods/surface/sol/00015/ids/edr/browse/ncam/NLF_0015_0668287188_861ECM_N0030386NCAM03001_01_195J01.png,https://mars.nasa.gov/mars2020-raw-images/pub/ods/surface/sol/00015/ids/edr/browse/ncam/NLF_0015_0668287188_861ECM_N0030386NCAM03001_01_195J01_1200.jpg,UNK,"(-0.34210302707495127,-0.9127822325889215,0.2231459494056284)","(0.597652,0.40925,-1.8999);(0.0428272,-0.845355,0.532499);(1533.11,-1024.52,687.139);(6.00193,-34.1827,1768.97);(0.0442463,-0.845221,0.532597);(2e-06,0.049535,-0.015973);(-0.003612,0.013016,-0.023961);2.0;0.0","(0.597652,0.40925,-1.8999)",NAVCAM_LEFT,CAHVORE
15,"(0.7156,0.0208675,-0.000370714,0.698199)",NLF_0015_0668287188_861ECM_N0030386NCAM03001_13_295J,"NASA's Mars Perseverance rover acquired this image using its onboard Left Navigation Camera (Navcam). The camera is located high on the rover's mast and aids in driving. 

This image was acquired on Mar. 6, 2021 (Sol 15) at the local mean solar time of 16:36:03.",Full,Sol-00015M16:36:03.258,NASA/JPL-Caltech,2021-03-06T09:40:22.000,https://mars.nasa.gov/rss/api/?feed=raw_images&category=mars2020&feedtype=json&id=NLF_0015_0668287188_861ECM_N0030386NCAM03001_13_295J,https://mars.nasa.gov/mars2020/multimedia/raw-images/?id=NLF_0015_0668287188_861ECM_N0030386NCAM03001_13_295J,386,Mars Perseverance Sol 15: Left Navigation Camera (Navcam),3,2021-03-06T10:13:12Z,272.073,-31.7234,668287189.480,4,"(31.2262,8.12755,0.398731)","(1,1,5120,3840)","(1280,960)",https://mars.nasa.gov/mars2020-raw-images/pub/ods/surface/sol/00015/ids/edr/browse/ncam/NLF_0015_0668287188_861ECM_N0030386NCAM03001_13_295J01_800.jpg,https://mars.nasa.gov/mars2020-raw-images/pub/ods/surface/sol/00015/ids/edr/browse/ncam/NLF_0015_0668287188_861ECM_N0030386NCAM03001_13_295J01_320.jpg,https://mars.nasa.gov/mars2020-raw-images/pub/ods/surface/sol/00015/ids/edr/browse/ncam/NLF_0015_0668287188_861ECM_N0030386NCAM03001_13_295J01.png,https://mars.nasa.gov/mars2020-raw-images/pub/ods/surface/sol/00015/ids/edr/browse/ncam/NLF_0015_0668287188_861ECM_N0030386NCAM03001_13_295J01_1200.jpg,UNK,"(0.03143587616078408,-0.8496561769024271,0.5263992465244939)","(0.597652,0.40925,-1.8999);(0.0428272,-0.845355,0.532499);(766.542,-512.047,343.436);(2.99026,-16.88,884.353);(0.0442463,-0.845221,0.532597);(2e-06,0.049535,-0.015973);(-0.003612,0.013016,-0.023961);2.0;0.0","(0.597652,0.40925,-1.8999)",NAVCAM_LEFT,CAHVORE
15,"(0.7156,0.0208675,-0.000370714,0.698199)",NLM_0015_0668288016_786ECM_T0030386NCAM02001_18_4I1J,"NASA's Mars Perseverance rover acquired this image using its onboard Left Navigation Camera (Navcam). The camera is located high on the rover's mast and aids in driving. 

This image was acquired on Mar. 6, 2021 (Sol 15) at the local mean solar time of 16:49:29.",Thumbnail,Sol-00015M16:49:29.038,NASA/JPL-Caltech,2021-03-06T09:40:20.000,https://mars.nasa.gov/rss/api/?feed=raw_images&category=mars2020&feedtype=json&id=NLM_0015_0668288016_786ECM_T0030386NCAM02001_18_4I1J,https://mars.nasa.gov/mars2020/multimedia/raw-images/?id=NLM_0015_0668288016_786ECM_T0030386NCAM02001_18_4I1J,386,Mars Perseverance Sol 15: Left Navigation Camera (Navcam),3,2021-03-06T10:13:12Z,125.668,-29.5597,668288017.820,16,"(31.2262,8.12755,0.398731)","(2553,2873,1296,968)","(81,60)",https://mars.nasa.gov/mars2020-raw-images/pub/ods/surface/sol/00015/ids/edr/browse/ncam/NLM_0015_0668288016_786ECM_T0030386NCAM02001_18_4I1J01_800.jpg,https://mars.nasa.gov/mars2020-raw-images/pub/ods/surface/sol/00015/ids/edr/browse/ncam/NLM_0015_0668288016_786ECM_T0030386NCAM02001_18_4I1J01_320.jpg,https://mars.nasa.gov/mars2020-raw-images/pub/ods/surface/sol/00015/ids/edr/browse/ncam/NLM_0015_0668288016_786ECM_T0030386NCAM02001_18_4I1J01.png,https://mars.nasa.gov/mars2020-raw-images/pub/ods/surface/sol/00015/ids/edr/browse/ncam/NLM_0015_0668288016_786ECM_T0030386NCAM02001_18_4I1J01_1200.jpg,UNK,"(-0.47932293276798177,0.33584653787187246,0.8108369929413543)","(0.894564,0.799584,-1.90465);(-0.514825,0.696307,0.500127);(-150.176,-107.914,0.183096);(84.2553,-115.743,130.807);(-0.515937,0.695414,0.500224);(2e-06,0.049535,-0.015973);(-0.003612,0.013016,-0.023961);2.0;0.0","(0.894564,0.799584,-1.90465)",NAVCAM_LEFT,CAHVORE
15,"(0.7156,0.0208675,-0.000370714,0.698199)",NLM_0015_0668288016_786ECM_T0030386NCAM02001_05_4I1J,"NASA's Mars Perseverance rover acquired this image using its onboard Left Navigation Camera (Navcam). The camera is located high on the rover's mast and aids in driving. 

This image was acquired on Mar. 6, 2021 (Sol 15) at the local mean solar time of 16:49:29.",Thumbnail,Sol-00015M16:49:29.038,NASA/JPL-Caltech,2021-03-06T09:40:18.000,https://mars.nasa.gov/rss/api/?feed=raw_images&category=mars2020&feedtype=json&id=NLM_0015_0668288016_786ECM_T0030386NCAM02001_05_4I1J,https://mars.nasa.gov/mars2020/multimedia/raw-images/?id=NLM_0015_0668288016_786ECM_T0030386NCAM02001_05_4I1J,386,Mars Perseverance Sol 15: Left Navigation Camera (Navcam),3,2021-03-06T10:13:12Z,125.668,-29.5597,668288017.820,16,"(31.2262,8.12755,0.398731)","(1273,1,1296,968)","(81,60)",https://mars.nasa.gov/mars2020-raw-images/pub/ods/surface/sol/00015/ids/edr/browse/ncam/NLM_0015_0668288016_786ECM_T0030386NCAM02001_05_4I1J01_800.jpg,https://mars.nasa.gov/mars2020-raw-images/pub/ods/surface/sol/00015/ids/edr/browse/ncam/NLM_0015_0668288016_786ECM_T0030386NCAM02001_05_4I1J01_320.jpg,https://mars.nasa.gov/mars2020-raw-images/pub/ods/surface/sol/00015/ids/edr/browse/ncam/NLM_0015_0668288016_786ECM_T0030386NCAM02001_05_4I1J01.png,https://mars.nasa.gov/mars2020-raw-images/pub/ods/surface/sol/00015/ids/edr/browse/ncam/NLM_0015_0668288016_786ECM_T0030386NCAM02001_05_4I1J01_1200.jpg,UNK,"(-0.41912471491670433,0.9054369255416023,0.06721939609787098)","(0.894564,0.799584,-1.90465);(-0.514825,0.696307,0.500127);(-191.362,-52.2092,40.1933);(-8.15583,9.24425,220.58);(-0.515937,0.695414,0.500224);(2e-06,0.049535,-0.015973);(-0.003612,0.013016,-0.023961);2.0;0.0","(0.894564,0.799584,-1.90465)",NAVCAM_LEFT,CAHVORE
15,"(0.7156,0.0208675,-0.000370714,0.698199)",NLM_0015_0668288016_786ECM_T0030386NCAM02001_17_4I1J,"NASA's Mars Perseverance rover acquired this image using its onboard Left Navigation Camera (Navcam). The camera is located high on the rover's mast and aids in driving. 

This image was acquired on Mar. 6, 2021 (Sol 15) at the local mean solar time of 16:49:29.",Thumbnail,Sol-00015M16:49:29.038,NASA/JPL-Caltech,2021-03-06T09:40:18.000,https://mars.nasa.gov/rss/api/?feed=raw_images&category=mars2020&feedtype=json&id=NLM_0015_0668288016_786ECM_T0030386NCAM02001_17_4I1J,https://mars.nasa.gov/mars2020/multimedia/raw-images/?id=NLM_0015_0668288016_786ECM_T0030386NCAM02001_17_4I1J,386,Mars Perseverance Sol 15: Left Navigation Camera (Navcam),3,2021-03-06T10:13:12Z,125.668,-29.5597,668288017.820,16,"(31.2262,8.12755,0.398731)","(1273,2873,1296,968)","(81,60)",https://mars.nasa.gov/mars2020-raw-images/pub/ods/surface/sol/00015/ids/edr/browse/ncam/NLM_0015_0668288016_786ECM_T0030386NCAM02001_17_4I1J01_800.jpg,https://mars.nasa.gov/mars2020-raw-images/pub/ods/surface/sol/00015/ids/edr/browse/ncam/NLM_0015_0668288016_786ECM_T0030386NCAM02001_17_4I1J01_320.jpg,https://mars.nasa.gov/mars2020-raw-images/pub/ods/surface/sol/00015/ids/edr/browse/ncam/NLM_0015_0668288016_786ECM_T0030386NCAM02001_17_4I1J01.png,https://mars.nasa.gov/mars2020-raw-images/pub/ods/surface/sol/00015/ids/edr/browse/ncam/NLM_0015_0668288016_786ECM_T0030386NCAM02001_17_4I1J01_1200.jpg,UNK,"(-0.1698615077585817,0.5610792885359575,0.810146344901935)","(0.894564,0.799584,-1.90465);(-0.514825,0.696307,0.500127);(-191.362,-52.2092,40.1933);(84.2553,-115.743,130.807);(-0.515937,0.695414,0.500224);(2e-06,0.049535,-0.015973);(-0.003612,0.013016,-0.023961);2.0;0.0","(0.894564,0.799584,-1.90465)",NAVCAM_LEFT,CAHVORE
15,"(0.7156,0.0208675,-0.000370714,0.698199)",NLM_0015_0668288016_786ECM_T0030386NCAM02001_19_4I1J,"NASA's Mars Perseverance rover acquired this image using its onboard Left Navigation Camera (Navcam). The camera is located high on the rover's mast and aids in driving. 

This image was acquired on Mar. 6, 2021 (Sol 15) at the local mean solar time of 16:49:29.",Thumbnail,Sol-00015M16:49:29.038,NASA/JPL-Caltech,2021-03-06T09:40:18.000,https://mars.nasa.gov/rss/api/?feed=raw_images&category=mars2020&feedtype=json&id=NLM_0015_0668288016_786ECM_T0030386NCAM02001_19_4I1J,https://mars.nasa.gov/mars2020/multimedia/raw-images/?id=NLM_0015_0668288016_786ECM_T0030386NCAM02001_19_4I1J,386,Mars Perseverance Sol 15: Left Navigation Camera (Navcam),3,2021-03-06T10:13:12Z,125.668,-29.5597,668288017.820,16,"(31.2262,8.12755,0.398731)","(3833,2873,1288,968)","(80,60)",https://mars.nasa.gov/mars2020-raw-images/pub/ods/surface/sol/00015/ids/edr/browse/ncam/NLM_0015_0668288016_786ECM_T0030386NCAM02001_19_4I1J01_800.jpg,https://mars.nasa.gov/mars2020-raw-images/pub/ods/surface/sol/00015/ids/edr/browse/ncam/NLM_0015_0668288016_786ECM_T0030386NCAM02001_19_4I1J01_320.jpg,https://mars.nasa.gov/mars2020-raw-images/pub/ods/surface/sol/00015/ids/edr/browse/ncam/NLM_0015_0668288016_786ECM_T0030386NCAM02001_19_4I1J01.png,https://mars.nasa.gov/mars2020-raw-images/pub/ods/surface/sol/00015/ids/edr/browse/ncam/NLM_0015_0668288016_786ECM_T0030386NCAM02001_19_4I1J01_1200.jpg,UNK,"(-0.6941864014878061,0.09657439419418067,0.7132871976808763)","(0.894564,0.799584,-1.90465);(-0.514825,0.696307,0.500127);(-108.99,-163.618,-39.8271);(84.2553,-115.743,130.807);(-0.515937,0.695414,0.500224);(2e-06,0.049535,-0.015973);(-0.003612,0.013016,-0.023961);2.0;0.0","(0.894564,0.799584,-1.90465)",NAVCAM_LEFT,CAHVORE
15,"(0.7156,0.0208675,-0.000370714,0.698199)",NRM_0015_0668288016_786ECM_T0030386NCAM02001_06_4I1J,"NASA's Mars Perseverance rover acquired this image using its onboard Right Navigation Camera (Navcam). The camera is located high on the rover's mast and aids in driving. 

This image was acquired on Mar. 6, 2021 (Sol 15) at the local mean solar time of 16:49:29.",Thumbnail,Sol-00015M16:49:29.038,NASA/JPL-Caltech,2021-03-06T09:40:18.000,https://mars.nasa.gov/rss/api/?feed=raw_images&category=mars2020&feedtype=json&id=NRM_0015_0668288016_786ECM_T0030386NCAM02001_06_4I1J,https://mars.nasa.gov/mars2020/multimedia/raw-images/?id=NRM_0015_0668288016_786ECM_T0030386NCAM02001_06_4I1J,386,Mars Perseverance Sol 15: Right Navigation Camera (Navcam),3,2021-03-06T10:13:12Z,126.051,-29.3567,668288017.733,16,"(31.2262,8.12755,0.398731)","(2553,1,1296,968)","(81,60)",https://mars.nasa.gov/mars2020-raw-images/pub/ods/surface/sol/00015/ids/edr/browse/ncam/NRM_0015_0668288016_786ECM_T0030386NCAM02001_06_4I1J01_800.jpg,https://mars.nasa.gov/mars2020-raw-images/pub/ods/surface/sol/00015/ids/edr/browse/ncam/NRM_0015_0668288016_786ECM_T0030386NCAM02001_06_4I1J01_320.jpg,https://mars.nasa.gov/mars2020-raw-images/pub/ods/surface/sol/00015/ids/edr/browse/ncam/NRM_0015_0668288016_786ECM_T0030386NCAM02001_06_4I1J01.png,https://mars.nasa.gov/mars2020-raw-images/pub/ods/surface/sol/00015/ids/edr/browse/ncam/NRM_0015_0668288016_786ECM_T0030386NCAM02001_06_4I1J01_1200.jpg,UNK,"(-0.7323504791065557,0.6781255405729687,0.06171326417405901)","(0.553144,0.547528,-1.90644);(-0.515082,0.697097,0.498761);(-149.199,-108.519,-0.118186);(-8.44191,10.1157,220.368);(-0.514967,0.697661,0.498091);(0.0,0.05117,-0.018889);(0.001504,0.020873,-0.009439);2.0;0.0","(0.553144,0.547528,-1.90644)",NAVCAM_RIGHT,CAHVORE
15,"(0.7156,0.0208675,-0.000370714,0.698199)",NRM_0015_0668288016_786ECM_T0030386NCAM02001_08_4I1J,"NASA's Mars Perseverance rover acquired this image using its onboard Right Navigation Camera (Navcam). The camera is located high on the rover's mast and aids in driving. 

This image was acquired on Mar. 6, 2021 (Sol 15) at the local mean solar time of 16:49:29.",Thumbnail,Sol-00015M16:49:29.038,NASA/JPL-Caltech,2021-03-06T09:40:16.000,https://mars.nasa.gov/rss/api/?feed=raw_images&category=mars2020&feedtype=json&id=NRM_0015_0668288016_786ECM_T0030386NCAM02001_08_4I1J,https://mars.nasa.gov/mars2020/multimedia/raw-images/?id=NRM_0015_0668288016_786ECM_T0030386NCAM02001_08_4I1J,386,Mars Perseverance Sol 15: Right Navigation Camera (Navcam),3,2021-03-06T10:13:12Z,126.051,-29.3567,668288017.733,16,"(31.2262,8.12755,0.398731)","(1,953,1288,976)","(80,61)",https://mars.nasa.gov/mars2020-raw-images/pub/ods/surface/sol/00015/ids/edr/browse/ncam/NRM_0015_0668288016_786ECM_T0030386NCAM02001_08_4I1J01_800.jpg,https://mars.nasa.gov/mars2020-raw-images/pub/ods/surface/sol/00015/ids/edr/browse/ncam/NRM_0015_0668288016_786ECM_T0030386NCAM02001_08_4I1J01_320.jpg,https://mars.nasa.gov/mars2020-raw-images/pub/ods/surface/sol/00015/ids/edr/browse/ncam/NRM_0015_0668288016_786ECM_T0030386NCAM02001_08_4I1J01.png,https://mars.nasa.gov/mars2020-raw-images/pub/ods/surface/sol/00015/ids/edr/browse/ncam/NRM_0015_0668288016_786ECM_T0030386NCAM02001_08_4I1J01_1200.jpg,UNK,"(-0.03245169982760477,0.9554023280872402,0.2935187875822947)","(0.553144,0.547528,-1.90644);(-0.515082,0.697097,0.498761);(-231.354,2.66779,79.4341);(22.2055,-31.3616,190.692);(-0.514967,0.697661,0.498091);(0.0,0.05117,-0.018889);(0.001504,0.020873,-0.009439);2.0;0.0","(0.553144,0.547528,-1.90644)",NAVCAM_RIGHT,CAHVORE
